image_id,source,alignment_score,authenticity_score,class_id,alignment_norm,authenticity_norm,composite_product_perimage,composite_harmonic_perimage
0,Sys_VAR_ref_200_1,4.85,4.2,4,0.97,0.8400000000000001,0.8148000000000001,0.9003314917127072
0,Sys_VAR_ref_200_2,4.62,3.85,4,0.924,0.77,0.71148,0.8400000000000001
0,Sys_VAR_ref_200_3,4.85,4.72,4,0.97,0.944,0.9156799999999999,0.9568234064785789
0,User_VAR_200_1,5.0,3.0,4,1.0,0.6,0.6,0.7499999999999999
0,User_VAR_200_2,4.44,3.0,4,0.8880000000000001,0.6,0.5328,0.7161290322580646
0,User_VAR_200_3,5.0,3.0,4,1.0,0.6,0.6,0.7499999999999999
1,Sys_VAR_ref_200_1,4.65,1.82,4,0.93,0.364,0.33852,0.5232148377125193
1,Sys_VAR_ref_200_2,4.65,3.82,4,0.93,0.764,0.71052,0.8388665879574971
1,Sys_VAR_ref_200_3,4.62,2.85,4,0.924,0.5700000000000001,0.52668,0.7050602409638553
1,User_VAR_200_1,5.0,3.0,4,1.0,0.6,0.6,0.7499999999999999
1,User_VAR_200_2,4.44,3.0,4,0.8880000000000001,0.6,0.5328,0.7161290322580646
1,User_VAR_200_3,5.0,3.0,4,1.0,0.6,0.6,0.7499999999999999
13,Sys_VAR_ref_200_1,4.82,4.15,7,0.9640000000000001,0.8300000000000001,0.8001200000000002,0.891995540691193
13,Sys_VAR_ref_200_2,4.85,3.65,7,0.97,0.73,0.7081,0.8330588235294117
13,Sys_VAR_ref_200_3,4.82,3.65,7,0.9640000000000001,0.73,0.70372,0.8308382526564345
13,User_VAR_200_1,5.0,4.0,7,1.0,0.8,0.8,0.888888888888889
13,User_VAR_200_2,5.0,4.0,7,1.0,0.8,0.8,0.888888888888889
13,User_VAR_200_3,5.0,5.0,7,1.0,1.0,1.0,1.0
14,Sys_VAR_ref_200_1,4.12,1.5,7,0.8240000000000001,0.3,0.2472,0.43985765124555154
14,Sys_VAR_ref_200_2,4.82,1.5,7,0.9640000000000001,0.3,0.2892,0.45759493670886076
14,Sys_VAR_ref_200_3,4.12,1.5,7,0.8240000000000001,0.3,0.2472,0.43985765124555154
14,User_VAR_200_1,5.0,3.0,7,1.0,0.6,0.6,0.7499999999999999
14,User_VAR_200_2,5.0,2.0,7,1.0,0.4,0.4,0.5714285714285715
14,User_VAR_200_3,5.0,2.0,7,1.0,0.4,0.4,0.5714285714285715
22,Sys_VAR_ref_200_1,4.65,4.98,10,0.93,0.9960000000000001,0.9262800000000001,0.9618691588785047
22,Sys_VAR_ref_200_2,4.85,4.92,10,0.97,0.984,0.95448,0.976949846468782
22,Sys_VAR_ref_200_3,4.15,4.92,10,0.8300000000000001,0.984,0.8167200000000001,0.9004630650496142
22,User_VAR_200_1,4.38,4.0,10,0.876,0.8,0.7008000000000001,0.8362768496420048
22,User_VAR_200_2,4.44,4.0,10,0.8880000000000001,0.8,0.7104000000000001,0.8417061611374408
22,User_VAR_200_3,4.44,4.0,10,0.8880000000000001,0.8,0.7104000000000001,0.8417061611374408
23,Sys_VAR_ref_200_1,4.82,1.5,10,0.9640000000000001,0.3,0.2892,0.45759493670886076
23,Sys_VAR_ref_200_2,4.92,4.85,10,0.984,0.97,0.95448,0.976949846468782
23,Sys_VAR_ref_200_3,4.82,3.65,10,0.9640000000000001,0.73,0.70372,0.8308382526564345
23,User_VAR_200_1,5.0,5.0,10,1.0,1.0,1.0,1.0
23,User_VAR_200_2,4.0,5.0,10,0.8,1.0,0.8,0.888888888888889
23,User_VAR_200_3,4.0,5.0,10,0.8,1.0,0.8,0.888888888888889
31,Sys_VAR_ref_200_1,3.85,4.72,25,0.77,0.944,0.72688,0.8481680280046674
31,Sys_VAR_ref_200_2,3.65,4.15,25,0.73,0.8300000000000001,0.6059,0.7767948717948717
31,Sys_VAR_ref_200_3,4.15,4.82,25,0.8300000000000001,0.9640000000000001,0.8001200000000002,0.891995540691193
31,User_VAR_200_1,5.0,4.0,25,1.0,0.8,0.8,0.888888888888889
31,User_VAR_200_2,5.0,3.0,25,1.0,0.6,0.6,0.7499999999999999
31,User_VAR_200_3,5.0,4.0,25,1.0,0.8,0.8,0.888888888888889
38,Sys_VAR_ref_200_1,4.12,2.0,25,0.8240000000000001,0.4,0.32960000000000006,0.538562091503268
38,Sys_VAR_ref_200_2,4.82,2.0,25,0.9640000000000001,0.4,0.38560000000000005,0.5653958944281525
38,Sys_VAR_ref_200_3,4.85,4.92,25,0.97,0.984,0.95448,0.976949846468782
38,User_VAR_200_1,5.0,5.0,25,1.0,1.0,1.0,1.0
38,User_VAR_200_2,5.0,4.0,25,1.0,0.8,0.8,0.888888888888889
38,User_VAR_200_3,5.0,4.0,25,1.0,0.8,0.8,0.888888888888889
41,Sys_VAR_ref_200_1,4.65,4.2,35,0.93,0.8400000000000001,0.7812000000000001,0.8827118644067797
41,Sys_VAR_ref_200_2,4.65,3.82,35,0.93,0.764,0.71052,0.8388665879574971
41,Sys_VAR_ref_200_3,4.12,3.65,35,0.8240000000000001,0.73,0.60152,0.7741570141570142
41,User_VAR_200_1,4.0,3.0,35,0.8,0.6,0.48,0.6857142857142857
41,User_VAR_200_2,5.0,3.0,35,1.0,0.6,0.6,0.7499999999999999
41,User_VAR_200_3,4.0,3.0,35,0.8,0.6,0.48,0.6857142857142857
46,Sys_VAR_ref_200_1,2.85,2.1,35,0.5700000000000001,0.42000000000000004,0.23940000000000006,0.4836363636363637
46,Sys_VAR_ref_200_2,3.82,2.65,35,0.764,0.53,0.40492,0.6258423493044822
46,Sys_VAR_ref_200_3,2.15,2.85,35,0.43,0.5700000000000001,0.2451,0.4902
46,User_VAR_200_1,5.0,3.0,35,1.0,0.6,0.6,0.7499999999999999
46,User_VAR_200_2,5.0,3.0,35,1.0,0.6,0.6,0.7499999999999999
46,User_VAR_200_3,5.0,2.0,35,1.0,0.4,0.4,0.5714285714285715
50,Sys_VAR_ref_200_1,4.85,4.92,39,0.97,0.984,0.95448,0.976949846468782
50,Sys_VAR_ref_200_2,4.12,2.85,39,0.8240000000000001,0.5700000000000001,0.4696800000000001,0.6738593974175037
50,Sys_VAR_ref_200_3,4.92,5.0,39,0.984,1.0,0.984,0.9919354838709677
50,User_VAR_200_1,5.0,5.0,39,1.0,1.0,1.0,1.0
50,User_VAR_200_2,5.0,3.0,39,1.0,0.6,0.6,0.7499999999999999
50,User_VAR_200_3,5.0,3.0,39,1.0,0.6,0.6,0.7499999999999999
59,Sys_VAR_ref_200_1,3.85,1.5,39,0.77,0.3,0.23099999999999998,0.4317757009345794
59,Sys_VAR_ref_200_2,3.42,1.5,39,0.6839999999999999,0.3,0.20519999999999997,0.41707317073170724
59,Sys_VAR_ref_200_3,3.42,1.5,39,0.6839999999999999,0.3,0.20519999999999997,0.41707317073170724
59,User_VAR_200_1,4.29,3.0,39,0.858,0.6,0.5147999999999999,0.7061728395061727
59,User_VAR_200_2,3.57,3.0,39,0.714,0.6,0.42839999999999995,0.6520547945205478
59,User_VAR_200_3,3.57,3.0,39,0.714,0.6,0.42839999999999995,0.6520547945205478
61,Sys_VAR_ref_200_1,3.42,2.85,49,0.6839999999999999,0.5700000000000001,0.38988,0.6218181818181818
61,Sys_VAR_ref_200_2,3.42,2.85,49,0.6839999999999999,0.5700000000000001,0.38988,0.6218181818181818
61,Sys_VAR_ref_200_3,3.85,3.62,49,0.77,0.724,0.55748,0.7462918340026774
61,User_VAR_200_1,5.0,2.0,49,1.0,0.4,0.4,0.5714285714285715
61,User_VAR_200_2,5.0,2.0,49,1.0,0.4,0.4,0.5714285714285715
61,User_VAR_200_3,5.0,4.0,49,1.0,0.8,0.8,0.888888888888889
63,Sys_VAR_ref_200_1,2.15,3.8,49,0.43,0.76,0.3268,0.5492436974789916
63,Sys_VAR_ref_200_2,2.85,2.1,49,0.5700000000000001,0.42000000000000004,0.23940000000000006,0.4836363636363637
63,Sys_VAR_ref_200_3,2.85,3.15,49,0.5700000000000001,0.63,0.35910000000000003,0.5984999999999999
63,User_VAR_200_1,5.0,2.0,49,1.0,0.4,0.4,0.5714285714285715
63,User_VAR_200_2,5.0,2.0,49,1.0,0.4,0.4,0.5714285714285715
63,User_VAR_200_3,5.0,2.0,49,1.0,0.4,0.4,0.5714285714285715
73,Sys_VAR_ref_200_1,3.45,2.15,51,0.6900000000000001,0.43,0.2967,0.5298214285714286
73,Sys_VAR_ref_200_2,4.12,2.85,51,0.8240000000000001,0.5700000000000001,0.4696800000000001,0.6738593974175037
73,Sys_VAR_ref_200_3,3.42,2.15,51,0.6839999999999999,0.43,0.29412,0.5280430879712747
73,User_VAR_200_1,4.17,5.0,51,0.834,1.0,0.834,0.9094874591057797
73,User_VAR_200_2,5.0,4.0,51,1.0,0.8,0.8,0.888888888888889
73,User_VAR_200_3,5.0,4.0,51,1.0,0.8,0.8,0.888888888888889
78,Sys_VAR_ref_200_1,4.65,1.5,51,0.93,0.3,0.279,0.4536585365853659
78,Sys_VAR_ref_200_2,4.65,3.85,51,0.93,0.77,0.7161000000000001,0.8424705882352941
78,Sys_VAR_ref_200_3,4.65,3.85,51,0.93,0.77,0.7161000000000001,0.8424705882352941
78,User_VAR_200_1,5.0,3.0,51,1.0,0.6,0.6,0.7499999999999999
78,User_VAR_200_2,5.0,4.0,51,1.0,0.8,0.8,0.888888888888889
78,User_VAR_200_3,5.0,4.0,51,1.0,0.8,0.8,0.888888888888889
80,Sys_VAR_ref_200_1,4.85,4.92,52,0.97,0.984,0.95448,0.976949846468782
80,Sys_VAR_ref_200_2,4.92,4.95,52,0.984,0.99,0.97416,0.9869908814589666
80,Sys_VAR_ref_200_3,4.85,4.92,52,0.97,0.984,0.95448,0.976949846468782
80,User_VAR_200_1,5.0,5.0,52,1.0,1.0,1.0,1.0
80,User_VAR_200_2,5.0,5.0,52,1.0,1.0,1.0,1.0
80,User_VAR_200_3,5.0,5.0,52,1.0,1.0,1.0,1.0
89,Sys_VAR_ref_200_1,4.92,4.85,52,0.984,0.97,0.95448,0.976949846468782
89,Sys_VAR_ref_200_2,4.85,4.92,52,0.97,0.984,0.95448,0.976949846468782
89,Sys_VAR_ref_200_3,4.92,4.95,52,0.984,0.99,0.97416,0.9869908814589666
89,User_VAR_200_1,5.0,5.0,52,1.0,1.0,1.0,1.0
89,User_VAR_200_2,5.0,5.0,52,1.0,1.0,1.0,1.0
89,User_VAR_200_3,5.0,5.0,52,1.0,1.0,1.0,1.0
93,Sys_VAR_ref_200_1,4.85,4.72,64,0.97,0.944,0.9156799999999999,0.9568234064785789
93,Sys_VAR_ref_200_2,4.15,3.65,64,0.8300000000000001,0.73,0.6059,0.7767948717948717
93,Sys_VAR_ref_200_3,4.15,2.85,64,0.8300000000000001,0.5700000000000001,0.4731000000000001,0.6758571428571429
93,User_VAR_200_1,5.0,5.0,64,1.0,1.0,1.0,1.0
93,User_VAR_200_2,5.0,4.0,64,1.0,0.8,0.8,0.888888888888889
93,User_VAR_200_3,4.29,4.0,64,0.858,0.8,0.6864,0.8279855247285887
98,Sys_VAR_ref_200_1,4.35,2.85,64,0.8699999999999999,0.5700000000000001,0.4959,0.6887500000000001
98,Sys_VAR_ref_200_2,4.65,3.12,64,0.93,0.624,0.5803200000000001,0.746872586872587
98,Sys_VAR_ref_200_3,4.35,2.85,64,0.8699999999999999,0.5700000000000001,0.4959,0.6887500000000001
98,User_VAR_200_1,5.0,4.0,64,1.0,0.8,0.8,0.888888888888889
98,User_VAR_200_2,5.0,4.0,64,1.0,0.8,0.8,0.888888888888889
98,User_VAR_200_3,5.0,4.0,64,1.0,0.8,0.8,0.888888888888889
106,Sys_VAR_ref_200_1,4.82,1.5,80,0.9640000000000001,0.3,0.2892,0.45759493670886076
106,Sys_VAR_ref_200_2,4.85,3.65,80,0.97,0.73,0.7081,0.8330588235294117
106,Sys_VAR_ref_200_3,4.35,3.65,80,0.8699999999999999,0.73,0.6350999999999999,0.7938749999999999
106,User_VAR_200_1,5.0,4.0,80,1.0,0.8,0.8,0.888888888888889
106,User_VAR_200_2,5.0,4.0,80,1.0,0.8,0.8,0.888888888888889
106,User_VAR_200_3,5.0,4.0,80,1.0,0.8,0.8,0.888888888888889
108,Sys_VAR_ref_200_1,3.85,1.5,80,0.77,0.3,0.23099999999999998,0.4317757009345794
108,Sys_VAR_ref_200_2,4.62,1.5,80,0.924,0.3,0.2772,0.45294117647058824
108,Sys_VAR_ref_200_3,4.15,1.5,80,0.8300000000000001,0.3,0.249,0.44070796460176986
108,User_VAR_200_1,4.17,3.0,80,0.834,0.6,0.5004,0.697907949790795
108,User_VAR_200_2,4.17,4.0,80,0.834,0.8,0.6672,0.8166462668298654
108,User_VAR_200_3,4.17,4.0,80,0.834,0.8,0.6672,0.8166462668298654
113,Sys_VAR_ref_200_1,2.85,3.62,97,0.5700000000000001,0.724,0.41268000000000005,0.6378361669242659
113,Sys_VAR_ref_200_2,2.85,4.12,97,0.5700000000000001,0.8240000000000001,0.4696800000000001,0.6738593974175037
113,Sys_VAR_ref_200_3,1.85,3.0,97,0.37,0.6,0.222,0.45773195876288664
113,User_VAR_200_1,2.5,4.0,97,0.5,0.8,0.4,0.6153846153846154
113,User_VAR_200_2,2.5,4.0,97,0.5,0.8,0.4,0.6153846153846154
113,User_VAR_200_3,2.5,3.0,97,0.5,0.6,0.3,0.5454545454545454
117,Sys_VAR_ref_200_1,4.65,3.85,97,0.93,0.77,0.7161000000000001,0.8424705882352941
117,Sys_VAR_ref_200_2,4.65,3.85,97,0.93,0.77,0.7161000000000001,0.8424705882352941
117,Sys_VAR_ref_200_3,4.65,3.82,97,0.93,0.764,0.71052,0.8388665879574971
117,User_VAR_200_1,5.0,4.0,97,1.0,0.8,0.8,0.888888888888889
117,User_VAR_200_2,5.0,4.0,97,1.0,0.8,0.8,0.888888888888889
117,User_VAR_200_3,5.0,4.0,97,1.0,0.8,0.8,0.888888888888889
124,Sys_VAR_ref_200_1,4.85,3.75,106,0.97,0.75,0.7275,0.8459302325581396
124,Sys_VAR_ref_200_2,4.92,4.85,106,0.984,0.97,0.95448,0.976949846468782
124,Sys_VAR_ref_200_3,4.85,3.65,106,0.97,0.73,0.7081,0.8330588235294117
124,User_VAR_200_1,5.0,5.0,106,1.0,1.0,1.0,1.0
124,User_VAR_200_2,5.0,5.0,106,1.0,1.0,1.0,1.0
124,User_VAR_200_3,5.0,5.0,106,1.0,1.0,1.0,1.0
129,Sys_VAR_ref_200_1,4.85,1.5,106,0.97,0.3,0.291,0.458267716535433
129,Sys_VAR_ref_200_2,4.65,1.5,106,0.93,0.3,0.279,0.4536585365853659
129,Sys_VAR_ref_200_3,4.85,4.92,106,0.97,0.984,0.95448,0.976949846468782
129,User_VAR_200_1,5.0,5.0,106,1.0,1.0,1.0,1.0
129,User_VAR_200_2,5.0,4.0,106,1.0,0.8,0.8,0.888888888888889
129,User_VAR_200_3,5.0,4.0,106,1.0,0.8,0.8,0.888888888888889
130,Sys_VAR_ref_200_1,4.92,4.85,116,0.984,0.97,0.95448,0.976949846468782
130,Sys_VAR_ref_200_2,4.12,3.65,116,0.8240000000000001,0.73,0.60152,0.7741570141570142
130,Sys_VAR_ref_200_3,4.68,3.42,116,0.9359999999999999,0.6839999999999999,0.6402239999999999,0.7904
130,User_VAR_200_1,5.0,5.0,116,1.0,1.0,1.0,1.0
130,User_VAR_200_2,5.0,5.0,116,1.0,1.0,1.0,1.0
130,User_VAR_200_3,5.0,5.0,116,1.0,1.0,1.0,1.0
132,Sys_VAR_ref_200_1,4.65,3.85,116,0.93,0.77,0.7161000000000001,0.8424705882352941
132,Sys_VAR_ref_200_2,4.85,4.6,116,0.97,0.9199999999999999,0.8923999999999999,0.9443386243386243
132,Sys_VAR_ref_200_3,4.65,2.85,116,0.93,0.5700000000000001,0.5301000000000001,0.7068000000000002
132,User_VAR_200_1,5.0,4.0,116,1.0,0.8,0.8,0.888888888888889
132,User_VAR_200_2,5.0,4.0,116,1.0,0.8,0.8,0.888888888888889
132,User_VAR_200_3,5.0,5.0,116,1.0,1.0,1.0,1.0
145,Sys_VAR_ref_200_1,3.85,2.65,118,0.77,0.53,0.4081,0.6278461538461538
145,Sys_VAR_ref_200_2,4.15,2.85,118,0.8300000000000001,0.5700000000000001,0.4731000000000001,0.6758571428571429
145,Sys_VAR_ref_200_3,3.85,2.65,118,0.77,0.53,0.4081,0.6278461538461538
145,User_VAR_200_1,3.33,2.0,118,0.666,0.4,0.2664,0.499812382739212
145,User_VAR_200_2,3.12,2.0,118,0.624,0.4,0.24960000000000002,0.48750000000000004
145,User_VAR_200_3,3.12,3.0,118,0.624,0.6,0.3744,0.611764705882353
146,Sys_VAR_ref_200_1,4.65,2.85,118,0.93,0.5700000000000001,0.5301000000000001,0.7068000000000002
146,Sys_VAR_ref_200_2,2.15,1.2,118,0.43,0.24,0.1032,0.30805970149253736
146,Sys_VAR_ref_200_3,3.85,4.12,118,0.77,0.8240000000000001,0.63448,0.7960853199498118
146,User_VAR_200_1,3.75,2.0,118,0.75,0.4,0.30000000000000004,0.5217391304347827
146,User_VAR_200_2,3.75,2.0,118,0.75,0.4,0.30000000000000004,0.5217391304347827
146,User_VAR_200_3,3.75,2.0,118,0.75,0.4,0.30000000000000004,0.5217391304347827
152,Sys_VAR_ref_200_1,3.85,2.0,129,0.77,0.4,0.30800000000000005,0.5264957264957266
152,Sys_VAR_ref_200_2,4.12,2.0,129,0.8240000000000001,0.4,0.32960000000000006,0.538562091503268
152,Sys_VAR_ref_200_3,4.12,2.0,129,0.8240000000000001,0.4,0.32960000000000006,0.538562091503268
152,User_VAR_200_1,3.57,4.0,129,0.714,0.8,0.5712,0.7545574636723911
152,User_VAR_200_2,3.57,2.0,129,0.714,0.4,0.2856,0.5127468581687613
152,User_VAR_200_3,3.57,4.0,129,0.714,0.8,0.5712,0.7545574636723911
154,Sys_VAR_ref_200_1,3.85,2.65,129,0.77,0.53,0.4081,0.6278461538461538
154,Sys_VAR_ref_200_2,4.85,3.6,129,0.97,0.72,0.6983999999999999,0.8265088757396449
154,Sys_VAR_ref_200_3,4.12,3.68,129,0.8240000000000001,0.736,0.606464,0.7775179487179487
154,User_VAR_200_1,5.0,4.0,129,1.0,0.8,0.8,0.888888888888889
154,User_VAR_200_2,3.75,4.0,129,0.75,0.8,0.6000000000000001,0.7741935483870969
154,User_VAR_200_3,3.75,4.0,129,0.75,0.8,0.6000000000000001,0.7741935483870969
163,Sys_VAR_ref_200_1,4.12,1.5,144,0.8240000000000001,0.3,0.2472,0.43985765124555154
163,Sys_VAR_ref_200_2,4.62,2.85,144,0.924,0.5700000000000001,0.52668,0.7050602409638553
163,Sys_VAR_ref_200_3,4.82,3.65,144,0.9640000000000001,0.73,0.70372,0.8308382526564345
163,User_VAR_200_1,5.0,3.0,144,1.0,0.6,0.6,0.7499999999999999
163,User_VAR_200_2,5.0,3.0,144,1.0,0.6,0.6,0.7499999999999999
163,User_VAR_200_3,5.0,3.0,144,1.0,0.6,0.6,0.7499999999999999
165,Sys_VAR_ref_200_1,2.85,1.5,144,0.5700000000000001,0.3,0.171,0.3931034482758621
165,Sys_VAR_ref_200_2,2.85,1.5,144,0.5700000000000001,0.3,0.171,0.3931034482758621
165,Sys_VAR_ref_200_3,2.85,1.5,144,0.5700000000000001,0.3,0.171,0.3931034482758621
165,User_VAR_200_1,3.89,2.0,144,0.778,0.4,0.31120000000000003,0.5283531409168082
165,User_VAR_200_2,3.89,3.0,144,0.778,0.6,0.4668,0.6775036284470246
165,User_VAR_200_3,3.89,2.0,144,0.778,0.4,0.31120000000000003,0.5283531409168082
171,Sys_VAR_ref_200_1,4.85,3.72,147,0.97,0.744,0.72168,0.842100350058343
171,Sys_VAR_ref_200_2,4.85,3.72,147,0.97,0.744,0.72168,0.842100350058343
171,Sys_VAR_ref_200_3,4.85,3.72,147,0.97,0.744,0.72168,0.842100350058343
171,User_VAR_200_1,5.0,2.0,147,1.0,0.4,0.4,0.5714285714285715
171,User_VAR_200_2,5.0,2.0,147,1.0,0.4,0.4,0.5714285714285715
171,User_VAR_200_3,5.0,4.0,147,1.0,0.8,0.8,0.888888888888889
179,Sys_VAR_ref_200_1,2.85,1.92,147,0.5700000000000001,0.384,0.21888000000000002,0.4588679245283019
179,Sys_VAR_ref_200_2,4.12,2.35,147,0.8240000000000001,0.47000000000000003,0.38728000000000007,0.5985780525502319
179,Sys_VAR_ref_200_3,4.85,2.3,147,0.97,0.45999999999999996,0.44619999999999993,0.624055944055944
179,User_VAR_200_1,5.0,3.0,147,1.0,0.6,0.6,0.7499999999999999
179,User_VAR_200_2,2.5,2.0,147,0.5,0.4,0.2,0.4444444444444445
179,User_VAR_200_3,2.5,2.0,147,0.5,0.4,0.2,0.4444444444444445
181,Sys_VAR_ref_200_1,4.12,2.0,150,0.8240000000000001,0.4,0.32960000000000006,0.538562091503268
181,Sys_VAR_ref_200_2,4.12,2.0,150,0.8240000000000001,0.4,0.32960000000000006,0.538562091503268
181,Sys_VAR_ref_200_3,4.62,2.0,150,0.924,0.4,0.36960000000000004,0.5583081570996979
181,User_VAR_200_1,3.89,3.0,150,0.778,0.6,0.4668,0.6775036284470246
181,User_VAR_200_2,3.89,3.0,150,0.778,0.6,0.4668,0.6775036284470246
181,User_VAR_200_3,3.57,3.0,150,0.714,0.6,0.42839999999999995,0.6520547945205478
186,Sys_VAR_ref_200_1,4.62,3.85,150,0.924,0.77,0.71148,0.8400000000000001
186,Sys_VAR_ref_200_2,4.12,3.85,150,0.8240000000000001,0.77,0.63448,0.7960853199498118
186,Sys_VAR_ref_200_3,4.15,3.25,150,0.8300000000000001,0.65,0.5395000000000001,0.7290540540540542
186,User_VAR_200_1,5.0,4.0,150,1.0,0.8,0.8,0.888888888888889
186,User_VAR_200_2,5.0,4.0,150,1.0,0.8,0.8,0.888888888888889
186,User_VAR_200_3,5.0,5.0,150,1.0,1.0,1.0,1.0
195,Sys_VAR_ref_200_1,4.62,3.45,156,0.924,0.6900000000000001,0.6375600000000001,0.7900371747211897
195,Sys_VAR_ref_200_2,4.62,3.85,156,0.924,0.77,0.71148,0.8400000000000001
195,Sys_VAR_ref_200_3,4.35,3.85,156,0.8699999999999999,0.77,0.6698999999999999,0.8169512195121951
195,User_VAR_200_1,5.0,4.0,156,1.0,0.8,0.8,0.888888888888889
195,User_VAR_200_2,5.0,4.0,156,1.0,0.8,0.8,0.888888888888889
195,User_VAR_200_3,5.0,4.0,156,1.0,0.8,0.8,0.888888888888889
199,Sys_VAR_ref_200_1,4.12,2.0,156,0.8240000000000001,0.4,0.32960000000000006,0.538562091503268
199,Sys_VAR_ref_200_2,4.15,2.0,156,0.8300000000000001,0.4,0.3320000000000001,0.5398373983739838
199,Sys_VAR_ref_200_3,4.12,2.0,156,0.8240000000000001,0.4,0.32960000000000006,0.538562091503268
199,User_VAR_200_1,5.0,3.0,156,1.0,0.6,0.6,0.7499999999999999
199,User_VAR_200_2,4.29,2.0,156,0.858,0.4,0.3432,0.5456279809220985
199,User_VAR_200_3,5.0,2.0,156,1.0,0.4,0.4,0.5714285714285715
204,Sys_VAR_ref_200_1,4.82,3.65,159,0.9640000000000001,0.73,0.70372,0.8308382526564345
204,Sys_VAR_ref_200_2,4.12,3.85,159,0.8240000000000001,0.77,0.63448,0.7960853199498118
204,Sys_VAR_ref_200_3,4.15,3.85,159,0.8300000000000001,0.77,0.6391000000000001,0.7988750000000001
204,User_VAR_200_1,5.0,4.0,159,1.0,0.8,0.8,0.888888888888889
204,User_VAR_200_2,5.0,4.0,159,1.0,0.8,0.8,0.888888888888889
204,User_VAR_200_3,5.0,4.0,159,1.0,0.8,0.8,0.888888888888889
209,Sys_VAR_ref_200_1,3.82,2.0,159,0.764,0.4,0.30560000000000004,0.525085910652921
209,Sys_VAR_ref_200_2,3.82,2.0,159,0.764,0.4,0.30560000000000004,0.525085910652921
209,Sys_VAR_ref_200_3,3.82,2.0,159,0.764,0.4,0.30560000000000004,0.525085910652921
209,User_VAR_200_1,5.0,2.0,159,1.0,0.4,0.4,0.5714285714285715
209,User_VAR_200_2,5.0,3.0,159,1.0,0.6,0.6,0.7499999999999999
209,User_VAR_200_3,5.0,3.0,159,1.0,0.6,0.6,0.7499999999999999
210,Sys_VAR_ref_200_1,3.65,1.5,281,0.73,0.3,0.219,0.42524271844660194
210,Sys_VAR_ref_200_2,3.85,1.5,281,0.77,0.3,0.23099999999999998,0.4317757009345794
210,Sys_VAR_ref_200_3,3.85,1.5,281,0.77,0.3,0.23099999999999998,0.4317757009345794
210,User_VAR_200_1,5.0,4.0,281,1.0,0.8,0.8,0.888888888888889
210,User_VAR_200_2,5.0,2.0,281,1.0,0.4,0.4,0.5714285714285715
210,User_VAR_200_3,4.0,4.0,281,0.8,0.8,0.6400000000000001,0.8000000000000002
217,Sys_VAR_ref_200_1,4.12,1.5,281,0.8240000000000001,0.3,0.2472,0.43985765124555154
217,Sys_VAR_ref_200_2,4.65,1.5,281,0.93,0.3,0.279,0.4536585365853659
217,Sys_VAR_ref_200_3,4.85,1.5,281,0.97,0.3,0.291,0.458267716535433
217,User_VAR_200_1,5.0,2.0,281,1.0,0.4,0.4,0.5714285714285715
217,User_VAR_200_2,5.0,3.0,281,1.0,0.6,0.6,0.7499999999999999
217,User_VAR_200_3,5.0,3.0,281,1.0,0.6,0.6,0.7499999999999999
221,Sys_VAR_ref_200_1,4.98,4.95,300,0.9960000000000001,0.99,0.9860400000000001,0.9929909365558913
221,Sys_VAR_ref_200_2,4.98,4.95,300,0.9960000000000001,0.99,0.9860400000000001,0.9929909365558913
221,Sys_VAR_ref_200_3,4.98,4.95,300,0.9960000000000001,0.99,0.9860400000000001,0.9929909365558913
221,User_VAR_200_1,5.0,5.0,300,1.0,1.0,1.0,1.0
221,User_VAR_200_2,5.0,5.0,300,1.0,1.0,1.0,1.0
221,User_VAR_200_3,5.0,5.0,300,1.0,1.0,1.0,1.0
228,Sys_VAR_ref_200_1,4.92,4.85,300,0.984,0.97,0.95448,0.976949846468782
228,Sys_VAR_ref_200_2,4.65,4.12,300,0.93,0.8240000000000001,0.7663200000000001,0.8737970353477766
228,Sys_VAR_ref_200_3,4.92,4.85,300,0.984,0.97,0.95448,0.976949846468782
228,User_VAR_200_1,4.38,5.0,300,0.876,1.0,0.876,0.933901918976546
228,User_VAR_200_2,4.38,5.0,300,0.876,1.0,0.876,0.933901918976546
228,User_VAR_200_3,5.0,4.0,300,1.0,0.8,0.8,0.888888888888889
231,Sys_VAR_ref_200_1,4.63,2.85,322,0.9259999999999999,0.5700000000000001,0.5278200000000001,0.7056417112299466
231,Sys_VAR_ref_200_2,4.62,2.85,322,0.924,0.5700000000000001,0.52668,0.7050602409638553
231,Sys_VAR_ref_200_3,4.65,3.85,322,0.93,0.77,0.7161000000000001,0.8424705882352941
231,User_VAR_200_1,5.0,4.0,322,1.0,0.8,0.8,0.888888888888889
231,User_VAR_200_2,5.0,4.0,322,1.0,0.8,0.8,0.888888888888889
231,User_VAR_200_3,5.0,4.0,322,1.0,0.8,0.8,0.888888888888889
236,Sys_VAR_ref_200_1,4.65,3.8,322,0.93,0.76,0.7068000000000001,0.8364497041420119
236,Sys_VAR_ref_200_2,4.85,3.65,322,0.97,0.73,0.7081,0.8330588235294117
236,Sys_VAR_ref_200_3,4.65,2.85,322,0.93,0.5700000000000001,0.5301000000000001,0.7068000000000002
236,User_VAR_200_1,5.0,3.0,322,1.0,0.6,0.6,0.7499999999999999
236,User_VAR_200_2,5.0,3.0,322,1.0,0.6,0.6,0.7499999999999999
236,User_VAR_200_3,5.0,3.0,322,1.0,0.6,0.6,0.7499999999999999
244,Sys_VAR_ref_200_1,4.72,3.0,330,0.944,0.6,0.5663999999999999,0.7336787564766838
244,Sys_VAR_ref_200_2,4.35,3.0,330,0.8699999999999999,0.6,0.5219999999999999,0.710204081632653
244,Sys_VAR_ref_200_3,4.35,2.85,330,0.8699999999999999,0.5700000000000001,0.4959,0.6887500000000001
244,User_VAR_200_1,4.29,2.0,330,0.858,0.4,0.3432,0.5456279809220985
244,User_VAR_200_2,5.0,2.0,330,1.0,0.4,0.4,0.5714285714285715
244,User_VAR_200_3,5.0,2.0,330,1.0,0.4,0.4,0.5714285714285715
248,Sys_VAR_ref_200_1,3.82,1.5,330,0.764,0.3,0.2292,0.4308270676691729
248,Sys_VAR_ref_200_2,4.12,1.5,330,0.8240000000000001,0.3,0.2472,0.43985765124555154
248,Sys_VAR_ref_200_3,3.85,1.5,330,0.77,0.3,0.23099999999999998,0.4317757009345794
248,User_VAR_200_1,5.0,4.0,330,1.0,0.8,0.8,0.888888888888889
248,User_VAR_200_2,5.0,4.0,330,1.0,0.8,0.8,0.888888888888889
248,User_VAR_200_3,5.0,4.0,330,1.0,0.8,0.8,0.888888888888889
255,Sys_VAR_ref_200_1,2.15,1.5,333,0.43,0.3,0.129,0.35342465753424657
255,Sys_VAR_ref_200_2,1.85,1.5,333,0.37,0.3,0.111,0.3313432835820896
255,Sys_VAR_ref_200_3,2.15,1.5,333,0.43,0.3,0.129,0.35342465753424657
255,User_VAR_200_1,1.67,2.0,333,0.33399999999999996,0.4,0.1336,0.3640326975476839
255,User_VAR_200_2,1.67,2.0,333,0.33399999999999996,0.4,0.1336,0.3640326975476839
255,User_VAR_200_3,1.67,2.0,333,0.33399999999999996,0.4,0.1336,0.3640326975476839
259,Sys_VAR_ref_200_1,3.45,1.5,333,0.6900000000000001,0.3,0.20700000000000002,0.4181818181818182
259,Sys_VAR_ref_200_2,3.45,1.5,333,0.6900000000000001,0.3,0.20700000000000002,0.4181818181818182
259,Sys_VAR_ref_200_3,3.45,1.5,333,0.6900000000000001,0.3,0.20700000000000002,0.4181818181818182
259,User_VAR_200_1,5.0,2.0,333,1.0,0.4,0.4,0.5714285714285715
259,User_VAR_200_2,5.0,3.0,333,1.0,0.6,0.6,0.7499999999999999
259,User_VAR_200_3,5.0,3.0,333,1.0,0.6,0.6,0.7499999999999999
263,Sys_VAR_ref_200_1,2.85,1.92,339,0.5700000000000001,0.384,0.21888000000000002,0.4588679245283019
263,Sys_VAR_ref_200_2,2.85,1.92,339,0.5700000000000001,0.384,0.21888000000000002,0.4588679245283019
263,Sys_VAR_ref_200_3,2.15,1.85,339,0.43,0.37,0.1591,0.39774999999999994
263,User_VAR_200_1,1.25,2.0,339,0.25,0.4,0.1,0.3076923076923077
263,User_VAR_200_2,1.25,2.0,339,0.25,0.4,0.1,0.3076923076923077
263,User_VAR_200_3,1.25,2.0,339,0.25,0.4,0.1,0.3076923076923077
269,Sys_VAR_ref_200_1,4.85,2.0,339,0.97,0.4,0.388,0.5664233576642336
269,Sys_VAR_ref_200_2,4.85,2.0,339,0.97,0.4,0.388,0.5664233576642336
269,Sys_VAR_ref_200_3,4.85,2.0,339,0.97,0.4,0.388,0.5664233576642336
269,User_VAR_200_1,5.0,5.0,339,1.0,1.0,1.0,1.0
269,User_VAR_200_2,5.0,5.0,339,1.0,1.0,1.0,1.0
269,User_VAR_200_3,5.0,2.0,339,1.0,0.4,0.4,0.5714285714285715
270,Sys_VAR_ref_200_1,4.92,4.35,347,0.984,0.8699999999999999,0.8560799999999998,0.9234951456310678
270,Sys_VAR_ref_200_2,4.92,4.35,347,0.984,0.8699999999999999,0.8560799999999998,0.9234951456310678
270,Sys_VAR_ref_200_3,4.92,3.85,347,0.984,0.77,0.75768,0.863945267958951
270,User_VAR_200_1,5.0,4.0,347,1.0,0.8,0.8,0.888888888888889
270,User_VAR_200_2,5.0,4.0,347,1.0,0.8,0.8,0.888888888888889
270,User_VAR_200_3,5.0,4.0,347,1.0,0.8,0.8,0.888888888888889
271,Sys_VAR_ref_200_1,4.85,3.6,347,0.97,0.72,0.6983999999999999,0.8265088757396449
271,Sys_VAR_ref_200_2,4.85,1.5,347,0.97,0.3,0.291,0.458267716535433
271,Sys_VAR_ref_200_3,4.92,4.95,347,0.984,0.99,0.97416,0.9869908814589666
271,User_VAR_200_1,5.0,2.0,347,1.0,0.4,0.4,0.5714285714285715
271,User_VAR_200_2,5.0,4.0,347,1.0,0.8,0.8,0.888888888888889
271,User_VAR_200_3,5.0,4.0,347,1.0,0.8,0.8,0.888888888888889
283,Sys_VAR_ref_200_1,4.95,4.98,356,0.99,0.9960000000000001,0.9860400000000001,0.9929909365558913
283,Sys_VAR_ref_200_2,4.85,4.92,356,0.97,0.984,0.95448,0.976949846468782
283,Sys_VAR_ref_200_3,4.85,4.92,356,0.97,0.984,0.95448,0.976949846468782
283,User_VAR_200_1,5.0,4.0,356,1.0,0.8,0.8,0.888888888888889
283,User_VAR_200_2,5.0,4.0,356,1.0,0.8,0.8,0.888888888888889
283,User_VAR_200_3,5.0,4.0,356,1.0,0.8,0.8,0.888888888888889
284,Sys_VAR_ref_200_1,4.85,3.0,356,0.97,0.6,0.582,0.7414012738853504
284,Sys_VAR_ref_200_2,4.85,3.0,356,0.97,0.6,0.582,0.7414012738853504
284,Sys_VAR_ref_200_3,4.85,3.0,356,0.97,0.6,0.582,0.7414012738853504
284,User_VAR_200_1,5.0,3.0,356,1.0,0.6,0.6,0.7499999999999999
284,User_VAR_200_2,5.0,5.0,356,1.0,1.0,1.0,1.0
284,User_VAR_200_3,5.0,3.0,356,1.0,0.6,0.6,0.7499999999999999
291,Sys_VAR_ref_200_1,4.82,3.65,365,0.9640000000000001,0.73,0.70372,0.8308382526564345
291,Sys_VAR_ref_200_2,3.85,3.65,365,0.77,0.73,0.5621,0.7494666666666667
291,Sys_VAR_ref_200_3,4.15,3.85,365,0.8300000000000001,0.77,0.6391000000000001,0.7988750000000001
291,User_VAR_200_1,5.0,4.0,365,1.0,0.8,0.8,0.888888888888889
291,User_VAR_200_2,5.0,2.0,365,1.0,0.4,0.4,0.5714285714285715
291,User_VAR_200_3,5.0,2.0,365,1.0,0.4,0.4,0.5714285714285715
293,Sys_VAR_ref_200_1,4.12,2.0,365,0.8240000000000001,0.4,0.32960000000000006,0.538562091503268
293,Sys_VAR_ref_200_2,4.12,2.0,365,0.8240000000000001,0.4,0.32960000000000006,0.538562091503268
293,Sys_VAR_ref_200_3,4.65,2.0,365,0.93,0.4,0.37200000000000005,0.5593984962406016
293,User_VAR_200_1,4.17,2.0,365,0.834,0.4,0.3336,0.5406807131280389
293,User_VAR_200_2,4.38,2.0,365,0.876,0.4,0.35040000000000004,0.5492163009404389
293,User_VAR_200_3,5.0,3.0,365,1.0,0.6,0.6,0.7499999999999999
301,Sys_VAR_ref_200_1,4.68,3.42,370,0.9359999999999999,0.6839999999999999,0.6402239999999999,0.7904
301,Sys_VAR_ref_200_2,4.62,3.85,370,0.924,0.77,0.71148,0.8400000000000001
301,Sys_VAR_ref_200_3,4.65,3.2,370,0.93,0.64,0.5952000000000001,0.7582165605095542
301,User_VAR_200_1,5.0,4.0,370,1.0,0.8,0.8,0.888888888888889
301,User_VAR_200_2,5.0,3.0,370,1.0,0.6,0.6,0.7499999999999999
301,User_VAR_200_3,5.0,3.0,370,1.0,0.6,0.6,0.7499999999999999
306,Sys_VAR_ref_200_1,3.85,2.0,370,0.77,0.4,0.30800000000000005,0.5264957264957266
306,Sys_VAR_ref_200_2,4.15,2.0,370,0.8300000000000001,0.4,0.3320000000000001,0.5398373983739838
306,Sys_VAR_ref_200_3,4.12,2.0,370,0.8240000000000001,0.4,0.32960000000000006,0.538562091503268
306,User_VAR_200_1,5.0,2.0,370,1.0,0.4,0.4,0.5714285714285715
306,User_VAR_200_2,5.0,4.0,370,1.0,0.8,0.8,0.888888888888889
306,User_VAR_200_3,5.0,2.0,370,1.0,0.4,0.4,0.5714285714285715
314,Sys_VAR_ref_200_1,4.12,3.85,389,0.8240000000000001,0.77,0.63448,0.7960853199498118
314,Sys_VAR_ref_200_2,2.85,3.62,389,0.5700000000000001,0.724,0.41268000000000005,0.6378361669242659
314,Sys_VAR_ref_200_3,2.85,2.1,389,0.5700000000000001,0.42000000000000004,0.23940000000000006,0.4836363636363637
314,User_VAR_200_1,3.33,3.0,389,0.666,0.6,0.3996,0.6312796208530805
314,User_VAR_200_2,3.89,3.0,389,0.778,0.6,0.4668,0.6775036284470246
314,User_VAR_200_3,3.89,2.0,389,0.778,0.4,0.31120000000000003,0.5283531409168082
317,Sys_VAR_ref_200_1,1.85,2.0,389,0.37,0.4,0.148,0.3844155844155844
317,Sys_VAR_ref_200_2,1.42,2.0,389,0.284,0.4,0.11359999999999999,0.3321637426900585
317,Sys_VAR_ref_200_3,1.15,2.0,389,0.22999999999999998,0.4,0.092,0.2920634920634921
317,User_VAR_200_1,1.67,2.0,389,0.33399999999999996,0.4,0.1336,0.3640326975476839
317,User_VAR_200_2,1.67,5.0,389,0.33399999999999996,1.0,0.33399999999999996,0.5007496251874062
317,User_VAR_200_3,1.11,5.0,389,0.22200000000000003,1.0,0.22200000000000003,0.3633387888707038
323,Sys_VAR_ref_200_1,4.65,3.82,392,0.93,0.764,0.71052,0.8388665879574971
323,Sys_VAR_ref_200_2,4.65,2.85,392,0.93,0.5700000000000001,0.5301000000000001,0.7068000000000002
323,Sys_VAR_ref_200_3,4.15,3.2,392,0.8300000000000001,0.64,0.5312,0.7227210884353741
323,User_VAR_200_1,4.29,3.0,392,0.858,0.6,0.5147999999999999,0.7061728395061727
323,User_VAR_200_2,4.29,3.0,392,0.858,0.6,0.5147999999999999,0.7061728395061727
323,User_VAR_200_3,4.29,3.0,392,0.858,0.6,0.5147999999999999,0.7061728395061727
326,Sys_VAR_ref_200_1,4.85,3.72,392,0.97,0.744,0.72168,0.842100350058343
326,Sys_VAR_ref_200_2,4.72,2.85,392,0.944,0.5700000000000001,0.53808,0.7108058124174372
326,Sys_VAR_ref_200_3,4.72,3.85,392,0.944,0.77,0.72688,0.8481680280046674
326,User_VAR_200_1,5.0,4.0,392,1.0,0.8,0.8,0.888888888888889
326,User_VAR_200_2,5.0,2.0,392,1.0,0.4,0.4,0.5714285714285715
326,User_VAR_200_3,5.0,2.0,392,1.0,0.4,0.4,0.5714285714285715
335,Sys_VAR_ref_200_1,4.85,4.92,394,0.97,0.984,0.95448,0.976949846468782
335,Sys_VAR_ref_200_2,4.72,2.0,394,0.944,0.4,0.3776,0.5619047619047619
335,Sys_VAR_ref_200_3,4.85,4.92,394,0.97,0.984,0.95448,0.976949846468782
335,User_VAR_200_1,5.0,2.0,394,1.0,0.4,0.4,0.5714285714285715
335,User_VAR_200_2,5.0,2.0,394,1.0,0.4,0.4,0.5714285714285715
335,User_VAR_200_3,5.0,5.0,394,1.0,1.0,1.0,1.0
339,Sys_VAR_ref_200_1,4.65,4.82,394,0.93,0.9640000000000001,0.8965200000000001,0.9466948257655755
339,Sys_VAR_ref_200_2,4.12,2.85,394,0.8240000000000001,0.5700000000000001,0.4696800000000001,0.6738593974175037
339,Sys_VAR_ref_200_3,4.12,3.85,394,0.8240000000000001,0.77,0.63448,0.7960853199498118
339,User_VAR_200_1,4.17,3.0,394,0.834,0.6,0.5004,0.697907949790795
339,User_VAR_200_2,4.17,5.0,394,0.834,1.0,0.834,0.9094874591057797
339,User_VAR_200_3,5.0,2.0,394,1.0,0.4,0.4,0.5714285714285715
343,Sys_VAR_ref_200_1,4.85,3.65,396,0.97,0.73,0.7081,0.8330588235294117
343,Sys_VAR_ref_200_2,4.72,3.65,396,0.944,0.73,0.68912,0.8233213859020311
343,Sys_VAR_ref_200_3,4.72,3.85,396,0.944,0.77,0.72688,0.8481680280046674
343,User_VAR_200_1,5.0,4.0,396,1.0,0.8,0.8,0.888888888888889
343,User_VAR_200_2,5.0,4.0,396,1.0,0.8,0.8,0.888888888888889
343,User_VAR_200_3,5.0,4.0,396,1.0,0.8,0.8,0.888888888888889
344,Sys_VAR_ref_200_1,4.72,3.85,396,0.944,0.77,0.72688,0.8481680280046674
344,Sys_VAR_ref_200_2,4.15,2.85,396,0.8300000000000001,0.5700000000000001,0.4731000000000001,0.6758571428571429
344,Sys_VAR_ref_200_3,4.35,2.65,396,0.8699999999999999,0.53,0.46109999999999995,0.6587142857142857
344,User_VAR_200_1,3.57,3.0,396,0.714,0.6,0.42839999999999995,0.6520547945205478
344,User_VAR_200_2,3.57,3.0,396,0.714,0.6,0.42839999999999995,0.6520547945205478
344,User_VAR_200_3,4.17,4.0,396,0.834,0.8,0.6672,0.8166462668298654
351,Sys_VAR_ref_200_1,4.12,3.65,400,0.8240000000000001,0.73,0.60152,0.7741570141570142
351,Sys_VAR_ref_200_2,4.85,3.72,400,0.97,0.744,0.72168,0.842100350058343
351,Sys_VAR_ref_200_3,4.15,3.25,400,0.8300000000000001,0.65,0.5395000000000001,0.7290540540540542
351,User_VAR_200_1,5.0,2.0,400,1.0,0.4,0.4,0.5714285714285715
351,User_VAR_200_2,5.0,4.0,400,1.0,0.8,0.8,0.888888888888889
351,User_VAR_200_3,5.0,4.0,400,1.0,0.8,0.8,0.888888888888889
352,Sys_VAR_ref_200_1,4.65,1.5,400,0.93,0.3,0.279,0.4536585365853659
352,Sys_VAR_ref_200_2,4.85,3.65,400,0.97,0.73,0.7081,0.8330588235294117
352,Sys_VAR_ref_200_3,4.85,1.5,400,0.97,0.3,0.291,0.458267716535433
352,User_VAR_200_1,5.0,3.0,400,1.0,0.6,0.6,0.7499999999999999
352,User_VAR_200_2,4.44,3.0,400,0.8880000000000001,0.6,0.5328,0.7161290322580646
352,User_VAR_200_3,4.44,2.0,400,0.8880000000000001,0.4,0.35520000000000007,0.5515527950310559
363,Sys_VAR_ref_200_1,4.12,2.85,405,0.8240000000000001,0.5700000000000001,0.4696800000000001,0.6738593974175037
363,Sys_VAR_ref_200_2,4.85,2.1,405,0.97,0.42000000000000004,0.40740000000000004,0.5861870503597122
363,Sys_VAR_ref_200_3,3.85,2.1,405,0.77,0.42000000000000004,0.3234,0.5435294117647059
363,User_VAR_200_1,4.44,3.0,405,0.8880000000000001,0.6,0.5328,0.7161290322580646
363,User_VAR_200_2,4.44,2.0,405,0.8880000000000001,0.4,0.35520000000000007,0.5515527950310559
363,User_VAR_200_3,2.78,2.0,405,0.5559999999999999,0.4,0.2224,0.46527196652719666
368,Sys_VAR_ref_200_1,2.85,2.15,405,0.5700000000000001,0.43,0.2451,0.4902
368,Sys_VAR_ref_200_2,2.85,2.6,405,0.5700000000000001,0.52,0.29640000000000005,0.5438532110091744
368,Sys_VAR_ref_200_3,2.85,2.4,405,0.5700000000000001,0.48,0.2736,0.5211428571428571
368,User_VAR_200_1,2.22,3.0,405,0.44400000000000006,0.6,0.2664,0.5103448275862069
368,User_VAR_200_2,2.22,3.0,405,0.44400000000000006,0.6,0.2664,0.5103448275862069
368,User_VAR_200_3,2.22,4.0,405,0.44400000000000006,0.8,0.35520000000000007,0.5710610932475885
372,Sys_VAR_ref_200_1,4.85,3.72,406,0.97,0.744,0.72168,0.842100350058343
372,Sys_VAR_ref_200_2,4.85,2.65,406,0.97,0.53,0.5141,0.6854666666666667
372,Sys_VAR_ref_200_3,5.0,4.95,406,1.0,0.99,0.99,0.9949748743718593
372,User_VAR_200_1,5.0,2.0,406,1.0,0.4,0.4,0.5714285714285715
372,User_VAR_200_2,5.0,4.0,406,1.0,0.8,0.8,0.888888888888889
372,User_VAR_200_3,5.0,2.0,406,1.0,0.4,0.4,0.5714285714285715
377,Sys_VAR_ref_200_1,4.85,3.7,406,0.97,0.74,0.7178,0.83953216374269
377,Sys_VAR_ref_200_2,4.85,3.6,406,0.97,0.72,0.6983999999999999,0.8265088757396449
377,Sys_VAR_ref_200_3,4.15,2.65,406,0.8300000000000001,0.53,0.43990000000000007,0.6469117647058824
377,User_VAR_200_1,0.0,4.0,406,0.0,0.8,0.0,0.0
377,User_VAR_200_2,0.0,4.0,406,0.0,0.8,0.0,0.0
377,User_VAR_200_3,4.29,4.0,406,0.858,0.8,0.6864,0.8279855247285887
384,Sys_VAR_ref_200_1,4.65,2.85,413,0.93,0.5700000000000001,0.5301000000000001,0.7068000000000002
384,Sys_VAR_ref_200_2,4.15,2.85,413,0.8300000000000001,0.5700000000000001,0.4731000000000001,0.6758571428571429
384,Sys_VAR_ref_200_3,4.65,3.82,413,0.93,0.764,0.71052,0.8388665879574971
384,User_VAR_200_1,5.0,4.0,413,1.0,0.8,0.8,0.888888888888889
384,User_VAR_200_2,5.0,3.0,413,1.0,0.6,0.6,0.7499999999999999
384,User_VAR_200_3,4.29,3.0,413,0.858,0.6,0.5147999999999999,0.7061728395061727
386,Sys_VAR_ref_200_1,4.12,1.5,413,0.8240000000000001,0.3,0.2472,0.43985765124555154
386,Sys_VAR_ref_200_2,4.65,1.5,413,0.93,0.3,0.279,0.4536585365853659
386,Sys_VAR_ref_200_3,4.65,1.5,413,0.93,0.3,0.279,0.4536585365853659
386,User_VAR_200_1,5.0,3.0,413,1.0,0.6,0.6,0.7499999999999999
386,User_VAR_200_2,5.0,3.0,413,1.0,0.6,0.6,0.7499999999999999
386,User_VAR_200_3,5.0,3.0,413,1.0,0.6,0.6,0.7499999999999999
393,Sys_VAR_ref_200_1,0.15,2.85,415,0.03,0.5700000000000001,0.0171,0.056999999999999995
393,Sys_VAR_ref_200_2,0.42,1.85,415,0.08399999999999999,0.37,0.031079999999999997,0.13691629955947135
393,Sys_VAR_ref_200_3,1.85,2.1,415,0.37,0.42000000000000004,0.1554,0.39341772151898735
393,User_VAR_200_1,0.62,3.0,415,0.124,0.6,0.0744,0.20552486187845304
393,User_VAR_200_2,1.67,3.0,415,0.33399999999999996,0.6,0.20039999999999997,0.42912205567451817
393,User_VAR_200_3,0.62,3.0,415,0.124,0.6,0.0744,0.20552486187845304
398,Sys_VAR_ref_200_1,4.85,3.65,415,0.97,0.73,0.7081,0.8330588235294117
398,Sys_VAR_ref_200_2,4.12,2.85,415,0.8240000000000001,0.5700000000000001,0.4696800000000001,0.6738593974175037
398,Sys_VAR_ref_200_3,3.85,3.62,415,0.77,0.724,0.55748,0.7462918340026774
398,User_VAR_200_1,3.57,2.0,415,0.714,0.4,0.2856,0.5127468581687613
398,User_VAR_200_2,3.57,3.0,415,0.714,0.6,0.42839999999999995,0.6520547945205478
398,User_VAR_200_3,3.57,2.0,415,0.714,0.4,0.2856,0.5127468581687613
400,Sys_VAR_ref_200_1,1.25,2.8,419,0.25,0.5599999999999999,0.13999999999999999,0.345679012345679
400,Sys_VAR_ref_200_2,1.85,2.1,419,0.37,0.42000000000000004,0.1554,0.39341772151898735
400,Sys_VAR_ref_200_3,1.25,2.1,419,0.25,0.42000000000000004,0.10500000000000001,0.31343283582089554
400,User_VAR_200_1,3.57,2.0,419,0.714,0.4,0.2856,0.5127468581687613
400,User_VAR_200_2,3.57,3.0,419,0.714,0.6,0.42839999999999995,0.6520547945205478
400,User_VAR_200_3,3.57,3.0,419,0.714,0.6,0.42839999999999995,0.6520547945205478
405,Sys_VAR_ref_200_1,4.65,2.85,419,0.93,0.5700000000000001,0.5301000000000001,0.7068000000000002
405,Sys_VAR_ref_200_2,4.12,1.5,419,0.8240000000000001,0.3,0.2472,0.43985765124555154
405,Sys_VAR_ref_200_3,4.85,1.2,419,0.97,0.24,0.23279999999999998,0.384793388429752
405,User_VAR_200_1,5.0,1.0,419,1.0,0.2,0.2,0.33333333333333337
405,User_VAR_200_2,5.0,3.0,419,1.0,0.6,0.6,0.7499999999999999
405,User_VAR_200_3,0.0,1.0,419,0.0,0.2,0.0,0.0
410,Sys_VAR_ref_200_1,2.85,1.2,421,0.5700000000000001,0.24,0.1368,0.3377777777777778
410,Sys_VAR_ref_200_2,4.62,1.85,421,0.924,0.37,0.34188,0.5284080370942813
410,Sys_VAR_ref_200_3,3.42,1.65,421,0.6839999999999999,0.32999999999999996,0.22571999999999995,0.445207100591716
410,User_VAR_200_1,5.0,3.0,421,1.0,0.6,0.6,0.7499999999999999
410,User_VAR_200_2,2.78,2.0,421,0.5559999999999999,0.4,0.2224,0.46527196652719666
410,User_VAR_200_3,5.0,3.0,421,1.0,0.6,0.6,0.7499999999999999
413,Sys_VAR_ref_200_1,3.45,2.85,421,0.6900000000000001,0.5700000000000001,0.3933000000000001,0.6242857142857143
413,Sys_VAR_ref_200_2,2.78,3.42,421,0.5559999999999999,0.6839999999999999,0.3803039999999999,0.6133935483870968
413,Sys_VAR_ref_200_3,2.85,2.1,421,0.5700000000000001,0.42000000000000004,0.23940000000000006,0.4836363636363637
413,User_VAR_200_1,3.12,4.0,421,0.624,0.8,0.49920000000000003,0.7011235955056181
413,User_VAR_200_2,2.78,2.0,421,0.5559999999999999,0.4,0.2224,0.46527196652719666
413,User_VAR_200_3,2.78,2.0,421,0.5559999999999999,0.4,0.2224,0.46527196652719666
425,Sys_VAR_ref_200_1,2.85,1.9,426,0.5700000000000001,0.38,0.21660000000000001,0.456
425,Sys_VAR_ref_200_2,2.85,1.65,426,0.5700000000000001,0.32999999999999996,0.1881,0.418
425,Sys_VAR_ref_200_3,2.85,1.92,426,0.5700000000000001,0.384,0.21888000000000002,0.4588679245283019
425,User_VAR_200_1,3.12,2.0,426,0.624,0.4,0.24960000000000002,0.48750000000000004
425,User_VAR_200_2,3.12,2.0,426,0.624,0.4,0.24960000000000002,0.48750000000000004
425,User_VAR_200_3,2.5,1.0,426,0.5,0.2,0.1,0.28571428571428575
426,Sys_VAR_ref_200_1,3.85,2.15,426,0.77,0.43,0.3311,0.5518333333333334
426,Sys_VAR_ref_200_2,4.65,2.85,426,0.93,0.5700000000000001,0.5301000000000001,0.7068000000000002
426,Sys_VAR_ref_200_3,4.65,3.82,426,0.93,0.764,0.71052,0.8388665879574971
426,User_VAR_200_1,3.75,4.0,426,0.75,0.8,0.6000000000000001,0.7741935483870969
426,User_VAR_200_2,3.75,4.0,426,0.75,0.8,0.6000000000000001,0.7741935483870969
426,User_VAR_200_3,3.75,4.0,426,0.75,0.8,0.6000000000000001,0.7741935483870969
431,Sys_VAR_ref_200_1,3.85,3.6,429,0.77,0.72,0.5544,0.7441610738255033
431,Sys_VAR_ref_200_2,3.85,2.9,429,0.77,0.58,0.4466,0.6616296296296296
431,Sys_VAR_ref_200_3,4.65,3.82,429,0.93,0.764,0.71052,0.8388665879574971
431,User_VAR_200_1,3.75,5.0,429,0.75,1.0,0.75,0.8571428571428571
431,User_VAR_200_2,3.75,5.0,429,0.75,1.0,0.75,0.8571428571428571
431,User_VAR_200_3,2.5,5.0,429,0.5,1.0,0.5,0.6666666666666666
434,Sys_VAR_ref_200_1,0.12,1.35,429,0.024,0.27,0.0064800000000000005,0.04408163265306122
434,Sys_VAR_ref_200_2,0.15,1.5,429,0.03,0.3,0.009,0.05454545454545455
434,Sys_VAR_ref_200_3,0.12,1.35,429,0.024,0.27,0.0064800000000000005,0.04408163265306122
434,User_VAR_200_1,0.0,1.0,429,0.0,0.2,0.0,0.0
434,User_VAR_200_2,0.0,2.0,429,0.0,0.4,0.0,0.0
434,User_VAR_200_3,0.0,2.0,429,0.0,0.4,0.0,0.0
443,Sys_VAR_ref_200_1,4.85,3.62,432,0.97,0.724,0.7022799999999999,0.8291381345926799
443,Sys_VAR_ref_200_2,4.65,2.85,432,0.93,0.5700000000000001,0.5301000000000001,0.7068000000000002
443,Sys_VAR_ref_200_3,4.85,1.5,432,0.97,0.3,0.291,0.458267716535433
443,User_VAR_200_1,5.0,4.0,432,1.0,0.8,0.8,0.888888888888889
443,User_VAR_200_2,5.0,4.0,432,1.0,0.8,0.8,0.888888888888889
443,User_VAR_200_3,5.0,4.0,432,1.0,0.8,0.8,0.888888888888889
445,Sys_VAR_ref_200_1,4.12,2.85,432,0.8240000000000001,0.5700000000000001,0.4696800000000001,0.6738593974175037
445,Sys_VAR_ref_200_2,4.65,2.85,432,0.93,0.5700000000000001,0.5301000000000001,0.7068000000000002
445,Sys_VAR_ref_200_3,4.12,2.85,432,0.8240000000000001,0.5700000000000001,0.4696800000000001,0.6738593974175037
445,User_VAR_200_1,5.0,2.0,432,1.0,0.4,0.4,0.5714285714285715
445,User_VAR_200_2,5.0,2.0,432,1.0,0.4,0.4,0.5714285714285715
445,User_VAR_200_3,5.0,3.0,432,1.0,0.6,0.6,0.7499999999999999
453,Sys_VAR_ref_200_1,1.25,3.8,443,0.25,0.76,0.19,0.37623762376237624
453,Sys_VAR_ref_200_2,0.85,3.2,443,0.16999999999999998,0.64,0.1088,0.2686419753086419
453,Sys_VAR_ref_200_3,1.25,2.85,443,0.25,0.5700000000000001,0.14250000000000002,0.34756097560975613
453,User_VAR_200_1,1.67,3.0,443,0.33399999999999996,0.6,0.20039999999999997,0.42912205567451817
453,User_VAR_200_2,1.67,3.0,443,0.33399999999999996,0.6,0.20039999999999997,0.42912205567451817
453,User_VAR_200_3,1.67,3.0,443,0.33399999999999996,0.6,0.20039999999999997,0.42912205567451817
457,Sys_VAR_ref_200_1,5.0,5.0,443,1.0,1.0,1.0,1.0
457,Sys_VAR_ref_200_2,4.85,4.92,443,0.97,0.984,0.95448,0.976949846468782
457,Sys_VAR_ref_200_3,2.15,1.85,443,0.43,0.37,0.1591,0.39774999999999994
457,User_VAR_200_1,3.89,2.0,443,0.778,0.4,0.31120000000000003,0.5283531409168082
457,User_VAR_200_2,3.89,3.0,443,0.778,0.6,0.4668,0.6775036284470246
457,User_VAR_200_3,2.78,5.0,443,0.5559999999999999,1.0,0.5559999999999999,0.7146529562982004
466,Sys_VAR_ref_200_1,4.65,2.85,446,0.93,0.5700000000000001,0.5301000000000001,0.7068000000000002
466,Sys_VAR_ref_200_2,4.65,2.85,446,0.93,0.5700000000000001,0.5301000000000001,0.7068000000000002
466,Sys_VAR_ref_200_3,4.65,2.85,446,0.93,0.5700000000000001,0.5301000000000001,0.7068000000000002
466,User_VAR_200_1,4.38,3.0,446,0.876,0.6,0.5256,0.7121951219512195
466,User_VAR_200_2,4.38,4.0,446,0.876,0.8,0.7008000000000001,0.8362768496420048
466,User_VAR_200_3,5.0,4.0,446,1.0,0.8,0.8,0.888888888888889
467,Sys_VAR_ref_200_1,1.15,3.85,446,0.22999999999999998,0.77,0.17709999999999998,0.35419999999999996
467,Sys_VAR_ref_200_2,0.12,3.45,446,0.024,0.6900000000000001,0.016560000000000002,0.04638655462184874
467,Sys_VAR_ref_200_3,0.15,2.85,446,0.03,0.5700000000000001,0.0171,0.056999999999999995
467,User_VAR_200_1,0.56,3.0,446,0.11200000000000002,0.6,0.06720000000000001,0.18876404494382026
467,User_VAR_200_2,0.56,2.0,446,0.11200000000000002,0.4,0.044800000000000006,0.17500000000000002
467,User_VAR_200_3,1.11,5.0,446,0.22200000000000003,1.0,0.22200000000000003,0.3633387888707038
472,Sys_VAR_ref_200_1,4.85,2.35,453,0.97,0.47000000000000003,0.4559,0.6331944444444445
472,Sys_VAR_ref_200_2,4.85,2.65,453,0.97,0.53,0.5141,0.6854666666666667
472,Sys_VAR_ref_200_3,4.85,3.62,453,0.97,0.724,0.7022799999999999,0.8291381345926799
472,User_VAR_200_1,5.0,3.0,453,1.0,0.6,0.6,0.7499999999999999
472,User_VAR_200_2,5.0,2.0,453,1.0,0.4,0.4,0.5714285714285715
472,User_VAR_200_3,5.0,2.0,453,1.0,0.4,0.4,0.5714285714285715
474,Sys_VAR_ref_200_1,4.12,2.35,453,0.8240000000000001,0.47000000000000003,0.38728000000000007,0.5985780525502319
474,Sys_VAR_ref_200_2,4.12,2.85,453,0.8240000000000001,0.5700000000000001,0.4696800000000001,0.6738593974175037
474,Sys_VAR_ref_200_3,4.85,2.6,453,0.97,0.52,0.5044,0.6770469798657718
474,User_VAR_200_1,4.0,2.0,453,0.8,0.4,0.32000000000000006,0.5333333333333333
474,User_VAR_200_2,4.0,2.0,453,0.8,0.4,0.32000000000000006,0.5333333333333333
474,User_VAR_200_3,4.0,3.0,453,0.8,0.6,0.48,0.6857142857142857
482,Sys_VAR_ref_200_1,3.45,2.85,461,0.6900000000000001,0.5700000000000001,0.3933000000000001,0.6242857142857143
482,Sys_VAR_ref_200_2,3.85,2.15,461,0.77,0.43,0.3311,0.5518333333333334
482,Sys_VAR_ref_200_3,4.15,3.85,461,0.8300000000000001,0.77,0.6391000000000001,0.7988750000000001
482,User_VAR_200_1,2.78,4.0,461,0.5559999999999999,0.8,0.4448,0.656047197640118
482,User_VAR_200_2,2.78,4.0,461,0.5559999999999999,0.8,0.4448,0.656047197640118
482,User_VAR_200_3,2.78,3.0,461,0.5559999999999999,0.6,0.33359999999999995,0.5771626297577854
483,Sys_VAR_ref_200_1,3.85,3.72,461,0.77,0.744,0.5728800000000001,0.756776750330251
483,Sys_VAR_ref_200_2,3.85,4.2,461,0.77,0.8400000000000001,0.6468,0.8034782608695652
483,Sys_VAR_ref_200_3,3.45,4.62,461,0.6900000000000001,0.924,0.6375600000000001,0.7900371747211897
483,User_VAR_200_1,3.33,4.0,461,0.666,0.8,0.5328,0.7268758526603001
483,User_VAR_200_2,3.33,4.0,461,0.666,0.8,0.5328,0.7268758526603001
483,User_VAR_200_3,3.33,4.0,461,0.666,0.8,0.5328,0.7268758526603001
498,Sys_VAR_ref_200_1,1.85,2.4,477,0.37,0.48,0.17759999999999998,0.4178823529411764
498,Sys_VAR_ref_200_2,1.85,2.4,477,0.37,0.48,0.17759999999999998,0.4178823529411764
498,Sys_VAR_ref_200_3,1.85,2.4,477,0.37,0.48,0.17759999999999998,0.4178823529411764
498,User_VAR_200_1,2.78,2.0,477,0.5559999999999999,0.4,0.2224,0.46527196652719666
498,User_VAR_200_2,2.78,2.0,477,0.5559999999999999,0.4,0.2224,0.46527196652719666
498,User_VAR_200_3,2.22,2.0,477,0.44400000000000006,0.4,0.17760000000000004,0.4208530805687204
499,Sys_VAR_ref_200_1,4.65,1.85,477,0.93,0.37,0.3441,0.5293846153846153
499,Sys_VAR_ref_200_2,3.85,1.2,477,0.77,0.24,0.1848,0.36594059405940593
499,Sys_VAR_ref_200_3,4.12,2.85,477,0.8240000000000001,0.5700000000000001,0.4696800000000001,0.6738593974175037
499,User_VAR_200_1,3.89,2.0,477,0.778,0.4,0.31120000000000003,0.5283531409168082
499,User_VAR_200_2,0.0,1.0,477,0.0,0.2,0.0,0.0
499,User_VAR_200_3,0.0,1.0,477,0.0,0.2,0.0,0.0
504,Sys_VAR_ref_200_1,4.12,2.85,479,0.8240000000000001,0.5700000000000001,0.4696800000000001,0.6738593974175037
504,Sys_VAR_ref_200_2,4.65,2.85,479,0.93,0.5700000000000001,0.5301000000000001,0.7068000000000002
504,Sys_VAR_ref_200_3,1.15,2.85,479,0.22999999999999998,0.5700000000000001,0.1311,0.32775
504,User_VAR_200_1,1.25,2.0,479,0.25,0.4,0.1,0.3076923076923077
504,User_VAR_200_2,5.0,2.0,479,1.0,0.4,0.4,0.5714285714285715
504,User_VAR_200_3,5.0,1.0,479,1.0,0.2,0.2,0.33333333333333337
506,Sys_VAR_ref_200_1,4.85,3.6,479,0.97,0.72,0.6983999999999999,0.8265088757396449
506,Sys_VAR_ref_200_2,4.85,3.62,479,0.97,0.724,0.7022799999999999,0.8291381345926799
506,Sys_VAR_ref_200_3,5.0,5.0,479,1.0,1.0,1.0,1.0
506,User_VAR_200_1,5.0,4.0,479,1.0,0.8,0.8,0.888888888888889
506,User_VAR_200_2,5.0,4.0,479,1.0,0.8,0.8,0.888888888888889
506,User_VAR_200_3,5.0,4.0,479,1.0,0.8,0.8,0.888888888888889
516,Sys_VAR_ref_200_1,4.12,2.85,481,0.8240000000000001,0.5700000000000001,0.4696800000000001,0.6738593974175037
516,Sys_VAR_ref_200_2,3.65,1.82,481,0.73,0.364,0.26572,0.48577696526508235
516,Sys_VAR_ref_200_3,3.82,1.47,481,0.764,0.294,0.22461599999999998,0.4246049149338374
516,User_VAR_200_1,4.29,2.0,481,0.858,0.4,0.3432,0.5456279809220985
516,User_VAR_200_2,4.29,2.0,481,0.858,0.4,0.3432,0.5456279809220985
516,User_VAR_200_3,4.29,2.0,481,0.858,0.4,0.3432,0.5456279809220985
519,Sys_VAR_ref_200_1,4.85,3.6,481,0.97,0.72,0.6983999999999999,0.8265088757396449
519,Sys_VAR_ref_200_2,4.85,3.62,481,0.97,0.724,0.7022799999999999,0.8291381345926799
519,Sys_VAR_ref_200_3,4.65,2.85,481,0.93,0.5700000000000001,0.5301000000000001,0.7068000000000002
519,User_VAR_200_1,5.0,4.0,481,1.0,0.8,0.8,0.888888888888889
519,User_VAR_200_2,5.0,4.0,481,1.0,0.8,0.8,0.888888888888889
519,User_VAR_200_3,5.0,4.0,481,1.0,0.8,0.8,0.888888888888889
523,Sys_VAR_ref_200_1,4.85,3.65,488,0.97,0.73,0.7081,0.8330588235294117
523,Sys_VAR_ref_200_2,4.85,3.72,488,0.97,0.744,0.72168,0.842100350058343
523,Sys_VAR_ref_200_3,4.25,3.85,488,0.85,0.77,0.6545,0.8080246913580246
523,User_VAR_200_1,4.38,4.0,488,0.876,0.8,0.7008000000000001,0.8362768496420048
523,User_VAR_200_2,5.0,4.0,488,1.0,0.8,0.8,0.888888888888889
523,User_VAR_200_3,5.0,4.0,488,1.0,0.8,0.8,0.888888888888889
525,Sys_VAR_ref_200_1,4.85,3.65,488,0.97,0.73,0.7081,0.8330588235294117
525,Sys_VAR_ref_200_2,4.82,4.65,488,0.9640000000000001,0.93,0.8965200000000001,0.9466948257655755
525,Sys_VAR_ref_200_3,4.85,4.2,488,0.97,0.8400000000000001,0.8148000000000001,0.9003314917127072
525,User_VAR_200_1,5.0,4.0,488,1.0,0.8,0.8,0.888888888888889
525,User_VAR_200_2,5.0,4.0,488,1.0,0.8,0.8,0.888888888888889
525,User_VAR_200_3,5.0,4.0,488,1.0,0.8,0.8,0.888888888888889
532,Sys_VAR_ref_200_1,2.85,2.1,499,0.5700000000000001,0.42000000000000004,0.23940000000000006,0.4836363636363637
532,Sys_VAR_ref_200_2,1.85,3.2,499,0.37,0.64,0.2368,0.46891089108910894
532,Sys_VAR_ref_200_3,1.85,2.1,499,0.37,0.42000000000000004,0.1554,0.39341772151898735
532,User_VAR_200_1,4.29,2.0,499,0.858,0.4,0.3432,0.5456279809220985
532,User_VAR_200_2,4.17,2.0,499,0.834,0.4,0.3336,0.5406807131280389
532,User_VAR_200_3,4.17,2.0,499,0.834,0.4,0.3336,0.5406807131280389
538,Sys_VAR_ref_200_1,4.85,2.15,499,0.97,0.43,0.41709999999999997,0.5958571428571429
538,Sys_VAR_ref_200_2,4.85,1.2,499,0.97,0.24,0.23279999999999998,0.384793388429752
538,Sys_VAR_ref_200_3,4.65,1.5,499,0.93,0.3,0.279,0.4536585365853659
538,User_VAR_200_1,5.0,2.0,499,1.0,0.4,0.4,0.5714285714285715
538,User_VAR_200_2,5.0,3.0,499,1.0,0.6,0.6,0.7499999999999999
538,User_VAR_200_3,5.0,3.0,499,1.0,0.6,0.6,0.7499999999999999
541,Sys_VAR_ref_200_1,1.25,1.5,529,0.25,0.3,0.075,0.2727272727272727
541,Sys_VAR_ref_200_2,0.0,1.25,529,0.0,0.25,0.0,0.0
541,Sys_VAR_ref_200_3,0.05,1.25,529,0.01,0.25,0.0025,0.019230769230769232
541,User_VAR_200_1,0.0,1.0,529,0.0,0.2,0.0,0.0
541,User_VAR_200_2,0.0,1.0,529,0.0,0.2,0.0,0.0
541,User_VAR_200_3,0.0,1.0,529,0.0,0.2,0.0,0.0
547,Sys_VAR_ref_200_1,4.12,2.85,529,0.8240000000000001,0.5700000000000001,0.4696800000000001,0.6738593974175037
547,Sys_VAR_ref_200_2,4.12,2.85,529,0.8240000000000001,0.5700000000000001,0.4696800000000001,0.6738593974175037
547,Sys_VAR_ref_200_3,3.85,1.92,529,0.77,0.384,0.29568,0.5124436741767765
547,User_VAR_200_1,4.29,3.0,529,0.858,0.6,0.5147999999999999,0.7061728395061727
547,User_VAR_200_2,4.29,3.0,529,0.858,0.6,0.5147999999999999,0.7061728395061727
547,User_VAR_200_3,4.29,3.0,529,0.858,0.6,0.5147999999999999,0.7061728395061727
550,Sys_VAR_ref_200_1,4.15,2.85,535,0.8300000000000001,0.5700000000000001,0.4731000000000001,0.6758571428571429
550,Sys_VAR_ref_200_2,4.25,2.85,535,0.85,0.5700000000000001,0.48450000000000004,0.6823943661971832
550,Sys_VAR_ref_200_3,4.85,2.65,535,0.97,0.53,0.5141,0.6854666666666667
550,User_VAR_200_1,3.89,3.0,535,0.778,0.6,0.4668,0.6775036284470246
550,User_VAR_200_2,4.29,3.0,535,0.858,0.6,0.5147999999999999,0.7061728395061727
550,User_VAR_200_3,4.38,3.0,535,0.876,0.6,0.5256,0.7121951219512195
551,Sys_VAR_ref_200_1,3.65,2.85,535,0.73,0.5700000000000001,0.4161,0.6401538461538462
551,Sys_VAR_ref_200_2,4.85,4.92,535,0.97,0.984,0.95448,0.976949846468782
551,Sys_VAR_ref_200_3,4.65,4.2,535,0.93,0.8400000000000001,0.7812000000000001,0.8827118644067797
551,User_VAR_200_1,4.17,4.0,535,0.834,0.8,0.6672,0.8166462668298654
551,User_VAR_200_2,4.29,5.0,535,0.858,1.0,0.858,0.9235737351991388
551,User_VAR_200_3,4.29,4.0,535,0.858,0.8,0.6864,0.8279855247285887
562,Sys_VAR_ref_200_1,4.92,1.85,554,0.984,0.37,0.36408,0.5377843426883309
562,Sys_VAR_ref_200_2,4.92,1.85,554,0.984,0.37,0.36408,0.5377843426883309
562,Sys_VAR_ref_200_3,4.85,1.75,554,0.97,0.35,0.33949999999999997,0.5143939393939394
562,User_VAR_200_1,0.0,2.0,554,0.0,0.4,0.0,0.0
562,User_VAR_200_2,0.0,2.0,554,0.0,0.4,0.0,0.0
562,User_VAR_200_3,0.0,2.0,554,0.0,0.4,0.0,0.0
569,Sys_VAR_ref_200_1,4.85,2.65,554,0.97,0.53,0.5141,0.6854666666666667
569,Sys_VAR_ref_200_2,4.85,2.15,554,0.97,0.43,0.41709999999999997,0.5958571428571429
569,Sys_VAR_ref_200_3,4.85,2.15,554,0.97,0.43,0.41709999999999997,0.5958571428571429
569,User_VAR_200_1,2.5,2.0,554,0.5,0.4,0.2,0.4444444444444445
569,User_VAR_200_2,2.5,1.0,554,0.5,0.2,0.1,0.28571428571428575
569,User_VAR_200_3,2.5,2.0,554,0.5,0.4,0.2,0.4444444444444445
571,Sys_VAR_ref_200_1,4.65,3.85,567,0.93,0.77,0.7161000000000001,0.8424705882352941
571,Sys_VAR_ref_200_2,4.15,3.65,567,0.8300000000000001,0.73,0.6059,0.7767948717948717
571,Sys_VAR_ref_200_3,4.15,1.85,567,0.8300000000000001,0.37,0.30710000000000004,0.5118333333333334
571,User_VAR_200_1,4.38,3.0,567,0.876,0.6,0.5256,0.7121951219512195
571,User_VAR_200_2,4.38,2.0,567,0.876,0.4,0.35040000000000004,0.5492163009404389
571,User_VAR_200_3,4.38,3.0,567,0.876,0.6,0.5256,0.7121951219512195
576,Sys_VAR_ref_200_1,4.15,4.3,567,0.8300000000000001,0.86,0.7138000000000001,0.844733727810651
576,Sys_VAR_ref_200_2,4.85,4.2,567,0.97,0.8400000000000001,0.8148000000000001,0.9003314917127072
576,Sys_VAR_ref_200_3,4.12,3.85,567,0.8240000000000001,0.77,0.63448,0.7960853199498118
576,User_VAR_200_1,5.0,4.0,567,1.0,0.8,0.8,0.888888888888889
576,User_VAR_200_2,5.0,4.0,567,1.0,0.8,0.8,0.888888888888889
576,User_VAR_200_3,5.0,3.0,567,1.0,0.6,0.6,0.7499999999999999
586,Sys_VAR_ref_200_1,4.25,2.85,575,0.85,0.5700000000000001,0.48450000000000004,0.6823943661971832
586,Sys_VAR_ref_200_2,4.65,2.85,575,0.93,0.5700000000000001,0.5301000000000001,0.7068000000000002
586,Sys_VAR_ref_200_3,4.85,3.2,575,0.97,0.64,0.6208,0.7711801242236026
586,User_VAR_200_1,4.38,3.0,575,0.876,0.6,0.5256,0.7121951219512195
586,User_VAR_200_2,4.38,3.0,575,0.876,0.6,0.5256,0.7121951219512195
586,User_VAR_200_3,4.38,4.0,575,0.876,0.8,0.7008000000000001,0.8362768496420048
589,Sys_VAR_ref_200_1,4.25,1.5,575,0.85,0.3,0.255,0.44347826086956527
589,Sys_VAR_ref_200_2,4.12,1.5,575,0.8240000000000001,0.3,0.2472,0.43985765124555154
589,Sys_VAR_ref_200_3,4.85,1.5,575,0.97,0.3,0.291,0.458267716535433
589,User_VAR_200_1,5.0,2.0,575,1.0,0.4,0.4,0.5714285714285715
589,User_VAR_200_2,5.0,2.0,575,1.0,0.4,0.4,0.5714285714285715
589,User_VAR_200_3,5.0,2.0,575,1.0,0.4,0.4,0.5714285714285715
597,Sys_VAR_ref_200_1,0.0,1.25,585,0.0,0.25,0.0,0.0
597,Sys_VAR_ref_200_2,0.0,1.25,585,0.0,0.25,0.0,0.0
597,Sys_VAR_ref_200_3,0.0,1.25,585,0.0,0.25,0.0,0.0
597,User_VAR_200_1,0.0,1.0,585,0.0,0.2,0.0,0.0
597,User_VAR_200_2,0.0,1.0,585,0.0,0.2,0.0,0.0
597,User_VAR_200_3,0.0,1.0,585,0.0,0.2,0.0,0.0
599,Sys_VAR_ref_200_1,0.12,0.05,585,0.024,0.01,0.00024,0.014117647058823528
599,Sys_VAR_ref_200_2,1.85,1.2,585,0.37,0.24,0.08879999999999999,0.2911475409836065
599,Sys_VAR_ref_200_3,1.25,1.5,585,0.25,0.3,0.075,0.2727272727272727
599,User_VAR_200_1,1.43,1.0,585,0.286,0.2,0.0572,0.23539094650205764
599,User_VAR_200_2,3.57,1.0,585,0.714,0.2,0.1428,0.31247264770240707
599,User_VAR_200_3,1.43,1.0,585,0.286,0.2,0.0572,0.23539094650205764
604,Sys_VAR_ref_200_1,4.12,2.85,590,0.8240000000000001,0.5700000000000001,0.4696800000000001,0.6738593974175037
604,Sys_VAR_ref_200_2,4.82,3.65,590,0.9640000000000001,0.73,0.70372,0.8308382526564345
604,Sys_VAR_ref_200_3,3.45,2.85,590,0.6900000000000001,0.5700000000000001,0.3933000000000001,0.6242857142857143
604,User_VAR_200_1,5.0,3.0,590,1.0,0.6,0.6,0.7499999999999999
604,User_VAR_200_2,4.0,3.0,590,0.8,0.6,0.48,0.6857142857142857
604,User_VAR_200_3,4.0,3.0,590,0.8,0.6,0.48,0.6857142857142857
608,Sys_VAR_ref_200_1,0.85,1.2,590,0.16999999999999998,0.24,0.040799999999999996,0.19902439024390242
608,Sys_VAR_ref_200_2,0.15,0.85,590,0.03,0.16999999999999998,0.0050999999999999995,0.051
608,Sys_VAR_ref_200_3,0.85,1.2,590,0.16999999999999998,0.24,0.040799999999999996,0.19902439024390242
608,User_VAR_200_1,0.0,1.0,590,0.0,0.2,0.0,0.0
608,User_VAR_200_2,0.0,1.0,590,0.0,0.2,0.0,0.0
608,User_VAR_200_3,0.0,1.0,590,0.0,0.2,0.0,0.0
610,Sys_VAR_ref_200_1,0.0,1.2,605,0.0,0.24,0.0,0.0
610,Sys_VAR_ref_200_2,0.12,1.35,605,0.024,0.27,0.0064800000000000005,0.04408163265306122
610,Sys_VAR_ref_200_3,0.12,1.85,605,0.024,0.37,0.00888,0.0450761421319797
610,User_VAR_200_1,0.0,1.0,605,0.0,0.2,0.0,0.0
610,User_VAR_200_2,0.0,2.0,605,0.0,0.4,0.0,0.0
610,User_VAR_200_3,0.0,1.0,605,0.0,0.2,0.0,0.0
618,Sys_VAR_ref_200_1,4.65,2.85,605,0.93,0.5700000000000001,0.5301000000000001,0.7068000000000002
618,Sys_VAR_ref_200_2,4.65,2.85,605,0.93,0.5700000000000001,0.5301000000000001,0.7068000000000002
618,Sys_VAR_ref_200_3,4.65,3.82,605,0.93,0.764,0.71052,0.8388665879574971
618,User_VAR_200_1,4.38,4.0,605,0.876,0.8,0.7008000000000001,0.8362768496420048
618,User_VAR_200_2,4.29,4.0,605,0.858,0.8,0.6864,0.8279855247285887
618,User_VAR_200_3,5.0,3.0,605,1.0,0.6,0.6,0.7499999999999999
621,Sys_VAR_ref_200_1,4.65,3.82,606,0.93,0.764,0.71052,0.8388665879574971
621,Sys_VAR_ref_200_2,4.15,2.85,606,0.8300000000000001,0.5700000000000001,0.4731000000000001,0.6758571428571429
621,Sys_VAR_ref_200_3,2.85,1.92,606,0.5700000000000001,0.384,0.21888000000000002,0.4588679245283019
621,User_VAR_200_1,4.17,4.0,606,0.834,0.8,0.6672,0.8166462668298654
621,User_VAR_200_2,4.44,4.0,606,0.8880000000000001,0.8,0.7104000000000001,0.8417061611374408
621,User_VAR_200_3,4.44,3.0,606,0.8880000000000001,0.6,0.5328,0.7161290322580646
628,Sys_VAR_ref_200_1,4.85,3.2,606,0.97,0.64,0.6208,0.7711801242236026
628,Sys_VAR_ref_200_2,4.65,2.85,606,0.93,0.5700000000000001,0.5301000000000001,0.7068000000000002
628,Sys_VAR_ref_200_3,4.15,2.85,606,0.8300000000000001,0.5700000000000001,0.4731000000000001,0.6758571428571429
628,User_VAR_200_1,4.44,4.0,606,0.8880000000000001,0.8,0.7104000000000001,0.8417061611374408
628,User_VAR_200_2,5.0,3.0,606,1.0,0.6,0.6,0.7499999999999999
628,User_VAR_200_3,5.0,3.0,606,1.0,0.6,0.6,0.7499999999999999
634,Sys_VAR_ref_200_1,4.92,1.85,626,0.984,0.37,0.36408,0.5377843426883309
634,Sys_VAR_ref_200_2,4.85,2.15,626,0.97,0.43,0.41709999999999997,0.5958571428571429
634,Sys_VAR_ref_200_3,4.85,1.2,626,0.97,0.24,0.23279999999999998,0.384793388429752
634,User_VAR_200_1,4.38,2.0,626,0.876,0.4,0.35040000000000004,0.5492163009404389
634,User_VAR_200_2,5.0,2.0,626,1.0,0.4,0.4,0.5714285714285715
634,User_VAR_200_3,5.0,2.0,626,1.0,0.4,0.4,0.5714285714285715
635,Sys_VAR_ref_200_1,1.25,1.15,626,0.25,0.22999999999999998,0.057499999999999996,0.23958333333333331
635,Sys_VAR_ref_200_2,1.85,1.92,626,0.37,0.384,0.14208,0.37687002652519896
635,Sys_VAR_ref_200_3,1.85,2.4,626,0.37,0.48,0.17759999999999998,0.4178823529411764
635,User_VAR_200_1,5.0,2.0,626,1.0,0.4,0.4,0.5714285714285715
635,User_VAR_200_2,0.62,2.0,626,0.124,0.4,0.049600000000000005,0.18931297709923664
635,User_VAR_200_3,5.0,2.0,626,1.0,0.4,0.4,0.5714285714285715
641,Sys_VAR_ref_200_1,2.85,1.92,632,0.5700000000000001,0.384,0.21888000000000002,0.4588679245283019
641,Sys_VAR_ref_200_2,2.15,2.85,632,0.43,0.5700000000000001,0.2451,0.4902
641,Sys_VAR_ref_200_3,2.85,1.65,632,0.5700000000000001,0.32999999999999996,0.1881,0.418
641,User_VAR_200_1,3.75,2.0,632,0.75,0.4,0.30000000000000004,0.5217391304347827
641,User_VAR_200_2,4.38,2.0,632,0.876,0.4,0.35040000000000004,0.5492163009404389
641,User_VAR_200_3,2.5,2.0,632,0.5,0.4,0.2,0.4444444444444445
644,Sys_VAR_ref_200_1,2.85,2.15,632,0.5700000000000001,0.43,0.2451,0.4902
644,Sys_VAR_ref_200_2,1.85,1.2,632,0.37,0.24,0.08879999999999999,0.2911475409836065
644,Sys_VAR_ref_200_3,0.85,1.2,632,0.16999999999999998,0.24,0.040799999999999996,0.19902439024390242
644,User_VAR_200_1,0.71,2.0,632,0.142,0.4,0.056799999999999996,0.20959409594095937
644,User_VAR_200_2,0.71,2.0,632,0.142,0.4,0.056799999999999996,0.20959409594095937
644,User_VAR_200_3,2.86,1.0,632,0.572,0.2,0.1144,0.29637305699481864
652,Sys_VAR_ref_200_1,2.85,2.15,633,0.5700000000000001,0.43,0.2451,0.4902
652,Sys_VAR_ref_200_2,2.15,3.42,633,0.43,0.6839999999999999,0.29412,0.5280430879712747
652,Sys_VAR_ref_200_3,3.85,3.2,633,0.77,0.64,0.4928,0.6990070921985815
652,User_VAR_200_1,4.0,3.0,633,0.8,0.6,0.48,0.6857142857142857
652,User_VAR_200_2,3.33,2.0,633,0.666,0.4,0.2664,0.499812382739212
652,User_VAR_200_3,3.33,3.0,633,0.666,0.6,0.3996,0.6312796208530805
656,Sys_VAR_ref_200_1,3.85,3.6,633,0.77,0.72,0.5544,0.7441610738255033
656,Sys_VAR_ref_200_2,3.85,3.62,633,0.77,0.724,0.55748,0.7462918340026774
656,Sys_VAR_ref_200_3,2.35,3.82,633,0.47000000000000003,0.764,0.35908,0.5819773095623987
656,User_VAR_200_1,2.78,4.0,633,0.5559999999999999,0.8,0.4448,0.656047197640118
656,User_VAR_200_2,2.78,3.0,633,0.5559999999999999,0.6,0.33359999999999995,0.5771626297577854
656,User_VAR_200_3,2.78,3.0,633,0.5559999999999999,0.6,0.33359999999999995,0.5771626297577854
660,Sys_VAR_ref_200_1,1.15,1.5,634,0.22999999999999998,0.3,0.06899999999999999,0.260377358490566
660,Sys_VAR_ref_200_2,1.85,1.5,634,0.37,0.3,0.111,0.3313432835820896
660,Sys_VAR_ref_200_3,1.25,1.5,634,0.25,0.3,0.075,0.2727272727272727
660,User_VAR_200_1,0.56,2.0,634,0.11200000000000002,0.4,0.044800000000000006,0.17500000000000002
660,User_VAR_200_2,0.56,1.0,634,0.11200000000000002,0.2,0.022400000000000003,0.14358974358974358
660,User_VAR_200_3,0.56,1.0,634,0.11200000000000002,0.2,0.022400000000000003,0.14358974358974358
667,Sys_VAR_ref_200_1,3.85,2.15,634,0.77,0.43,0.3311,0.5518333333333334
667,Sys_VAR_ref_200_2,4.12,2.85,634,0.8240000000000001,0.5700000000000001,0.4696800000000001,0.6738593974175037
667,Sys_VAR_ref_200_3,3.82,2.15,634,0.764,0.43,0.32852,0.550284757118928
667,User_VAR_200_1,2.5,2.0,634,0.5,0.4,0.2,0.4444444444444445
667,User_VAR_200_2,3.0,2.0,634,0.6,0.4,0.24,0.48
667,User_VAR_200_3,3.0,2.0,634,0.6,0.4,0.24,0.48
674,Sys_VAR_ref_200_1,4.35,1.5,645,0.8699999999999999,0.3,0.26099999999999995,0.4461538461538461
674,Sys_VAR_ref_200_2,4.85,1.5,645,0.97,0.3,0.291,0.458267716535433
674,Sys_VAR_ref_200_3,4.65,1.5,645,0.93,0.3,0.279,0.4536585365853659
674,User_VAR_200_1,5.0,2.0,645,1.0,0.4,0.4,0.5714285714285715
674,User_VAR_200_2,5.0,2.0,645,1.0,0.4,0.4,0.5714285714285715
674,User_VAR_200_3,5.0,2.0,645,1.0,0.4,0.4,0.5714285714285715
678,Sys_VAR_ref_200_1,2.85,3.62,645,0.5700000000000001,0.724,0.41268000000000005,0.6378361669242659
678,Sys_VAR_ref_200_2,2.85,3.6,645,0.5700000000000001,0.72,0.41040000000000004,0.6362790697674419
678,Sys_VAR_ref_200_3,2.85,4.12,645,0.5700000000000001,0.8240000000000001,0.4696800000000001,0.6738593974175037
678,User_VAR_200_1,3.75,4.0,645,0.75,0.8,0.6000000000000001,0.7741935483870969
678,User_VAR_200_2,3.75,4.0,645,0.75,0.8,0.6000000000000001,0.7741935483870969
678,User_VAR_200_3,3.12,2.0,645,0.624,0.4,0.24960000000000002,0.48750000000000004
682,Sys_VAR_ref_200_1,2.85,2.4,654,0.5700000000000001,0.48,0.2736,0.5211428571428571
682,Sys_VAR_ref_200_2,3.85,3.42,654,0.77,0.6839999999999999,0.5266799999999999,0.7244566712517193
682,Sys_VAR_ref_200_3,3.85,3.2,654,0.77,0.64,0.4928,0.6990070921985815
682,User_VAR_200_1,5.0,2.0,654,1.0,0.4,0.4,0.5714285714285715
682,User_VAR_200_2,4.29,2.0,654,0.858,0.4,0.3432,0.5456279809220985
682,User_VAR_200_3,5.0,2.0,654,1.0,0.4,0.4,0.5714285714285715
688,Sys_VAR_ref_200_1,4.85,3.2,654,0.97,0.64,0.6208,0.7711801242236026
688,Sys_VAR_ref_200_2,4.85,3.72,654,0.97,0.744,0.72168,0.842100350058343
688,Sys_VAR_ref_200_3,4.85,3.6,654,0.97,0.72,0.6983999999999999,0.8265088757396449
688,User_VAR_200_1,5.0,5.0,654,1.0,1.0,1.0,1.0
688,User_VAR_200_2,5.0,4.0,654,1.0,0.8,0.8,0.888888888888889
688,User_VAR_200_3,5.0,5.0,654,1.0,1.0,1.0,1.0
691,Sys_VAR_ref_200_1,4.65,3.85,679,0.93,0.77,0.7161000000000001,0.8424705882352941
691,Sys_VAR_ref_200_2,4.12,3.65,679,0.8240000000000001,0.73,0.60152,0.7741570141570142
691,Sys_VAR_ref_200_3,4.65,3.2,679,0.93,0.64,0.5952000000000001,0.7582165605095542
691,User_VAR_200_1,4.29,4.0,679,0.858,0.8,0.6864,0.8279855247285887
691,User_VAR_200_2,4.29,4.0,679,0.858,0.8,0.6864,0.8279855247285887
691,User_VAR_200_3,4.29,3.0,679,0.858,0.6,0.5147999999999999,0.7061728395061727
694,Sys_VAR_ref_200_1,4.12,3.65,679,0.8240000000000001,0.73,0.60152,0.7741570141570142
694,Sys_VAR_ref_200_2,4.85,4.92,679,0.97,0.984,0.95448,0.976949846468782
694,Sys_VAR_ref_200_3,4.85,4.92,679,0.97,0.984,0.95448,0.976949846468782
694,User_VAR_200_1,4.29,3.0,679,0.858,0.6,0.5147999999999999,0.7061728395061727
694,User_VAR_200_2,4.29,5.0,679,0.858,1.0,0.858,0.9235737351991388
694,User_VAR_200_3,4.29,3.0,679,0.858,0.6,0.5147999999999999,0.7061728395061727
703,Sys_VAR_ref_200_1,4.12,3.65,687,0.8240000000000001,0.73,0.60152,0.7741570141570142
703,Sys_VAR_ref_200_2,4.75,4.2,687,0.95,0.8400000000000001,0.798,0.8916201117318436
703,Sys_VAR_ref_200_3,4.85,4.62,687,0.97,0.924,0.89628,0.9464413938753959
703,User_VAR_200_1,5.0,5.0,687,1.0,1.0,1.0,1.0
703,User_VAR_200_2,5.0,5.0,687,1.0,1.0,1.0,1.0
703,User_VAR_200_3,5.0,5.0,687,1.0,1.0,1.0,1.0
708,Sys_VAR_ref_200_1,4.85,2.1,687,0.97,0.42000000000000004,0.40740000000000004,0.5861870503597122
708,Sys_VAR_ref_200_2,4.12,2.85,687,0.8240000000000001,0.5700000000000001,0.4696800000000001,0.6738593974175037
708,Sys_VAR_ref_200_3,4.12,2.85,687,0.8240000000000001,0.5700000000000001,0.4696800000000001,0.6738593974175037
708,User_VAR_200_1,5.0,4.0,687,1.0,0.8,0.8,0.888888888888889
708,User_VAR_200_2,5.0,3.0,687,1.0,0.6,0.6,0.7499999999999999
708,User_VAR_200_3,5.0,4.0,687,1.0,0.8,0.8,0.888888888888889
712,Sys_VAR_ref_200_1,4.85,2.15,730,0.97,0.43,0.41709999999999997,0.5958571428571429
712,Sys_VAR_ref_200_2,4.85,3.62,730,0.97,0.724,0.7022799999999999,0.8291381345926799
712,Sys_VAR_ref_200_3,4.65,2.85,730,0.93,0.5700000000000001,0.5301000000000001,0.7068000000000002
712,User_VAR_200_1,5.0,4.0,730,1.0,0.8,0.8,0.888888888888889
712,User_VAR_200_2,0.0,4.0,730,0.0,0.8,0.0,0.0
712,User_VAR_200_3,5.0,4.0,730,1.0,0.8,0.8,0.888888888888889
715,Sys_VAR_ref_200_1,3.85,2.75,730,0.77,0.55,0.42350000000000004,0.6416666666666667
715,Sys_VAR_ref_200_2,3.82,4.15,730,0.764,0.8300000000000001,0.63412,0.795633626097867
715,Sys_VAR_ref_200_3,4.85,3.72,730,0.97,0.744,0.72168,0.842100350058343
715,User_VAR_200_1,3.89,2.0,730,0.778,0.4,0.31120000000000003,0.5283531409168082
715,User_VAR_200_2,3.89,4.0,730,0.778,0.8,0.6224000000000001,0.7888466413181242
715,User_VAR_200_3,5.0,2.0,730,1.0,0.4,0.4,0.5714285714285715
722,Sys_VAR_ref_200_1,1.85,2.1,743,0.37,0.42000000000000004,0.1554,0.39341772151898735
722,Sys_VAR_ref_200_2,1.85,2.4,743,0.37,0.48,0.17759999999999998,0.4178823529411764
722,Sys_VAR_ref_200_3,2.85,3.12,743,0.5700000000000001,0.624,0.35568000000000005,0.5957788944723619
722,User_VAR_200_1,3.0,3.0,743,0.6,0.6,0.36,0.6
722,User_VAR_200_2,3.75,3.0,743,0.75,0.6,0.44999999999999996,0.6666666666666665
722,User_VAR_200_3,3.0,3.0,743,0.6,0.6,0.36,0.6
728,Sys_VAR_ref_200_1,2.85,3.42,743,0.5700000000000001,0.6839999999999999,0.38988,0.6218181818181818
728,Sys_VAR_ref_200_2,1.85,2.4,743,0.37,0.48,0.17759999999999998,0.4178823529411764
728,Sys_VAR_ref_200_3,1.85,3.62,743,0.37,0.724,0.26788,0.48972577696526515
728,User_VAR_200_1,5.0,3.0,743,1.0,0.6,0.6,0.7499999999999999
728,User_VAR_200_2,3.33,3.0,743,0.666,0.6,0.3996,0.6312796208530805
728,User_VAR_200_3,3.33,3.0,743,0.666,0.6,0.3996,0.6312796208530805
730,Sys_VAR_ref_200_1,4.85,1.5,746,0.97,0.3,0.291,0.458267716535433
730,Sys_VAR_ref_200_2,4.15,3.85,746,0.8300000000000001,0.77,0.6391000000000001,0.7988750000000001
730,Sys_VAR_ref_200_3,4.85,3.92,746,0.97,0.784,0.76048,0.8671379703534778
730,User_VAR_200_1,5.0,2.0,746,1.0,0.4,0.4,0.5714285714285715
730,User_VAR_200_2,5.0,3.0,746,1.0,0.6,0.6,0.7499999999999999
730,User_VAR_200_3,5.0,3.0,746,1.0,0.6,0.6,0.7499999999999999
738,Sys_VAR_ref_200_1,0.0,1.5,746,0.0,0.3,0.0,0.0
738,Sys_VAR_ref_200_2,0.15,1.5,746,0.03,0.3,0.009,0.05454545454545455
738,Sys_VAR_ref_200_3,0.0,1.5,746,0.0,0.3,0.0,0.0
738,User_VAR_200_1,5.0,2.0,746,1.0,0.4,0.4,0.5714285714285715
738,User_VAR_200_2,5.0,2.0,746,1.0,0.4,0.4,0.5714285714285715
738,User_VAR_200_3,5.0,2.0,746,1.0,0.4,0.4,0.5714285714285715
745,Sys_VAR_ref_200_1,4.12,3.65,755,0.8240000000000001,0.73,0.60152,0.7741570141570142
745,Sys_VAR_ref_200_2,4.85,4.2,755,0.97,0.8400000000000001,0.8148000000000001,0.9003314917127072
745,Sys_VAR_ref_200_3,4.15,3.65,755,0.8300000000000001,0.73,0.6059,0.7767948717948717
745,User_VAR_200_1,4.0,3.0,755,0.8,0.6,0.48,0.6857142857142857
745,User_VAR_200_2,4.0,3.0,755,0.8,0.6,0.48,0.6857142857142857
745,User_VAR_200_3,5.0,3.0,755,1.0,0.6,0.6,0.7499999999999999
749,Sys_VAR_ref_200_1,4.15,3.85,755,0.8300000000000001,0.77,0.6391000000000001,0.7988750000000001
749,Sys_VAR_ref_200_2,4.12,2.85,755,0.8240000000000001,0.5700000000000001,0.4696800000000001,0.6738593974175037
749,Sys_VAR_ref_200_3,3.85,2.15,755,0.77,0.43,0.3311,0.5518333333333334
749,User_VAR_200_1,3.75,2.0,755,0.75,0.4,0.30000000000000004,0.5217391304347827
749,User_VAR_200_2,3.75,3.0,755,0.75,0.6,0.44999999999999996,0.6666666666666665
749,User_VAR_200_3,3.75,2.0,755,0.75,0.4,0.30000000000000004,0.5217391304347827
750,Sys_VAR_ref_200_1,3.45,3.82,756,0.6900000000000001,0.764,0.5271600000000001,0.7251169188445667
750,Sys_VAR_ref_200_2,3.45,2.85,756,0.6900000000000001,0.5700000000000001,0.3933000000000001,0.6242857142857143
750,Sys_VAR_ref_200_3,3.85,2.6,756,0.77,0.52,0.40040000000000003,0.6207751937984497
750,User_VAR_200_1,3.12,2.0,756,0.624,0.4,0.24960000000000002,0.48750000000000004
750,User_VAR_200_2,3.12,4.0,756,0.624,0.8,0.49920000000000003,0.7011235955056181
750,User_VAR_200_3,3.12,4.0,756,0.624,0.8,0.49920000000000003,0.7011235955056181
757,Sys_VAR_ref_200_1,4.85,3.75,756,0.97,0.75,0.7275,0.8459302325581396
757,Sys_VAR_ref_200_2,4.85,3.6,756,0.97,0.72,0.6983999999999999,0.8265088757396449
757,Sys_VAR_ref_200_3,4.65,3.2,756,0.93,0.64,0.5952000000000001,0.7582165605095542
757,User_VAR_200_1,5.0,4.0,756,1.0,0.8,0.8,0.888888888888889
757,User_VAR_200_2,4.5,4.0,756,0.9,0.8,0.7200000000000001,0.8470588235294118
757,User_VAR_200_3,4.5,4.0,756,0.9,0.8,0.7200000000000001,0.8470588235294118
761,Sys_VAR_ref_200_1,4.95,4.92,806,0.99,0.984,0.97416,0.9869908814589666
761,Sys_VAR_ref_200_2,5.0,5.0,806,1.0,1.0,1.0,1.0
761,Sys_VAR_ref_200_3,5.0,5.0,806,1.0,1.0,1.0,1.0
761,User_VAR_200_1,5.0,5.0,806,1.0,1.0,1.0,1.0
761,User_VAR_200_2,5.0,4.0,806,1.0,0.8,0.8,0.888888888888889
761,User_VAR_200_3,5.0,5.0,806,1.0,1.0,1.0,1.0
765,Sys_VAR_ref_200_1,4.85,4.62,806,0.97,0.924,0.89628,0.9464413938753959
765,Sys_VAR_ref_200_2,5.0,5.0,806,1.0,1.0,1.0,1.0
765,Sys_VAR_ref_200_3,4.85,4.92,806,0.97,0.984,0.95448,0.976949846468782
765,User_VAR_200_1,4.44,5.0,806,0.8880000000000001,1.0,0.8880000000000001,0.940677966101695
765,User_VAR_200_2,5.0,5.0,806,1.0,1.0,1.0,1.0
765,User_VAR_200_3,4.44,4.0,806,0.8880000000000001,0.8,0.7104000000000001,0.8417061611374408
773,Sys_VAR_ref_200_1,4.25,2.15,810,0.85,0.43,0.3655,0.57109375
773,Sys_VAR_ref_200_2,4.65,4.12,810,0.93,0.8240000000000001,0.7663200000000001,0.8737970353477766
773,Sys_VAR_ref_200_3,4.85,4.72,810,0.97,0.944,0.9156799999999999,0.9568234064785789
773,User_VAR_200_1,4.38,4.0,810,0.876,0.8,0.7008000000000001,0.8362768496420048
773,User_VAR_200_2,4.38,3.0,810,0.876,0.6,0.5256,0.7121951219512195
773,User_VAR_200_3,4.38,4.0,810,0.876,0.8,0.7008000000000001,0.8362768496420048
774,Sys_VAR_ref_200_1,3.65,2.85,810,0.73,0.5700000000000001,0.4161,0.6401538461538462
774,Sys_VAR_ref_200_2,4.25,2.85,810,0.85,0.5700000000000001,0.48450000000000004,0.6823943661971832
774,Sys_VAR_ref_200_3,2.85,2.1,810,0.5700000000000001,0.42000000000000004,0.23940000000000006,0.4836363636363637
774,User_VAR_200_1,3.75,3.0,810,0.75,0.6,0.44999999999999996,0.6666666666666665
774,User_VAR_200_2,3.75,2.0,810,0.75,0.4,0.30000000000000004,0.5217391304347827
774,User_VAR_200_3,3.75,2.0,810,0.75,0.4,0.30000000000000004,0.5217391304347827
780,Sys_VAR_ref_200_1,3.42,2.85,819,0.6839999999999999,0.5700000000000001,0.38988,0.6218181818181818
780,Sys_VAR_ref_200_2,1.25,1.85,819,0.25,0.37,0.0925,0.29838709677419356
780,Sys_VAR_ref_200_3,3.42,2.0,819,0.6839999999999999,0.4,0.2736,0.5047970479704796
780,User_VAR_200_1,1.0,3.0,819,0.2,0.6,0.12,0.3
780,User_VAR_200_2,1.0,2.0,819,0.2,0.4,0.08000000000000002,0.26666666666666666
780,User_VAR_200_3,1.0,3.0,819,0.2,0.6,0.12,0.3
783,Sys_VAR_ref_200_1,1.85,2.4,819,0.37,0.48,0.17759999999999998,0.4178823529411764
783,Sys_VAR_ref_200_2,1.85,2.4,819,0.37,0.48,0.17759999999999998,0.4178823529411764
783,Sys_VAR_ref_200_3,1.85,1.5,819,0.37,0.3,0.111,0.3313432835820896
783,User_VAR_200_1,0.0,2.0,819,0.0,0.4,0.0,0.0
783,User_VAR_200_2,0.0,2.0,819,0.0,0.4,0.0,0.0
783,User_VAR_200_3,0.0,2.0,819,0.0,0.4,0.0,0.0
791,Sys_VAR_ref_200_1,0.0,1.25,836,0.0,0.25,0.0,0.0
791,Sys_VAR_ref_200_2,0.0,1.25,836,0.0,0.25,0.0,0.0
791,Sys_VAR_ref_200_3,0.0,1.25,836,0.0,0.25,0.0,0.0
791,User_VAR_200_1,0.0,1.0,836,0.0,0.2,0.0,0.0
791,User_VAR_200_2,0.0,1.0,836,0.0,0.2,0.0,0.0
791,User_VAR_200_3,0.0,1.0,836,0.0,0.2,0.0,0.0
799,Sys_VAR_ref_200_1,0.0,3.25,836,0.0,0.65,0.0,0.0
799,Sys_VAR_ref_200_2,0.0,2.85,836,0.0,0.5700000000000001,0.0,0.0
799,Sys_VAR_ref_200_3,0.0,2.85,836,0.0,0.5700000000000001,0.0,0.0
799,User_VAR_200_1,0.0,2.0,836,0.0,0.4,0.0,0.0
799,User_VAR_200_2,0.0,3.0,836,0.0,0.6,0.0,0.0
799,User_VAR_200_3,0.0,4.0,836,0.0,0.8,0.0,0.0
801,Sys_VAR_ref_200_1,3.85,3.62,903,0.77,0.724,0.55748,0.7462918340026774
801,Sys_VAR_ref_200_2,2.85,1.92,903,0.5700000000000001,0.384,0.21888000000000002,0.4588679245283019
801,Sys_VAR_ref_200_3,3.85,2.65,903,0.77,0.53,0.4081,0.6278461538461538
801,User_VAR_200_1,2.86,4.0,903,0.572,0.8,0.4576,0.6670553935860059
801,User_VAR_200_2,2.86,4.0,903,0.572,0.8,0.4576,0.6670553935860059
801,User_VAR_200_3,2.86,2.0,903,0.572,0.4,0.2288,0.47078189300411527
807,Sys_VAR_ref_200_1,3.85,4.92,903,0.77,0.984,0.75768,0.863945267958951
807,Sys_VAR_ref_200_2,3.42,2.85,903,0.6839999999999999,0.5700000000000001,0.38988,0.6218181818181818
807,Sys_VAR_ref_200_3,4.65,2.8,903,0.93,0.5599999999999999,0.5207999999999999,0.6990604026845637
807,User_VAR_200_1,4.0,3.0,903,0.8,0.6,0.48,0.6857142857142857
807,User_VAR_200_2,4.0,3.0,903,0.8,0.6,0.48,0.6857142857142857
807,User_VAR_200_3,3.57,3.0,903,0.714,0.6,0.42839999999999995,0.6520547945205478
811,Sys_VAR_ref_200_1,2.85,1.42,917,0.5700000000000001,0.284,0.16188,0.3791100702576112
811,Sys_VAR_ref_200_2,3.85,1.92,917,0.77,0.384,0.29568,0.5124436741767765
811,Sys_VAR_ref_200_3,3.85,2.15,917,0.77,0.43,0.3311,0.5518333333333334
811,User_VAR_200_1,4.0,2.0,917,0.8,0.4,0.32000000000000006,0.5333333333333333
811,User_VAR_200_2,0.0,2.0,917,0.0,0.4,0.0,0.0
811,User_VAR_200_3,0.0,2.0,917,0.0,0.4,0.0,0.0
818,Sys_VAR_ref_200_1,3.85,2.15,917,0.77,0.43,0.3311,0.5518333333333334
818,Sys_VAR_ref_200_2,3.85,1.2,917,0.77,0.24,0.1848,0.36594059405940593
818,Sys_VAR_ref_200_3,3.85,1.65,917,0.77,0.32999999999999996,0.2541,0.46199999999999997
818,User_VAR_200_1,0.0,3.0,917,0.0,0.6,0.0,0.0
818,User_VAR_200_2,3.75,3.0,917,0.75,0.6,0.44999999999999996,0.6666666666666665
818,User_VAR_200_3,0.0,3.0,917,0.0,0.6,0.0,0.0
822,Sys_VAR_ref_200_1,1.85,1.2,919,0.37,0.24,0.08879999999999999,0.2911475409836065
822,Sys_VAR_ref_200_2,1.85,1.2,919,0.37,0.24,0.08879999999999999,0.2911475409836065
822,Sys_VAR_ref_200_3,1.85,1.2,919,0.37,0.24,0.08879999999999999,0.2911475409836065
822,User_VAR_200_1,2.5,1.0,919,0.5,0.2,0.1,0.28571428571428575
822,User_VAR_200_2,2.5,1.0,919,0.5,0.2,0.1,0.28571428571428575
822,User_VAR_200_3,2.5,1.0,919,0.5,0.2,0.1,0.28571428571428575
829,Sys_VAR_ref_200_1,1.25,1.85,919,0.25,0.37,0.0925,0.29838709677419356
829,Sys_VAR_ref_200_2,1.85,1.2,919,0.37,0.24,0.08879999999999999,0.2911475409836065
829,Sys_VAR_ref_200_3,1.25,1.8,919,0.25,0.36,0.09,0.29508196721311475
829,User_VAR_200_1,1.67,2.0,919,0.33399999999999996,0.4,0.1336,0.3640326975476839
829,User_VAR_200_2,1.67,2.0,919,0.33399999999999996,0.4,0.1336,0.3640326975476839
829,User_VAR_200_3,1.11,3.0,919,0.22200000000000003,0.6,0.1332,0.32408759124087594
837,Sys_VAR_ref_200_1,4.98,4.95,920,0.9960000000000001,0.99,0.9860400000000001,0.9929909365558913
837,Sys_VAR_ref_200_2,4.65,2.85,920,0.93,0.5700000000000001,0.5301000000000001,0.7068000000000002
837,Sys_VAR_ref_200_3,5.0,5.0,920,1.0,1.0,1.0,1.0
837,User_VAR_200_1,5.0,4.0,920,1.0,0.8,0.8,0.888888888888889
837,User_VAR_200_2,4.38,5.0,920,0.876,1.0,0.876,0.933901918976546
837,User_VAR_200_3,4.38,3.0,920,0.876,0.6,0.5256,0.7121951219512195
838,Sys_VAR_ref_200_1,4.85,2.3,920,0.97,0.45999999999999996,0.44619999999999993,0.624055944055944
838,Sys_VAR_ref_200_2,4.85,3.62,920,0.97,0.724,0.7022799999999999,0.8291381345926799
838,Sys_VAR_ref_200_3,4.85,3.65,920,0.97,0.73,0.7081,0.8330588235294117
838,User_VAR_200_1,5.0,4.0,920,1.0,0.8,0.8,0.888888888888889
838,User_VAR_200_2,5.0,4.0,920,1.0,0.8,0.8,0.888888888888889
838,User_VAR_200_3,5.0,4.0,920,1.0,0.8,0.8,0.888888888888889
842,Sys_VAR_ref_200_1,0.42,1.15,922,0.08399999999999999,0.22999999999999998,0.019319999999999997,0.12305732484076433
842,Sys_VAR_ref_200_2,1.85,1.2,922,0.37,0.24,0.08879999999999999,0.2911475409836065
842,Sys_VAR_ref_200_3,0.42,0.85,922,0.08399999999999999,0.16999999999999998,0.014279999999999998,0.11244094488188974
842,User_VAR_200_1,0.0,1.0,922,0.0,0.2,0.0,0.0
842,User_VAR_200_2,3.12,1.0,922,0.624,0.2,0.12480000000000001,0.3029126213592233
842,User_VAR_200_3,3.12,1.0,922,0.624,0.2,0.12480000000000001,0.3029126213592233
844,Sys_VAR_ref_200_1,2.85,1.2,922,0.5700000000000001,0.24,0.1368,0.3377777777777778
844,Sys_VAR_ref_200_2,4.15,2.85,922,0.8300000000000001,0.5700000000000001,0.4731000000000001,0.6758571428571429
844,Sys_VAR_ref_200_3,3.85,2.9,922,0.77,0.58,0.4466,0.6616296296296296
844,User_VAR_200_1,4.29,2.0,922,0.858,0.4,0.3432,0.5456279809220985
844,User_VAR_200_2,4.29,2.0,922,0.858,0.4,0.3432,0.5456279809220985
844,User_VAR_200_3,3.89,2.0,922,0.778,0.4,0.31120000000000003,0.5283531409168082
856,Sys_VAR_ref_200_1,3.42,3.85,928,0.6839999999999999,0.77,0.5266799999999999,0.7244566712517193
856,Sys_VAR_ref_200_2,3.42,2.85,928,0.6839999999999999,0.5700000000000001,0.38988,0.6218181818181818
856,Sys_VAR_ref_200_3,4.65,3.82,928,0.93,0.764,0.71052,0.8388665879574971
856,User_VAR_200_1,4.38,4.0,928,0.876,0.8,0.7008000000000001,0.8362768496420048
856,User_VAR_200_2,4.38,4.0,928,0.876,0.8,0.7008000000000001,0.8362768496420048
856,User_VAR_200_3,4.38,4.0,928,0.876,0.8,0.7008000000000001,0.8362768496420048
858,Sys_VAR_ref_200_1,4.65,2.85,928,0.93,0.5700000000000001,0.5301000000000001,0.7068000000000002
858,Sys_VAR_ref_200_2,4.65,2.85,928,0.93,0.5700000000000001,0.5301000000000001,0.7068000000000002
858,Sys_VAR_ref_200_3,4.65,2.85,928,0.93,0.5700000000000001,0.5301000000000001,0.7068000000000002
858,User_VAR_200_1,5.0,3.0,928,1.0,0.6,0.6,0.7499999999999999
858,User_VAR_200_2,5.0,3.0,928,1.0,0.6,0.6,0.7499999999999999
858,User_VAR_200_3,5.0,3.0,928,1.0,0.6,0.6,0.7499999999999999
863,Sys_VAR_ref_200_1,4.85,3.92,931,0.97,0.784,0.76048,0.8671379703534778
863,Sys_VAR_ref_200_2,2.85,3.42,931,0.5700000000000001,0.6839999999999999,0.38988,0.6218181818181818
863,Sys_VAR_ref_200_3,2.15,2.8,931,0.43,0.5599999999999999,0.24079999999999996,0.4864646464646464
863,User_VAR_200_1,4.38,4.0,931,0.876,0.8,0.7008000000000001,0.8362768496420048
863,User_VAR_200_2,5.0,4.0,931,1.0,0.8,0.8,0.888888888888889
863,User_VAR_200_3,5.0,3.0,931,1.0,0.6,0.6,0.7499999999999999
868,Sys_VAR_ref_200_1,4.85,3.62,931,0.97,0.724,0.7022799999999999,0.8291381345926799
868,Sys_VAR_ref_200_2,4.85,3.65,931,0.97,0.73,0.7081,0.8330588235294117
868,Sys_VAR_ref_200_3,4.85,3.65,931,0.97,0.73,0.7081,0.8330588235294117
868,User_VAR_200_1,5.0,4.0,931,1.0,0.8,0.8,0.888888888888889
868,User_VAR_200_2,5.0,4.0,931,1.0,0.8,0.8,0.888888888888889
868,User_VAR_200_3,5.0,4.0,931,1.0,0.8,0.8,0.888888888888889
873,Sys_VAR_ref_200_1,4.85,4.2,943,0.97,0.8400000000000001,0.8148000000000001,0.9003314917127072
873,Sys_VAR_ref_200_2,4.85,4.2,943,0.97,0.8400000000000001,0.8148000000000001,0.9003314917127072
873,Sys_VAR_ref_200_3,4.85,3.6,943,0.97,0.72,0.6983999999999999,0.8265088757396449
873,User_VAR_200_1,5.0,4.0,943,1.0,0.8,0.8,0.888888888888889
873,User_VAR_200_2,5.0,4.0,943,1.0,0.8,0.8,0.888888888888889
873,User_VAR_200_3,5.0,4.0,943,1.0,0.8,0.8,0.888888888888889
874,Sys_VAR_ref_200_1,4.65,3.82,943,0.93,0.764,0.71052,0.8388665879574971
874,Sys_VAR_ref_200_2,4.85,3.65,943,0.97,0.73,0.7081,0.8330588235294117
874,Sys_VAR_ref_200_3,4.65,4.82,943,0.93,0.9640000000000001,0.8965200000000001,0.9466948257655755
874,User_VAR_200_1,5.0,4.0,943,1.0,0.8,0.8,0.888888888888889
874,User_VAR_200_2,4.0,4.0,943,0.8,0.8,0.6400000000000001,0.8000000000000002
874,User_VAR_200_3,4.0,4.0,943,0.8,0.8,0.6400000000000001,0.8000000000000002
885,Sys_VAR_ref_200_1,4.85,3.62,952,0.97,0.724,0.7022799999999999,0.8291381345926799
885,Sys_VAR_ref_200_2,4.85,3.65,952,0.97,0.73,0.7081,0.8330588235294117
885,Sys_VAR_ref_200_3,4.85,3.6,952,0.97,0.72,0.6983999999999999,0.8265088757396449
885,User_VAR_200_1,5.0,4.0,952,1.0,0.8,0.8,0.888888888888889
885,User_VAR_200_2,5.0,4.0,952,1.0,0.8,0.8,0.888888888888889
885,User_VAR_200_3,5.0,4.0,952,1.0,0.8,0.8,0.888888888888889
886,Sys_VAR_ref_200_1,4.85,4.62,952,0.97,0.924,0.89628,0.9464413938753959
886,Sys_VAR_ref_200_2,4.95,4.98,952,0.99,0.9960000000000001,0.9860400000000001,0.9929909365558913
886,Sys_VAR_ref_200_3,4.15,3.65,952,0.8300000000000001,0.73,0.6059,0.7767948717948717
886,User_VAR_200_1,5.0,4.0,952,1.0,0.8,0.8,0.888888888888889
886,User_VAR_200_2,5.0,4.0,952,1.0,0.8,0.8,0.888888888888889
886,User_VAR_200_3,5.0,4.0,952,1.0,0.8,0.8,0.888888888888889
897,Sys_VAR_ref_200_1,4.85,3.6,960,0.97,0.72,0.6983999999999999,0.8265088757396449
897,Sys_VAR_ref_200_2,4.85,2.9,960,0.97,0.58,0.5626,0.7259354838709678
897,Sys_VAR_ref_200_3,4.65,3.82,960,0.93,0.764,0.71052,0.8388665879574971
897,User_VAR_200_1,5.0,4.0,960,1.0,0.8,0.8,0.888888888888889
897,User_VAR_200_2,5.0,4.0,960,1.0,0.8,0.8,0.888888888888889
897,User_VAR_200_3,5.0,4.0,960,1.0,0.8,0.8,0.888888888888889
898,Sys_VAR_ref_200_1,4.65,3.8,960,0.93,0.76,0.7068000000000001,0.8364497041420119
898,Sys_VAR_ref_200_2,4.85,3.75,960,0.97,0.75,0.7275,0.8459302325581396
898,Sys_VAR_ref_200_3,4.65,3.85,960,0.93,0.77,0.7161000000000001,0.8424705882352941
898,User_VAR_200_1,5.0,3.0,960,1.0,0.6,0.6,0.7499999999999999
898,User_VAR_200_2,5.0,4.0,960,1.0,0.8,0.8,0.888888888888889
898,User_VAR_200_3,5.0,4.0,960,1.0,0.8,0.8,0.888888888888889
901,Sys_VAR_ref_200_1,4.85,3.72,962,0.97,0.744,0.72168,0.842100350058343
901,Sys_VAR_ref_200_2,4.15,3.85,962,0.8300000000000001,0.77,0.6391000000000001,0.7988750000000001
901,Sys_VAR_ref_200_3,4.85,4.62,962,0.97,0.924,0.89628,0.9464413938753959
901,User_VAR_200_1,4.44,4.0,962,0.8880000000000001,0.8,0.7104000000000001,0.8417061611374408
901,User_VAR_200_2,5.0,4.0,962,1.0,0.8,0.8,0.888888888888889
901,User_VAR_200_3,4.44,4.0,962,0.8880000000000001,0.8,0.7104000000000001,0.8417061611374408
907,Sys_VAR_ref_200_1,4.85,3.6,962,0.97,0.72,0.6983999999999999,0.8265088757396449
907,Sys_VAR_ref_200_2,4.85,3.62,962,0.97,0.724,0.7022799999999999,0.8291381345926799
907,Sys_VAR_ref_200_3,4.65,3.85,962,0.93,0.77,0.7161000000000001,0.8424705882352941
907,User_VAR_200_1,5.0,4.0,962,1.0,0.8,0.8,0.888888888888889
907,User_VAR_200_2,5.0,4.0,962,1.0,0.8,0.8,0.888888888888889
907,User_VAR_200_3,5.0,4.0,962,1.0,0.8,0.8,0.888888888888889
913,Sys_VAR_ref_200_1,3.85,3.6,968,0.77,0.72,0.5544,0.7441610738255033
913,Sys_VAR_ref_200_2,1.85,1.2,968,0.37,0.24,0.08879999999999999,0.2911475409836065
913,Sys_VAR_ref_200_3,3.85,2.9,968,0.77,0.58,0.4466,0.6616296296296296
913,User_VAR_200_1,3.57,3.0,968,0.714,0.6,0.42839999999999995,0.6520547945205478
913,User_VAR_200_2,5.0,4.0,968,1.0,0.8,0.8,0.888888888888889
913,User_VAR_200_3,2.14,4.0,968,0.42800000000000005,0.8,0.34240000000000004,0.5576547231270358
919,Sys_VAR_ref_200_1,4.85,3.65,968,0.97,0.73,0.7081,0.8330588235294117
919,Sys_VAR_ref_200_2,4.85,4.2,968,0.97,0.8400000000000001,0.8148000000000001,0.9003314917127072
919,Sys_VAR_ref_200_3,4.85,3.65,968,0.97,0.73,0.7081,0.8330588235294117
919,User_VAR_200_1,5.0,4.0,968,1.0,0.8,0.8,0.888888888888889
919,User_VAR_200_2,5.0,4.0,968,1.0,0.8,0.8,0.888888888888889
919,User_VAR_200_3,5.0,4.0,968,1.0,0.8,0.8,0.888888888888889
921,Sys_VAR_ref_200_1,4.25,2.85,971,0.85,0.5700000000000001,0.48450000000000004,0.6823943661971832
921,Sys_VAR_ref_200_2,4.15,2.85,971,0.8300000000000001,0.5700000000000001,0.4731000000000001,0.6758571428571429
921,Sys_VAR_ref_200_3,3.85,2.15,971,0.77,0.43,0.3311,0.5518333333333334
921,User_VAR_200_1,4.38,3.0,971,0.876,0.6,0.5256,0.7121951219512195
921,User_VAR_200_2,4.38,3.0,971,0.876,0.6,0.5256,0.7121951219512195
921,User_VAR_200_3,4.38,3.0,971,0.876,0.6,0.5256,0.7121951219512195
925,Sys_VAR_ref_200_1,3.85,1.2,971,0.77,0.24,0.1848,0.36594059405940593
925,Sys_VAR_ref_200_2,2.85,1.42,971,0.5700000000000001,0.284,0.16188,0.3791100702576112
925,Sys_VAR_ref_200_3,1.85,1.2,971,0.37,0.24,0.08879999999999999,0.2911475409836065
925,User_VAR_200_1,1.88,2.0,971,0.376,0.4,0.1504,0.38762886597938145
925,User_VAR_200_2,3.75,2.0,971,0.75,0.4,0.30000000000000004,0.5217391304347827
925,User_VAR_200_3,3.75,2.0,971,0.75,0.4,0.30000000000000004,0.5217391304347827
930,Sys_VAR_ref_200_1,3.45,4.12,972,0.6900000000000001,0.8240000000000001,0.5685600000000001,0.7510700132100396
930,Sys_VAR_ref_200_2,3.85,4.2,972,0.77,0.8400000000000001,0.6468,0.8034782608695652
930,Sys_VAR_ref_200_3,3.65,4.2,972,0.73,0.8400000000000001,0.6132000000000001,0.7811464968152867
930,User_VAR_200_1,2.78,2.0,972,0.5559999999999999,0.4,0.2224,0.46527196652719666
930,User_VAR_200_2,3.33,4.0,972,0.666,0.8,0.5328,0.7268758526603001
930,User_VAR_200_3,3.33,5.0,972,0.666,1.0,0.666,0.7995198079231693
938,Sys_VAR_ref_200_1,4.65,3.85,972,0.93,0.77,0.7161000000000001,0.8424705882352941
938,Sys_VAR_ref_200_2,4.85,3.2,972,0.97,0.64,0.6208,0.7711801242236026
938,Sys_VAR_ref_200_3,4.65,3.85,972,0.93,0.77,0.7161000000000001,0.8424705882352941
938,User_VAR_200_1,5.0,4.0,972,1.0,0.8,0.8,0.888888888888889
938,User_VAR_200_2,4.44,4.0,972,0.8880000000000001,0.8,0.7104000000000001,0.8417061611374408
938,User_VAR_200_3,5.0,4.0,972,1.0,0.8,0.8,0.888888888888889
943,Sys_VAR_ref_200_1,3.65,1.25,981,0.73,0.25,0.1825,0.37244897959183676
943,Sys_VAR_ref_200_2,3.42,1.5,981,0.6839999999999999,0.3,0.20519999999999997,0.41707317073170724
943,Sys_VAR_ref_200_3,2.85,1.2,981,0.5700000000000001,0.24,0.1368,0.3377777777777778
943,User_VAR_200_1,2.86,2.0,981,0.572,0.4,0.2288,0.47078189300411527
943,User_VAR_200_2,3.57,2.0,981,0.714,0.4,0.2856,0.5127468581687613
943,User_VAR_200_3,4.29,2.0,981,0.858,0.4,0.3432,0.5456279809220985
949,Sys_VAR_ref_200_1,3.82,1.5,981,0.764,0.3,0.2292,0.4308270676691729
949,Sys_VAR_ref_200_2,3.42,1.5,981,0.6839999999999999,0.3,0.20519999999999997,0.41707317073170724
949,Sys_VAR_ref_200_3,2.85,1.5,981,0.5700000000000001,0.3,0.171,0.3931034482758621
949,User_VAR_200_1,2.14,2.0,981,0.42800000000000005,0.4,0.17120000000000002,0.41352657004830917
949,User_VAR_200_2,3.12,2.0,981,0.624,0.4,0.24960000000000002,0.48750000000000004
949,User_VAR_200_3,4.17,3.0,981,0.834,0.6,0.5004,0.697907949790795
950,Sys_VAR_ref_200_1,3.42,1.15,982,0.6839999999999999,0.22999999999999998,0.15732,0.3442450765864333
950,Sys_VAR_ref_200_2,3.85,1.5,982,0.77,0.3,0.23099999999999998,0.4317757009345794
950,Sys_VAR_ref_200_3,2.15,1.5,982,0.43,0.3,0.129,0.35342465753424657
950,User_VAR_200_1,3.12,1.0,982,0.624,0.2,0.12480000000000001,0.3029126213592233
950,User_VAR_200_2,3.12,1.0,982,0.624,0.2,0.12480000000000001,0.3029126213592233
950,User_VAR_200_3,3.12,1.0,982,0.624,0.2,0.12480000000000001,0.3029126213592233
951,Sys_VAR_ref_200_1,4.15,1.5,982,0.8300000000000001,0.3,0.249,0.44070796460176986
951,Sys_VAR_ref_200_2,3.45,2.15,982,0.6900000000000001,0.43,0.2967,0.5298214285714286
951,Sys_VAR_ref_200_3,4.15,2.85,982,0.8300000000000001,0.5700000000000001,0.4731000000000001,0.6758571428571429
951,User_VAR_200_1,5.0,3.0,982,1.0,0.6,0.6,0.7499999999999999
951,User_VAR_200_2,5.0,2.0,982,1.0,0.4,0.4,0.5714285714285715
951,User_VAR_200_3,5.0,3.0,982,1.0,0.6,0.6,0.7499999999999999
960,Sys_VAR_ref_200_1,4.85,2.65,983,0.97,0.53,0.5141,0.6854666666666667
960,Sys_VAR_ref_200_2,4.12,2.35,983,0.8240000000000001,0.47000000000000003,0.38728000000000007,0.5985780525502319
960,Sys_VAR_ref_200_3,4.65,2.85,983,0.93,0.5700000000000001,0.5301000000000001,0.7068000000000002
960,User_VAR_200_1,4.44,4.0,983,0.8880000000000001,0.8,0.7104000000000001,0.8417061611374408
960,User_VAR_200_2,4.44,3.0,983,0.8880000000000001,0.6,0.5328,0.7161290322580646
960,User_VAR_200_3,4.44,2.0,983,0.8880000000000001,0.4,0.35520000000000007,0.5515527950310559
963,Sys_VAR_ref_200_1,3.45,1.5,983,0.6900000000000001,0.3,0.20700000000000002,0.4181818181818182
963,Sys_VAR_ref_200_2,3.45,1.5,983,0.6900000000000001,0.3,0.20700000000000002,0.4181818181818182
963,Sys_VAR_ref_200_3,3.85,1.5,983,0.77,0.3,0.23099999999999998,0.4317757009345794
963,User_VAR_200_1,5.0,2.0,983,1.0,0.4,0.4,0.5714285714285715
963,User_VAR_200_2,5.0,1.0,983,1.0,0.2,0.2,0.33333333333333337
963,User_VAR_200_3,5.0,2.0,983,1.0,0.4,0.4,0.5714285714285715
970,Sys_VAR_ref_200_1,3.85,4.12,985,0.77,0.8240000000000001,0.63448,0.7960853199498118
970,Sys_VAR_ref_200_2,2.85,3.65,985,0.5700000000000001,0.73,0.4161,0.6401538461538462
970,Sys_VAR_ref_200_3,2.85,3.65,985,0.5700000000000001,0.73,0.4161,0.6401538461538462
970,User_VAR_200_1,3.0,4.0,985,0.6,0.8,0.48,0.6857142857142857
970,User_VAR_200_2,3.0,4.0,985,0.6,0.8,0.48,0.6857142857142857
970,User_VAR_200_3,3.0,4.0,985,0.6,0.8,0.48,0.6857142857142857
971,Sys_VAR_ref_200_1,4.85,3.62,985,0.97,0.724,0.7022799999999999,0.8291381345926799
971,Sys_VAR_ref_200_2,4.82,3.85,985,0.9640000000000001,0.77,0.74228,0.8561476355247982
971,Sys_VAR_ref_200_3,4.85,3.65,985,0.97,0.73,0.7081,0.8330588235294117
971,User_VAR_200_1,5.0,5.0,985,1.0,1.0,1.0,1.0
971,User_VAR_200_2,5.0,4.0,985,1.0,0.8,0.8,0.888888888888889
971,User_VAR_200_3,5.0,5.0,985,1.0,1.0,1.0,1.0
981,Sys_VAR_ref_200_1,4.65,4.12,991,0.93,0.8240000000000001,0.7663200000000001,0.8737970353477766
981,Sys_VAR_ref_200_2,4.65,3.85,991,0.93,0.77,0.7161000000000001,0.8424705882352941
981,Sys_VAR_ref_200_3,4.65,4.12,991,0.93,0.8240000000000001,0.7663200000000001,0.8737970353477766
981,User_VAR_200_1,4.44,4.0,991,0.8880000000000001,0.8,0.7104000000000001,0.8417061611374408
981,User_VAR_200_2,4.44,4.0,991,0.8880000000000001,0.8,0.7104000000000001,0.8417061611374408
981,User_VAR_200_3,4.44,4.0,991,0.8880000000000001,0.8,0.7104000000000001,0.8417061611374408
985,Sys_VAR_ref_200_1,0.42,1.85,991,0.08399999999999999,0.37,0.031079999999999997,0.13691629955947135
985,Sys_VAR_ref_200_2,0.42,1.85,991,0.08399999999999999,0.37,0.031079999999999997,0.13691629955947135
985,Sys_VAR_ref_200_3,2.85,2.1,991,0.5700000000000001,0.42000000000000004,0.23940000000000006,0.4836363636363637
985,User_VAR_200_1,5.0,2.0,991,1.0,0.4,0.4,0.5714285714285715
985,User_VAR_200_2,0.56,3.0,991,0.11200000000000002,0.6,0.06720000000000001,0.18876404494382026
985,User_VAR_200_3,0.56,3.0,991,0.11200000000000002,0.6,0.06720000000000001,0.18876404494382026
993,Sys_VAR_ref_200_1,4.85,4.92,999,0.97,0.984,0.95448,0.976949846468782
993,Sys_VAR_ref_200_2,4.92,4.98,999,0.984,0.9960000000000001,0.980064,0.9899636363636364
993,Sys_VAR_ref_200_3,4.85,4.6,999,0.97,0.9199999999999999,0.8923999999999999,0.9443386243386243
993,User_VAR_200_1,5.0,3.0,999,1.0,0.6,0.6,0.7499999999999999
993,User_VAR_200_2,5.0,3.0,999,1.0,0.6,0.6,0.7499999999999999
993,User_VAR_200_3,5.0,5.0,999,1.0,1.0,1.0,1.0
998,Sys_VAR_ref_200_1,3.42,2.68,999,0.6839999999999999,0.536,0.366624,0.6010229508196722
998,Sys_VAR_ref_200_2,3.42,2.85,999,0.6839999999999999,0.5700000000000001,0.38988,0.6218181818181818
998,Sys_VAR_ref_200_3,3.85,2.45,999,0.77,0.49000000000000005,0.3773,0.5988888888888889
998,User_VAR_200_1,4.29,2.0,999,0.858,0.4,0.3432,0.5456279809220985
998,User_VAR_200_2,4.29,1.0,999,0.858,0.2,0.1716,0.3243856332703213
998,User_VAR_200_3,4.29,2.0,999,0.858,0.4,0.3432,0.5456279809220985
