source,class_id,alignment_norm,artifact_norm,composite_product,composite_harmonic
Sys_JiTfdloss_ref_1,4,0.95,0.62,0.6,0.75
Sys_JiTfdloss_ref_1,7,0.88,0.5,0.45,0.61
Sys_JiTfdloss_ref_1,10,0.92,0.8,0.74,0.85
Sys_JiTfdloss_ref_1,25,0.88,0.71,0.62,0.78
Sys_JiTfdloss_ref_1,35,0.86,0.76,0.66,0.8
Sys_JiTfdloss_ref_1,39,0.85,0.63,0.55,0.71
Sys_JiTfdloss_ref_1,49,0.87,0.64,0.58,0.73
Sys_JiTfdloss_ref_1,51,0.71,0.85,0.64,0.76
Sys_JiTfdloss_ref_1,52,0.63,0.68,0.44,0.65
Sys_JiTfdloss_ref_1,64,0.76,0.62,0.5,0.67
Sys_JiTfdloss_ref_1,80,0.83,0.44,0.39,0.57
Sys_JiTfdloss_ref_1,97,0.97,0.53,0.51,0.64
Sys_JiTfdloss_ref_1,106,0.86,0.41,0.36,0.54
Sys_JiTfdloss_ref_1,116,0.97,0.87,0.85,0.92
Sys_JiTfdloss_ref_1,118,0.8,0.52,0.42,0.63
Sys_JiTfdloss_ref_1,129,0.75,0.5,0.41,0.58
Sys_JiTfdloss_ref_1,144,0.77,0.3,0.23,0.43
Sys_JiTfdloss_ref_1,147,0.94,0.82,0.77,0.87
Sys_JiTfdloss_ref_1,150,0.79,0.51,0.41,0.6
Sys_JiTfdloss_ref_1,156,0.89,0.47,0.43,0.6
Sys_JiTfdloss_ref_1,159,0.66,0.39,0.25,0.46
Sys_JiTfdloss_ref_1,281,0.93,0.38,0.36,0.53
Sys_JiTfdloss_ref_1,300,0.91,0.86,0.8,0.88
Sys_JiTfdloss_ref_1,322,0.89,0.75,0.69,0.81
Sys_JiTfdloss_ref_1,330,0.74,0.52,0.4,0.6
Sys_JiTfdloss_ref_1,333,0.89,0.38,0.34,0.53
Sys_JiTfdloss_ref_1,339,0.65,0.49,0.36,0.55
Sys_JiTfdloss_ref_1,347,0.93,0.67,0.63,0.78
Sys_JiTfdloss_ref_1,356,0.86,0.65,0.57,0.72
Sys_JiTfdloss_ref_1,365,0.93,0.3,0.28,0.45
Sys_JiTfdloss_ref_1,370,0.84,0.59,0.53,0.68
Sys_JiTfdloss_ref_1,389,0.44,0.48,0.22,0.45
Sys_JiTfdloss_ref_1,392,0.84,0.63,0.52,0.68
Sys_JiTfdloss_ref_1,394,0.74,0.62,0.48,0.67
Sys_JiTfdloss_ref_1,396,0.96,0.82,0.78,0.88
Sys_JiTfdloss_ref_1,400,0.84,0.46,0.4,0.57
Sys_JiTfdloss_ref_1,405,0.74,0.64,0.51,0.68
Sys_JiTfdloss_ref_1,406,0.76,0.6,0.5,0.66
Sys_JiTfdloss_ref_1,413,0.65,0.41,0.32,0.48
Sys_JiTfdloss_ref_1,415,0.8,0.63,0.51,0.7
Sys_JiTfdloss_ref_1,419,0.83,0.53,0.46,0.62
Sys_JiTfdloss_ref_1,421,0.86,0.7,0.61,0.77
Sys_JiTfdloss_ref_1,426,0.71,0.46,0.34,0.56
Sys_JiTfdloss_ref_1,429,0.96,0.68,0.66,0.78
Sys_JiTfdloss_ref_1,432,0.92,0.53,0.49,0.64
Sys_JiTfdloss_ref_1,443,0.98,0.74,0.73,0.84
Sys_JiTfdloss_ref_1,446,0.79,0.55,0.45,0.64
Sys_JiTfdloss_ref_1,453,0.82,0.51,0.43,0.61
Sys_JiTfdloss_ref_1,461,0.94,0.66,0.63,0.76
Sys_JiTfdloss_ref_1,477,0.71,0.52,0.39,0.59
Sys_JiTfdloss_ref_1,479,0.86,0.65,0.57,0.73
Sys_JiTfdloss_ref_1,481,0.71,0.57,0.41,0.56
Sys_JiTfdloss_ref_1,488,0.96,0.86,0.83,0.9
Sys_JiTfdloss_ref_1,499,0.53,0.38,0.25,0.41
Sys_JiTfdloss_ref_1,529,0.76,0.37,0.29,0.47
Sys_JiTfdloss_ref_1,535,0.85,0.59,0.5,0.69
Sys_JiTfdloss_ref_1,554,0.73,0.38,0.27,0.47
Sys_JiTfdloss_ref_1,567,0.96,0.61,0.58,0.73
Sys_JiTfdloss_ref_1,575,0.86,0.54,0.47,0.65
Sys_JiTfdloss_ref_1,585,0.11,0.34,0.05,0.13
Sys_JiTfdloss_ref_1,590,0.7,0.47,0.35,0.56
Sys_JiTfdloss_ref_1,605,0.74,0.54,0.42,0.62
Sys_JiTfdloss_ref_1,606,0.79,0.67,0.53,0.71
Sys_JiTfdloss_ref_1,626,0.56,0.43,0.28,0.45
Sys_JiTfdloss_ref_1,632,0.86,0.59,0.52,0.7
Sys_JiTfdloss_ref_1,633,0.68,0.46,0.36,0.54
Sys_JiTfdloss_ref_1,634,0.81,0.46,0.38,0.58
Sys_JiTfdloss_ref_1,645,0.71,0.52,0.36,0.56
Sys_JiTfdloss_ref_1,654,0.93,0.55,0.52,0.68
Sys_JiTfdloss_ref_1,679,0.79,0.63,0.51,0.69
Sys_JiTfdloss_ref_1,687,0.97,0.84,0.82,0.9
Sys_JiTfdloss_ref_1,730,0.86,0.56,0.49,0.67
Sys_JiTfdloss_ref_1,743,0.87,0.7,0.62,0.77
Sys_JiTfdloss_ref_1,746,0.58,0.54,0.34,0.51
Sys_JiTfdloss_ref_1,755,0.97,0.79,0.77,0.87
Sys_JiTfdloss_ref_1,756,0.63,0.62,0.4,0.61
Sys_JiTfdloss_ref_1,806,0.86,0.65,0.57,0.73
Sys_JiTfdloss_ref_1,810,0.7,0.6,0.48,0.64
Sys_JiTfdloss_ref_1,819,0.75,0.45,0.34,0.53
Sys_JiTfdloss_ref_1,836,0.21,0.57,0.18,0.22
Sys_JiTfdloss_ref_1,903,0.8,0.57,0.47,0.64
Sys_JiTfdloss_ref_1,917,0.43,0.41,0.17,0.4
Sys_JiTfdloss_ref_1,919,0.3,0.26,0.08,0.27
Sys_JiTfdloss_ref_1,920,0.65,0.6,0.43,0.62
Sys_JiTfdloss_ref_1,922,0.5,0.35,0.2,0.4
Sys_JiTfdloss_ref_1,928,0.86,0.66,0.58,0.74
Sys_JiTfdloss_ref_1,931,0.98,0.81,0.79,0.87
Sys_JiTfdloss_ref_1,943,0.77,0.73,0.52,0.63
Sys_JiTfdloss_ref_1,952,0.98,0.87,0.85,0.92
Sys_JiTfdloss_ref_1,960,0.9,0.66,0.61,0.75
Sys_JiTfdloss_ref_1,962,0.96,0.64,0.61,0.76
Sys_JiTfdloss_ref_1,968,0.88,0.86,0.76,0.87
Sys_JiTfdloss_ref_1,971,0.91,0.73,0.66,0.8
Sys_JiTfdloss_ref_1,972,0.92,0.74,0.69,0.82
Sys_JiTfdloss_ref_1,981,0.76,0.39,0.3,0.51
Sys_JiTfdloss_ref_1,982,0.58,0.46,0.23,0.4
Sys_JiTfdloss_ref_1,983,0.76,0.45,0.36,0.56
Sys_JiTfdloss_ref_1,985,0.77,0.8,0.63,0.78
Sys_JiTfdloss_ref_1,991,0.85,0.76,0.65,0.8
Sys_JiTfdloss_ref_1,999,0.62,0.5,0.38,0.54
Sys_JiTfdloss_ref_2,4,0.95,0.67,0.64,0.78
Sys_JiTfdloss_ref_2,7,0.85,0.52,0.46,0.62
Sys_JiTfdloss_ref_2,10,0.88,0.73,0.66,0.78
Sys_JiTfdloss_ref_2,25,0.92,0.69,0.63,0.78
Sys_JiTfdloss_ref_2,35,0.78,0.71,0.56,0.74
Sys_JiTfdloss_ref_2,39,0.9,0.78,0.73,0.83
Sys_JiTfdloss_ref_2,49,0.79,0.7,0.6,0.74
Sys_JiTfdloss_ref_2,51,0.67,0.68,0.46,0.66
Sys_JiTfdloss_ref_2,52,0.63,0.71,0.45,0.66
Sys_JiTfdloss_ref_2,64,0.78,0.74,0.61,0.75
Sys_JiTfdloss_ref_2,80,0.86,0.53,0.47,0.64
Sys_JiTfdloss_ref_2,97,0.96,0.53,0.52,0.64
Sys_JiTfdloss_ref_2,106,0.91,0.4,0.37,0.55
Sys_JiTfdloss_ref_2,116,0.97,0.93,0.91,0.95
Sys_JiTfdloss_ref_2,118,0.78,0.47,0.36,0.58
Sys_JiTfdloss_ref_2,129,0.68,0.43,0.32,0.48
Sys_JiTfdloss_ref_2,144,0.74,0.37,0.29,0.48
Sys_JiTfdloss_ref_2,147,0.96,0.79,0.76,0.87
Sys_JiTfdloss_ref_2,150,0.82,0.54,0.46,0.63
Sys_JiTfdloss_ref_2,156,0.9,0.47,0.43,0.6
Sys_JiTfdloss_ref_2,159,0.7,0.36,0.25,0.47
Sys_JiTfdloss_ref_2,281,0.93,0.38,0.36,0.53
Sys_JiTfdloss_ref_2,300,0.91,0.82,0.78,0.86
Sys_JiTfdloss_ref_2,322,0.9,0.82,0.75,0.85
Sys_JiTfdloss_ref_2,330,0.75,0.56,0.45,0.63
Sys_JiTfdloss_ref_2,333,0.89,0.43,0.39,0.57
Sys_JiTfdloss_ref_2,339,0.72,0.45,0.37,0.55
Sys_JiTfdloss_ref_2,347,0.94,0.63,0.59,0.75
Sys_JiTfdloss_ref_2,356,0.86,0.59,0.53,0.7
Sys_JiTfdloss_ref_2,365,0.88,0.3,0.27,0.45
Sys_JiTfdloss_ref_2,370,0.84,0.69,0.55,0.69
Sys_JiTfdloss_ref_2,389,0.33,0.49,0.18,0.36
Sys_JiTfdloss_ref_2,392,0.84,0.7,0.58,0.74
Sys_JiTfdloss_ref_2,394,0.81,0.63,0.53,0.71
Sys_JiTfdloss_ref_2,396,0.94,0.8,0.76,0.86
Sys_JiTfdloss_ref_2,400,0.82,0.28,0.23,0.41
Sys_JiTfdloss_ref_2,405,0.69,0.66,0.5,0.67
Sys_JiTfdloss_ref_2,406,0.81,0.63,0.52,0.67
Sys_JiTfdloss_ref_2,413,0.76,0.46,0.4,0.54
Sys_JiTfdloss_ref_2,415,0.75,0.56,0.44,0.64
Sys_JiTfdloss_ref_2,419,0.93,0.67,0.63,0.77
Sys_JiTfdloss_ref_2,421,0.81,0.65,0.55,0.72
Sys_JiTfdloss_ref_2,426,0.54,0.37,0.2,0.43
Sys_JiTfdloss_ref_2,429,0.96,0.78,0.75,0.86
Sys_JiTfdloss_ref_2,432,0.84,0.55,0.48,0.65
Sys_JiTfdloss_ref_2,443,0.95,0.81,0.77,0.87
Sys_JiTfdloss_ref_2,446,0.89,0.65,0.59,0.75
Sys_JiTfdloss_ref_2,453,0.77,0.55,0.44,0.61
Sys_JiTfdloss_ref_2,461,0.94,0.8,0.76,0.87
Sys_JiTfdloss_ref_2,477,0.7,0.53,0.38,0.58
Sys_JiTfdloss_ref_2,479,0.84,0.7,0.6,0.76
Sys_JiTfdloss_ref_2,481,0.7,0.62,0.41,0.55
Sys_JiTfdloss_ref_2,488,0.94,0.9,0.85,0.92
Sys_JiTfdloss_ref_2,499,0.82,0.52,0.45,0.62
Sys_JiTfdloss_ref_2,529,0.67,0.35,0.24,0.45
Sys_JiTfdloss_ref_2,535,0.82,0.62,0.51,0.7
Sys_JiTfdloss_ref_2,554,0.73,0.4,0.3,0.48
Sys_JiTfdloss_ref_2,567,0.95,0.72,0.69,0.82
Sys_JiTfdloss_ref_2,575,0.92,0.7,0.64,0.78
Sys_JiTfdloss_ref_2,585,0.2,0.38,0.11,0.19
Sys_JiTfdloss_ref_2,590,0.73,0.47,0.36,0.58
Sys_JiTfdloss_ref_2,605,0.74,0.54,0.42,0.62
Sys_JiTfdloss_ref_2,606,0.72,0.65,0.48,0.68
Sys_JiTfdloss_ref_2,626,0.55,0.38,0.26,0.43
Sys_JiTfdloss_ref_2,632,0.87,0.55,0.49,0.66
Sys_JiTfdloss_ref_2,633,0.69,0.58,0.43,0.62
Sys_JiTfdloss_ref_2,634,0.58,0.59,0.34,0.55
Sys_JiTfdloss_ref_2,645,0.67,0.58,0.4,0.61
Sys_JiTfdloss_ref_2,654,0.92,0.53,0.5,0.67
Sys_JiTfdloss_ref_2,679,0.83,0.61,0.51,0.7
Sys_JiTfdloss_ref_2,687,0.97,0.79,0.77,0.87
Sys_JiTfdloss_ref_2,730,0.86,0.51,0.45,0.62
Sys_JiTfdloss_ref_2,743,0.78,0.62,0.49,0.67
Sys_JiTfdloss_ref_2,746,0.5,0.58,0.3,0.48
Sys_JiTfdloss_ref_2,755,0.97,0.82,0.8,0.89
Sys_JiTfdloss_ref_2,756,0.56,0.55,0.32,0.53
Sys_JiTfdloss_ref_2,806,0.84,0.55,0.46,0.65
Sys_JiTfdloss_ref_2,810,0.66,0.57,0.45,0.57
Sys_JiTfdloss_ref_2,819,0.88,0.43,0.38,0.56
Sys_JiTfdloss_ref_2,836,0.23,0.46,0.13,0.2
Sys_JiTfdloss_ref_2,903,0.73,0.34,0.24,0.45
Sys_JiTfdloss_ref_2,917,0.55,0.44,0.26,0.49
Sys_JiTfdloss_ref_2,919,0.39,0.25,0.1,0.29
Sys_JiTfdloss_ref_2,920,0.7,0.58,0.44,0.6
Sys_JiTfdloss_ref_2,922,0.63,0.42,0.27,0.5
Sys_JiTfdloss_ref_2,928,0.87,0.68,0.59,0.76
Sys_JiTfdloss_ref_2,931,0.97,0.78,0.76,0.85
Sys_JiTfdloss_ref_2,943,0.74,0.68,0.45,0.58
Sys_JiTfdloss_ref_2,952,0.98,0.86,0.84,0.91
Sys_JiTfdloss_ref_2,960,0.81,0.7,0.59,0.73
Sys_JiTfdloss_ref_2,962,0.95,0.66,0.63,0.77
Sys_JiTfdloss_ref_2,968,0.85,0.75,0.66,0.8
Sys_JiTfdloss_ref_2,971,0.93,0.72,0.67,0.81
Sys_JiTfdloss_ref_2,972,0.83,0.7,0.62,0.75
Sys_JiTfdloss_ref_2,981,0.74,0.45,0.34,0.55
Sys_JiTfdloss_ref_2,982,0.52,0.46,0.21,0.37
Sys_JiTfdloss_ref_2,983,0.78,0.43,0.35,0.55
Sys_JiTfdloss_ref_2,985,0.74,0.74,0.54,0.73
Sys_JiTfdloss_ref_2,991,0.87,0.72,0.64,0.79
Sys_JiTfdloss_ref_2,999,0.64,0.47,0.36,0.54
Sys_JiTfdloss_ref_3,4,0.94,0.65,0.6,0.75
Sys_JiTfdloss_ref_3,7,0.89,0.49,0.46,0.61
Sys_JiTfdloss_ref_3,10,0.95,0.73,0.7,0.8
Sys_JiTfdloss_ref_3,25,0.89,0.68,0.61,0.75
Sys_JiTfdloss_ref_3,35,0.84,0.72,0.62,0.77
Sys_JiTfdloss_ref_3,39,0.88,0.67,0.61,0.74
Sys_JiTfdloss_ref_3,49,0.88,0.68,0.63,0.76
Sys_JiTfdloss_ref_3,51,0.69,0.76,0.56,0.72
Sys_JiTfdloss_ref_3,52,0.72,0.86,0.62,0.75
Sys_JiTfdloss_ref_3,64,0.69,0.63,0.5,0.65
Sys_JiTfdloss_ref_3,80,0.81,0.52,0.45,0.62
Sys_JiTfdloss_ref_3,97,0.97,0.54,0.53,0.65
Sys_JiTfdloss_ref_3,106,0.9,0.41,0.37,0.55
Sys_JiTfdloss_ref_3,116,0.98,0.93,0.91,0.95
Sys_JiTfdloss_ref_3,118,0.82,0.6,0.5,0.69
Sys_JiTfdloss_ref_3,129,0.71,0.47,0.36,0.54
Sys_JiTfdloss_ref_3,144,0.82,0.39,0.33,0.52
Sys_JiTfdloss_ref_3,147,0.93,0.74,0.69,0.82
Sys_JiTfdloss_ref_3,150,0.84,0.48,0.41,0.6
Sys_JiTfdloss_ref_3,156,0.94,0.45,0.42,0.59
Sys_JiTfdloss_ref_3,159,0.69,0.38,0.27,0.48
Sys_JiTfdloss_ref_3,281,0.95,0.38,0.36,0.53
Sys_JiTfdloss_ref_3,300,0.91,0.88,0.84,0.89
Sys_JiTfdloss_ref_3,322,0.86,0.64,0.57,0.73
Sys_JiTfdloss_ref_3,330,0.76,0.52,0.41,0.6
Sys_JiTfdloss_ref_3,333,0.9,0.37,0.33,0.52
Sys_JiTfdloss_ref_3,339,0.69,0.5,0.4,0.57
Sys_JiTfdloss_ref_3,347,0.92,0.67,0.63,0.77
Sys_JiTfdloss_ref_3,356,0.87,0.57,0.5,0.67
Sys_JiTfdloss_ref_3,365,0.9,0.39,0.35,0.52
Sys_JiTfdloss_ref_3,370,0.79,0.56,0.49,0.64
Sys_JiTfdloss_ref_3,389,0.31,0.53,0.2,0.37
Sys_JiTfdloss_ref_3,392,0.81,0.72,0.57,0.71
Sys_JiTfdloss_ref_3,394,0.9,0.66,0.6,0.75
Sys_JiTfdloss_ref_3,396,0.96,0.81,0.78,0.87
Sys_JiTfdloss_ref_3,400,0.85,0.59,0.53,0.67
Sys_JiTfdloss_ref_3,405,0.66,0.68,0.5,0.66
Sys_JiTfdloss_ref_3,406,0.84,0.71,0.6,0.75
Sys_JiTfdloss_ref_3,413,0.62,0.38,0.29,0.44
Sys_JiTfdloss_ref_3,415,0.81,0.5,0.42,0.61
Sys_JiTfdloss_ref_3,419,0.84,0.6,0.55,0.69
Sys_JiTfdloss_ref_3,421,0.88,0.72,0.64,0.78
Sys_JiTfdloss_ref_3,426,0.64,0.54,0.35,0.57
Sys_JiTfdloss_ref_3,429,0.98,0.85,0.84,0.91
Sys_JiTfdloss_ref_3,432,0.9,0.49,0.43,0.61
Sys_JiTfdloss_ref_3,443,0.92,0.79,0.74,0.85
Sys_JiTfdloss_ref_3,446,0.78,0.49,0.4,0.6
Sys_JiTfdloss_ref_3,453,0.8,0.65,0.52,0.7
Sys_JiTfdloss_ref_3,461,0.97,0.68,0.66,0.79
Sys_JiTfdloss_ref_3,477,0.73,0.58,0.44,0.64
Sys_JiTfdloss_ref_3,479,0.81,0.64,0.53,0.71
Sys_JiTfdloss_ref_3,481,0.74,0.51,0.36,0.57
Sys_JiTfdloss_ref_3,488,0.91,0.85,0.77,0.87
Sys_JiTfdloss_ref_3,499,0.77,0.49,0.42,0.55
Sys_JiTfdloss_ref_3,529,0.75,0.32,0.24,0.45
Sys_JiTfdloss_ref_3,535,0.78,0.64,0.49,0.68
Sys_JiTfdloss_ref_3,554,0.72,0.44,0.31,0.51
Sys_JiTfdloss_ref_3,567,0.94,0.61,0.58,0.73
Sys_JiTfdloss_ref_3,575,0.93,0.65,0.61,0.75
Sys_JiTfdloss_ref_3,585,0.03,0.41,0.01,0.05
Sys_JiTfdloss_ref_3,590,0.69,0.5,0.35,0.58
Sys_JiTfdloss_ref_3,605,0.72,0.52,0.39,0.59
Sys_JiTfdloss_ref_3,606,0.79,0.69,0.55,0.73
Sys_JiTfdloss_ref_3,626,0.6,0.42,0.29,0.48
Sys_JiTfdloss_ref_3,632,0.92,0.68,0.63,0.78
Sys_JiTfdloss_ref_3,633,0.79,0.58,0.5,0.67
Sys_JiTfdloss_ref_3,634,0.81,0.59,0.48,0.66
Sys_JiTfdloss_ref_3,645,0.78,0.5,0.39,0.57
Sys_JiTfdloss_ref_3,654,0.96,0.48,0.46,0.63
Sys_JiTfdloss_ref_3,679,0.8,0.68,0.58,0.73
Sys_JiTfdloss_ref_3,687,0.98,0.87,0.85,0.92
Sys_JiTfdloss_ref_3,730,0.83,0.61,0.53,0.7
Sys_JiTfdloss_ref_3,743,0.83,0.66,0.56,0.72
Sys_JiTfdloss_ref_3,746,0.54,0.53,0.32,0.5
Sys_JiTfdloss_ref_3,755,0.94,0.77,0.73,0.84
Sys_JiTfdloss_ref_3,756,0.6,0.58,0.37,0.56
Sys_JiTfdloss_ref_3,806,0.88,0.66,0.59,0.73
Sys_JiTfdloss_ref_3,810,0.69,0.54,0.44,0.6
Sys_JiTfdloss_ref_3,819,0.85,0.46,0.4,0.59
Sys_JiTfdloss_ref_3,836,0.07,0.57,0.06,0.11
Sys_JiTfdloss_ref_3,903,0.74,0.44,0.34,0.54
Sys_JiTfdloss_ref_3,917,0.51,0.41,0.2,0.41
Sys_JiTfdloss_ref_3,919,0.33,0.25,0.09,0.27
Sys_JiTfdloss_ref_3,920,0.78,0.54,0.45,0.62
Sys_JiTfdloss_ref_3,922,0.66,0.45,0.31,0.53
Sys_JiTfdloss_ref_3,928,0.89,0.64,0.58,0.73
Sys_JiTfdloss_ref_3,931,0.98,0.71,0.7,0.8
Sys_JiTfdloss_ref_3,943,0.74,0.6,0.42,0.56
Sys_JiTfdloss_ref_3,952,0.94,0.82,0.79,0.86
Sys_JiTfdloss_ref_3,960,0.89,0.54,0.5,0.66
Sys_JiTfdloss_ref_3,962,0.94,0.63,0.59,0.73
Sys_JiTfdloss_ref_3,968,0.89,0.79,0.71,0.84
Sys_JiTfdloss_ref_3,971,0.92,0.8,0.74,0.85
Sys_JiTfdloss_ref_3,972,0.89,0.61,0.56,0.72
Sys_JiTfdloss_ref_3,981,0.68,0.39,0.27,0.49
Sys_JiTfdloss_ref_3,982,0.56,0.36,0.23,0.39
Sys_JiTfdloss_ref_3,983,0.78,0.44,0.36,0.57
Sys_JiTfdloss_ref_3,985,0.68,0.84,0.6,0.74
Sys_JiTfdloss_ref_3,991,0.9,0.72,0.66,0.8
Sys_JiTfdloss_ref_3,999,0.55,0.44,0.29,0.46
User_JiTfdloss_1,4,0.98,0.72,0.71,0.82
User_JiTfdloss_1,7,0.91,0.64,0.59,0.74
User_JiTfdloss_1,10,0.91,0.92,0.84,0.91
User_JiTfdloss_1,25,1.0,0.8,0.8,0.88
User_JiTfdloss_1,35,0.86,0.76,0.66,0.79
User_JiTfdloss_1,39,0.95,0.76,0.73,0.83
User_JiTfdloss_1,49,0.97,0.68,0.67,0.79
User_JiTfdloss_1,51,0.71,0.88,0.66,0.77
User_JiTfdloss_1,52,0.64,0.68,0.47,0.65
User_JiTfdloss_1,64,0.84,0.8,0.7,0.81
User_JiTfdloss_1,80,0.92,0.6,0.57,0.72
User_JiTfdloss_1,97,1.0,0.8,0.8,0.88
User_JiTfdloss_1,106,1.0,0.64,0.64,0.77
User_JiTfdloss_1,116,1.0,0.96,0.96,0.98
User_JiTfdloss_1,118,0.75,0.68,0.54,0.7
User_JiTfdloss_1,129,0.63,0.64,0.43,0.63
User_JiTfdloss_1,144,0.93,0.56,0.52,0.69
User_JiTfdloss_1,147,1.0,0.93,0.93,0.96
User_JiTfdloss_1,159,0.83,0.4,0.33,0.54
User_JiTfdloss_1,281,1.0,0.64,0.64,0.77
User_JiTfdloss_1,300,0.8,0.92,0.76,0.78
User_JiTfdloss_1,322,0.94,0.84,0.79,0.88
User_JiTfdloss_1,330,0.81,0.6,0.51,0.66
User_JiTfdloss_1,333,0.97,0.56,0.54,0.7
User_JiTfdloss_1,339,0.73,0.48,0.4,0.57
User_JiTfdloss_1,347,0.98,0.76,0.74,0.85
User_JiTfdloss_1,356,0.82,0.64,0.53,0.71
User_JiTfdloss_1,365,0.85,0.6,0.51,0.69
User_JiTfdloss_1,370,0.93,0.68,0.63,0.77
User_JiTfdloss_1,389,0.36,0.6,0.24,0.42
User_JiTfdloss_1,392,0.94,0.72,0.67,0.8
User_JiTfdloss_1,394,0.85,0.72,0.65,0.77
User_JiTfdloss_1,396,0.97,0.84,0.82,0.89
User_JiTfdloss_1,400,0.85,0.44,0.39,0.57
User_JiTfdloss_1,405,0.78,0.68,0.52,0.66
User_JiTfdloss_1,406,0.78,0.52,0.43,0.62
User_JiTfdloss_1,413,0.76,0.52,0.46,0.61
User_JiTfdloss_1,415,0.77,0.64,0.5,0.69
User_JiTfdloss_1,419,0.98,0.56,0.54,0.68
User_JiTfdloss_1,421,0.91,0.68,0.62,0.77
User_JiTfdloss_1,426,0.6,0.48,0.29,0.52
User_JiTfdloss_1,429,0.93,0.76,0.7,0.82
User_JiTfdloss_1,432,1.0,0.56,0.56,0.71
User_JiTfdloss_1,443,0.95,0.72,0.69,0.81
User_JiTfdloss_1,446,0.9,0.6,0.55,0.72
User_JiTfdloss_1,453,0.75,0.56,0.42,0.62
User_JiTfdloss_1,461,0.93,0.76,0.71,0.81
User_JiTfdloss_1,477,0.58,0.64,0.35,0.5
User_JiTfdloss_1,479,0.79,0.64,0.51,0.7
User_JiTfdloss_1,481,0.68,0.6,0.41,0.6
User_JiTfdloss_1,488,1.0,0.84,0.84,0.91
User_JiTfdloss_1,499,0.52,0.56,0.34,0.49
User_JiTfdloss_1,529,0.77,0.48,0.37,0.57
User_JiTfdloss_1,535,0.76,0.64,0.48,0.67
User_JiTfdloss_1,554,0.0,0.4,0.0,0.0
User_JiTfdloss_1,567,0.98,0.72,0.71,0.83
User_JiTfdloss_1,575,0.98,0.64,0.62,0.75
User_JiTfdloss_1,585,0.25,0.4,0.18,0.26
User_JiTfdloss_1,590,0.74,0.4,0.32,0.52
User_JiTfdloss_1,605,0.81,0.48,0.4,0.59
User_JiTfdloss_1,606,0.67,0.6,0.43,0.61
User_JiTfdloss_1,626,0.72,0.48,0.39,0.57
User_JiTfdloss_1,632,0.87,0.6,0.53,0.7
User_JiTfdloss_1,633,0.71,0.64,0.49,0.66
User_JiTfdloss_1,634,0.51,0.56,0.26,0.45
User_JiTfdloss_1,645,0.81,0.6,0.5,0.68
User_JiTfdloss_1,654,1.0,0.52,0.52,0.67
User_JiTfdloss_1,679,0.61,0.56,0.35,0.58
User_JiTfdloss_1,687,1.0,0.84,0.84,0.91
User_JiTfdloss_1,730,0.72,0.52,0.41,0.58
User_JiTfdloss_1,743,0.88,0.8,0.71,0.83
User_JiTfdloss_1,746,0.61,0.56,0.37,0.56
User_JiTfdloss_1,755,1.0,0.76,0.76,0.86
User_JiTfdloss_1,756,0.59,0.6,0.37,0.57
User_JiTfdloss_1,806,0.87,0.76,0.66,0.81
User_JiTfdloss_1,810,0.65,0.48,0.33,0.52
User_JiTfdloss_1,819,0.6,0.44,0.28,0.44
User_JiTfdloss_1,836,0.06,0.64,0.05,0.1
User_JiTfdloss_1,903,0.86,0.4,0.36,0.52
User_JiTfdloss_1,917,0.72,0.44,0.32,0.54
User_JiTfdloss_1,919,0.52,0.28,0.14,0.35
User_JiTfdloss_1,920,0.65,0.64,0.48,0.62
User_JiTfdloss_1,922,0.54,0.36,0.17,0.33
User_JiTfdloss_1,928,0.84,0.68,0.59,0.74
User_JiTfdloss_1,931,1.0,0.76,0.76,0.86
User_JiTfdloss_1,943,0.7,0.56,0.45,0.59
User_JiTfdloss_1,952,1.0,0.84,0.84,0.91
User_JiTfdloss_1,960,1.0,0.56,0.56,0.71
User_JiTfdloss_1,962,1.0,0.64,0.64,0.77
User_JiTfdloss_1,968,0.94,0.84,0.79,0.88
User_JiTfdloss_1,971,0.98,0.8,0.78,0.88
User_JiTfdloss_1,972,0.93,0.72,0.69,0.81
User_JiTfdloss_1,981,0.73,0.4,0.29,0.51
User_JiTfdloss_1,982,0.6,0.32,0.2,0.33
User_JiTfdloss_1,983,0.79,0.48,0.39,0.6
User_JiTfdloss_1,985,0.76,0.84,0.65,0.79
User_JiTfdloss_1,991,0.87,0.84,0.74,0.85
User_JiTfdloss_1,999,0.81,0.48,0.44,0.58
User_JiTfdloss_2,4,1.0,0.72,0.72,0.83
User_JiTfdloss_2,7,0.87,0.64,0.56,0.73
User_JiTfdloss_2,10,0.83,0.8,0.67,0.81
User_JiTfdloss_2,25,1.0,0.8,0.8,0.88
User_JiTfdloss_2,35,0.86,0.64,0.58,0.73
User_JiTfdloss_2,39,0.9,0.72,0.67,0.78
User_JiTfdloss_2,49,0.98,0.68,0.67,0.79
User_JiTfdloss_2,51,0.71,0.76,0.59,0.71
User_JiTfdloss_2,52,0.81,0.72,0.57,0.72
User_JiTfdloss_2,64,0.87,0.6,0.55,0.7
User_JiTfdloss_2,80,0.8,0.56,0.48,0.6
User_JiTfdloss_2,97,1.0,0.88,0.88,0.93
User_JiTfdloss_2,106,1.0,0.68,0.68,0.78
User_JiTfdloss_2,116,1.0,0.96,0.96,0.98
User_JiTfdloss_2,118,0.77,0.6,0.47,0.66
User_JiTfdloss_2,129,0.73,0.56,0.45,0.63
User_JiTfdloss_2,144,0.93,0.52,0.49,0.66
User_JiTfdloss_2,147,1.0,0.76,0.76,0.85
User_JiTfdloss_2,150,0.88,0.56,0.48,0.65
User_JiTfdloss_2,156,0.91,0.64,0.61,0.75
User_JiTfdloss_2,159,0.81,0.48,0.39,0.57
User_JiTfdloss_2,281,1.0,0.64,0.64,0.77
User_JiTfdloss_2,300,0.95,0.92,0.88,0.93
User_JiTfdloss_2,322,0.91,0.8,0.77,0.85
User_JiTfdloss_2,330,0.8,0.56,0.46,0.65
User_JiTfdloss_2,333,0.93,0.56,0.53,0.7
User_JiTfdloss_2,339,0.64,0.52,0.39,0.53
User_JiTfdloss_2,347,1.0,0.72,0.72,0.83
User_JiTfdloss_2,356,0.82,0.68,0.57,0.73
User_JiTfdloss_2,365,0.85,0.6,0.5,0.69
User_JiTfdloss_2,370,0.93,0.68,0.63,0.77
User_JiTfdloss_2,389,0.4,0.72,0.35,0.49
User_JiTfdloss_2,392,0.97,0.72,0.69,0.81
User_JiTfdloss_2,394,0.79,0.72,0.6,0.74
User_JiTfdloss_2,396,0.97,0.84,0.82,0.9
User_JiTfdloss_2,400,0.76,0.56,0.46,0.58
User_JiTfdloss_2,405,0.75,0.68,0.5,0.65
User_JiTfdloss_2,406,0.76,0.6,0.49,0.66
User_JiTfdloss_2,413,0.8,0.56,0.51,0.64
User_JiTfdloss_2,415,0.8,0.68,0.56,0.72
User_JiTfdloss_2,419,0.95,0.68,0.65,0.78
User_JiTfdloss_2,421,0.93,0.76,0.72,0.84
User_JiTfdloss_2,426,0.6,0.44,0.26,0.5
User_JiTfdloss_2,429,0.98,0.68,0.67,0.79
User_JiTfdloss_2,432,0.88,0.68,0.61,0.76
User_JiTfdloss_2,443,0.95,0.84,0.8,0.89
User_JiTfdloss_2,446,0.78,0.6,0.47,0.68
User_JiTfdloss_2,453,0.73,0.64,0.51,0.67
User_JiTfdloss_2,461,0.93,0.72,0.67,0.79
User_JiTfdloss_2,477,0.73,0.6,0.44,0.65
User_JiTfdloss_2,479,0.81,0.68,0.55,0.73
User_JiTfdloss_2,481,0.7,0.56,0.4,0.61
User_JiTfdloss_2,488,0.98,0.84,0.83,0.9
User_JiTfdloss_2,499,0.84,0.44,0.41,0.56
User_JiTfdloss_2,529,0.63,0.32,0.21,0.41
User_JiTfdloss_2,535,0.72,0.64,0.48,0.68
User_JiTfdloss_2,554,0.3,0.4,0.12,0.2
User_JiTfdloss_2,567,0.98,0.72,0.71,0.83
User_JiTfdloss_2,575,0.98,0.64,0.62,0.75
User_JiTfdloss_2,585,0.25,0.44,0.18,0.26
User_JiTfdloss_2,590,0.76,0.48,0.38,0.58
User_JiTfdloss_2,605,0.78,0.56,0.45,0.64
User_JiTfdloss_2,606,0.76,0.72,0.55,0.72
User_JiTfdloss_2,626,0.76,0.56,0.45,0.57
User_JiTfdloss_2,632,0.77,0.64,0.52,0.7
User_JiTfdloss_2,633,0.74,0.64,0.51,0.68
User_JiTfdloss_2,634,0.66,0.56,0.4,0.58
User_JiTfdloss_2,645,0.81,0.44,0.36,0.54
User_JiTfdloss_2,654,1.0,0.6,0.6,0.74
User_JiTfdloss_2,679,0.65,0.64,0.45,0.63
User_JiTfdloss_2,687,1.0,0.84,0.84,0.91
User_JiTfdloss_2,730,0.75,0.52,0.42,0.59
User_JiTfdloss_2,743,0.8,0.72,0.61,0.73
User_JiTfdloss_2,746,0.67,0.44,0.34,0.51
User_JiTfdloss_2,755,0.98,0.96,0.94,0.97
User_JiTfdloss_2,756,0.47,0.56,0.29,0.44
User_JiTfdloss_2,806,0.9,0.68,0.61,0.76
User_JiTfdloss_2,810,0.75,0.56,0.46,0.62
User_JiTfdloss_2,819,0.97,0.56,0.53,0.68
User_JiTfdloss_2,836,0.06,0.52,0.04,0.1
User_JiTfdloss_2,903,0.83,0.52,0.45,0.63
User_JiTfdloss_2,917,0.56,0.32,0.17,0.37
User_JiTfdloss_2,919,0.49,0.32,0.15,0.36
User_JiTfdloss_2,920,0.82,0.68,0.59,0.73
User_JiTfdloss_2,922,0.52,0.44,0.23,0.39
User_JiTfdloss_2,928,0.9,0.72,0.66,0.8
User_JiTfdloss_2,931,1.0,0.76,0.76,0.84
User_JiTfdloss_2,943,0.7,0.56,0.45,0.59
User_JiTfdloss_2,952,1.0,0.8,0.8,0.87
User_JiTfdloss_2,960,0.95,0.48,0.46,0.63
User_JiTfdloss_2,962,1.0,0.68,0.68,0.8
User_JiTfdloss_2,968,0.97,0.84,0.82,0.9
User_JiTfdloss_2,971,0.98,0.64,0.62,0.76
User_JiTfdloss_2,972,0.93,0.72,0.68,0.8
User_JiTfdloss_2,981,0.82,0.48,0.39,0.59
User_JiTfdloss_2,982,0.75,0.36,0.3,0.45
User_JiTfdloss_2,983,0.81,0.48,0.4,0.6
User_JiTfdloss_2,985,0.76,0.8,0.62,0.77
User_JiTfdloss_2,991,0.9,0.8,0.72,0.84
User_JiTfdloss_2,999,0.62,0.56,0.39,0.54
User_JiTfdloss_3,4,1.0,0.72,0.72,0.83
User_JiTfdloss_3,7,0.91,0.56,0.51,0.67
User_JiTfdloss_3,10,0.89,0.72,0.66,0.79
User_JiTfdloss_3,25,1.0,0.84,0.84,0.91
User_JiTfdloss_3,35,0.96,0.72,0.7,0.81
User_JiTfdloss_3,39,0.95,0.68,0.66,0.77
User_JiTfdloss_3,49,0.95,0.72,0.69,0.81
User_JiTfdloss_3,51,0.71,0.72,0.51,0.67
User_JiTfdloss_3,52,0.74,0.8,0.61,0.75
User_JiTfdloss_3,64,0.89,0.68,0.61,0.76
User_JiTfdloss_3,80,0.96,0.6,0.59,0.72
User_JiTfdloss_3,97,1.0,0.84,0.84,0.91
User_JiTfdloss_3,106,1.0,0.6,0.6,0.73
User_JiTfdloss_3,116,1.0,1.0,1.0,1.0
User_JiTfdloss_3,118,0.76,0.64,0.49,0.67
User_JiTfdloss_3,129,0.73,0.64,0.5,0.67
User_JiTfdloss_3,144,0.9,0.64,0.58,0.75
User_JiTfdloss_3,147,1.0,0.8,0.8,0.89
User_JiTfdloss_3,150,0.94,0.68,0.65,0.79
User_JiTfdloss_3,156,0.97,0.72,0.7,0.82
User_JiTfdloss_3,159,0.8,0.52,0.42,0.59
User_JiTfdloss_3,281,1.0,0.64,0.64,0.77
User_JiTfdloss_3,300,0.92,0.92,0.86,0.92
User_JiTfdloss_3,322,0.91,0.64,0.61,0.74
User_JiTfdloss_3,330,0.8,0.6,0.49,0.67
User_JiTfdloss_3,333,0.93,0.68,0.64,0.78
User_JiTfdloss_3,339,0.56,0.56,0.35,0.46
User_JiTfdloss_3,347,1.0,0.72,0.72,0.83
User_JiTfdloss_3,356,0.82,0.68,0.57,0.73
User_JiTfdloss_3,365,0.86,0.72,0.62,0.77
User_JiTfdloss_3,370,0.9,0.76,0.68,0.81
User_JiTfdloss_3,389,0.33,0.6,0.24,0.4
User_JiTfdloss_3,392,0.94,0.72,0.67,0.8
User_JiTfdloss_3,394,0.91,0.68,0.63,0.76
User_JiTfdloss_3,396,0.97,0.84,0.82,0.9
User_JiTfdloss_3,400,0.87,0.6,0.54,0.69
User_JiTfdloss_3,405,0.78,0.68,0.55,0.69
User_JiTfdloss_3,406,0.78,0.68,0.53,0.7
User_JiTfdloss_3,413,0.8,0.52,0.47,0.61
User_JiTfdloss_3,415,0.77,0.64,0.52,0.69
User_JiTfdloss_3,419,0.83,0.56,0.45,0.63
User_JiTfdloss_3,421,0.84,0.76,0.65,0.8
User_JiTfdloss_3,426,0.6,0.44,0.26,0.5
User_JiTfdloss_3,429,0.95,0.8,0.76,0.87
User_JiTfdloss_3,432,0.9,0.56,0.54,0.68
User_JiTfdloss_3,443,0.95,0.84,0.8,0.89
User_JiTfdloss_3,446,0.79,0.6,0.48,0.66
User_JiTfdloss_3,453,0.75,0.6,0.47,0.66
User_JiTfdloss_3,461,0.76,0.76,0.6,0.67
User_JiTfdloss_3,477,0.6,0.6,0.33,0.49
User_JiTfdloss_3,479,0.89,0.68,0.62,0.76
User_JiTfdloss_3,481,0.73,0.6,0.44,0.64
User_JiTfdloss_3,488,1.0,0.84,0.84,0.91
User_JiTfdloss_3,499,0.61,0.56,0.37,0.53
User_JiTfdloss_3,529,0.78,0.44,0.35,0.54
User_JiTfdloss_3,535,0.71,0.72,0.51,0.71
User_JiTfdloss_3,554,0.2,0.4,0.08,0.11
User_JiTfdloss_3,567,0.98,0.72,0.71,0.83
User_JiTfdloss_3,575,0.98,0.68,0.66,0.79
User_JiTfdloss_3,585,0.25,0.44,0.18,0.26
User_JiTfdloss_3,590,0.72,0.44,0.32,0.54
User_JiTfdloss_3,605,0.77,0.56,0.45,0.64
User_JiTfdloss_3,606,0.65,0.6,0.41,0.6
User_JiTfdloss_3,626,0.81,0.52,0.44,0.61
User_JiTfdloss_3,632,0.87,0.64,0.56,0.73
User_JiTfdloss_3,633,0.78,0.68,0.58,0.72
User_JiTfdloss_3,634,0.66,0.56,0.4,0.61
User_JiTfdloss_3,645,0.84,0.52,0.44,0.63
User_JiTfdloss_3,654,0.98,0.52,0.51,0.66
User_JiTfdloss_3,679,0.68,0.56,0.41,0.61
User_JiTfdloss_3,687,1.0,0.88,0.88,0.93
User_JiTfdloss_3,730,0.76,0.48,0.38,0.58
User_JiTfdloss_3,743,0.72,0.76,0.57,0.69
User_JiTfdloss_3,746,0.61,0.6,0.4,0.58
User_JiTfdloss_3,755,0.98,0.88,0.86,0.92
User_JiTfdloss_3,756,0.56,0.56,0.35,0.54
User_JiTfdloss_3,806,0.88,0.8,0.7,0.84
User_JiTfdloss_3,810,0.73,0.44,0.31,0.5
User_JiTfdloss_3,819,0.94,0.52,0.48,0.65
User_JiTfdloss_3,836,0.03,0.6,0.02,0.05
User_JiTfdloss_3,903,0.86,0.56,0.5,0.66
User_JiTfdloss_3,917,0.56,0.4,0.21,0.42
User_JiTfdloss_3,919,0.49,0.24,0.12,0.31
User_JiTfdloss_3,920,0.82,0.6,0.52,0.67
User_JiTfdloss_3,922,0.73,0.36,0.27,0.47
User_JiTfdloss_3,928,0.84,0.72,0.63,0.77
User_JiTfdloss_3,931,1.0,0.84,0.84,0.91
User_JiTfdloss_3,943,0.72,0.72,0.49,0.61
User_JiTfdloss_3,952,1.0,0.84,0.84,0.89
User_JiTfdloss_3,960,0.95,0.56,0.54,0.69
User_JiTfdloss_3,962,1.0,0.68,0.68,0.8
User_JiTfdloss_3,968,0.97,0.8,0.79,0.86
User_JiTfdloss_3,971,0.98,0.76,0.74,0.85
User_JiTfdloss_3,972,0.91,0.64,0.62,0.73
User_JiTfdloss_3,981,0.78,0.44,0.35,0.55
User_JiTfdloss_3,982,0.6,0.4,0.24,0.33
User_JiTfdloss_3,983,0.86,0.52,0.45,0.64
User_JiTfdloss_3,985,0.72,0.84,0.62,0.76
User_JiTfdloss_3,991,0.89,0.76,0.68,0.81
User_JiTfdloss_3,999,0.62,0.52,0.39,0.53
