image_id,source,alignment_score,artifact_score
0,Sys_DiT_ref_1,4.85,3.2
0,Sys_DiT_ref_2,4.85,3.2
0,Sys_DiT_ref_3,4.12,3.85
0,User_DiT_1,5.0,4.0
0,User_DiT_2,5.0,4.0
0,User_DiT_3,5.0,5.0
1,Sys_DiT_ref_1,4.65,3.85
1,Sys_DiT_ref_2,4.65,3.85
1,Sys_DiT_ref_3,4.85,3.2
1,User_DiT_1,5.0,4.0
1,User_DiT_2,5.0,3.0
1,User_DiT_3,5.0,4.0
2,Sys_DiT_ref_1,4.85,4.92
2,Sys_DiT_ref_2,4.85,3.65
2,Sys_DiT_ref_3,4.85,3.92
2,User_DiT_1,5.0,5.0
2,User_DiT_2,5.0,4.0
2,User_DiT_3,5.0,4.0
3,Sys_DiT_ref_1,4.15,3.25
3,Sys_DiT_ref_2,4.15,2.3
3,Sys_DiT_ref_3,4.85,3.92
3,User_DiT_1,5.0,4.0
3,User_DiT_2,5.0,4.0
3,User_DiT_3,5.0,4.0
4,Sys_DiT_ref_1,4.65,3.85
4,Sys_DiT_ref_2,4.35,3.85
4,Sys_DiT_ref_3,4.35,3.85
4,User_DiT_1,5.0,3.0
4,User_DiT_2,5.0,4.0
4,User_DiT_3,4.38,3.0
5,Sys_DiT_ref_1,3.85,2.0
5,Sys_DiT_ref_2,3.85,2.0
5,Sys_DiT_ref_3,4.35,2.0
5,User_DiT_1,4.44,4.0
5,User_DiT_2,4.38,2.0
5,User_DiT_3,4.38,4.0
6,Sys_DiT_ref_1,4.85,1.5
6,Sys_DiT_ref_2,5.0,1.5
6,Sys_DiT_ref_3,5.0,5.0
6,User_DiT_1,5.0,2.0
6,User_DiT_2,5.0,5.0
6,User_DiT_3,5.0,5.0
7,Sys_DiT_ref_1,4.15,3.65
7,Sys_DiT_ref_2,4.68,3.85
7,Sys_DiT_ref_3,4.15,3.62
7,User_DiT_1,4.44,4.0
7,User_DiT_2,4.44,4.0
7,User_DiT_3,4.44,4.0
8,Sys_DiT_ref_1,4.15,3.85
8,Sys_DiT_ref_2,4.12,2.35
8,Sys_DiT_ref_3,3.85,2.75
8,User_DiT_1,4.17,4.0
8,User_DiT_2,4.17,4.0
8,User_DiT_3,4.17,3.0
9,Sys_DiT_ref_1,4.62,2.85
9,Sys_DiT_ref_2,4.62,2.85
9,Sys_DiT_ref_3,4.65,3.85
9,User_DiT_1,5.0,3.0
9,User_DiT_2,5.0,3.0
9,User_DiT_3,5.0,3.0
10,Sys_DiT_ref_1,4.85,1.5
10,Sys_DiT_ref_2,4.82,1.5
10,Sys_DiT_ref_3,3.45,3.82
10,User_DiT_1,3.89,4.0
10,User_DiT_2,3.89,4.0
10,User_DiT_3,3.89,4.0
11,Sys_DiT_ref_1,4.85,4.92
11,Sys_DiT_ref_2,4.62,1.5
11,Sys_DiT_ref_3,4.82,3.85
11,User_DiT_1,4.0,5.0
11,User_DiT_2,4.0,5.0
11,User_DiT_3,4.0,5.0
12,Sys_DiT_ref_1,3.15,1.5
12,Sys_DiT_ref_2,4.15,3.25
12,Sys_DiT_ref_3,1.85,1.2
12,User_DiT_1,0.56,3.0
12,User_DiT_2,3.57,3.0
12,User_DiT_3,0.56,2.0
13,Sys_DiT_ref_1,4.85,1.5
13,Sys_DiT_ref_2,4.85,4.92
13,Sys_DiT_ref_3,4.82,1.5
13,User_DiT_1,4.0,3.0
13,User_DiT_2,5.0,3.0
13,User_DiT_3,4.0,2.0
14,Sys_DiT_ref_1,4.85,4.92
14,Sys_DiT_ref_2,4.92,4.95
14,Sys_DiT_ref_3,4.85,4.92
14,User_DiT_1,4.0,5.0
14,User_DiT_2,4.0,5.0
14,User_DiT_3,3.89,5.0
15,Sys_DiT_ref_1,4.15,2.85
15,Sys_DiT_ref_2,4.72,2.0
15,Sys_DiT_ref_3,4.15,2.0
15,User_DiT_1,5.0,4.0
15,User_DiT_2,5.0,5.0
15,User_DiT_3,5.0,2.0
16,Sys_DiT_ref_1,4.85,4.92
16,Sys_DiT_ref_2,4.85,4.92
16,Sys_DiT_ref_3,4.85,3.82
16,User_DiT_1,5.0,5.0
16,User_DiT_2,5.0,4.0
16,User_DiT_3,5.0,5.0
17,Sys_DiT_ref_1,4.35,2.85
17,Sys_DiT_ref_2,4.12,3.65
17,Sys_DiT_ref_3,4.12,3.85
17,User_DiT_1,5.0,4.0
17,User_DiT_2,5.0,3.0
17,User_DiT_3,4.17,4.0
18,Sys_DiT_ref_1,4.68,3.85
18,Sys_DiT_ref_2,4.85,3.65
18,Sys_DiT_ref_3,4.85,3.65
18,User_DiT_1,5.0,4.0
18,User_DiT_2,5.0,4.0
18,User_DiT_3,5.0,4.0
19,Sys_DiT_ref_1,4.15,2.85
19,Sys_DiT_ref_2,4.65,3.85
19,Sys_DiT_ref_3,4.15,2.85
19,User_DiT_1,3.33,2.0
19,User_DiT_2,4.29,3.0
19,User_DiT_3,3.33,3.0
20,Sys_DiT_ref_1,4.85,3.8
20,Sys_DiT_ref_2,4.85,3.82
20,Sys_DiT_ref_3,4.12,3.85
20,User_DiT_1,5.0,4.0
20,User_DiT_2,5.0,4.0
20,User_DiT_3,5.0,4.0
21,Sys_DiT_ref_1,3.42,2.85
21,Sys_DiT_ref_2,3.85,3.6
21,Sys_DiT_ref_3,2.85,2.6
21,User_DiT_1,4.0,4.0
21,User_DiT_2,3.0,3.0
21,User_DiT_3,4.0,3.0
22,Sys_DiT_ref_1,4.12,3.85
22,Sys_DiT_ref_2,4.12,3.65
22,Sys_DiT_ref_3,4.85,4.2
22,User_DiT_1,5.0,4.0
22,User_DiT_2,4.0,4.0
22,User_DiT_3,4.0,5.0
23,Sys_DiT_ref_1,3.62,3.85
23,Sys_DiT_ref_2,4.12,3.85
23,Sys_DiT_ref_3,3.42,2.85
23,User_DiT_1,5.0,4.0
23,User_DiT_2,5.0,4.0
23,User_DiT_3,5.0,4.0
24,Sys_DiT_ref_1,2.85,3.6
24,Sys_DiT_ref_2,4.15,3.85
24,Sys_DiT_ref_3,3.85,1.5
24,User_DiT_1,4.0,3.0
24,User_DiT_2,4.0,3.0
24,User_DiT_3,4.0,4.0
25,Sys_DiT_ref_1,4.68,3.85
25,Sys_DiT_ref_2,4.68,3.0
25,Sys_DiT_ref_3,4.15,2.85
25,User_DiT_1,5.0,4.0
25,User_DiT_2,5.0,3.0
25,User_DiT_3,5.0,4.0
26,Sys_DiT_ref_1,2.15,1.5
26,Sys_DiT_ref_2,3.45,1.5
26,Sys_DiT_ref_3,2.85,1.5
26,User_DiT_1,3.75,3.0
26,User_DiT_2,3.89,2.0
26,User_DiT_3,3.89,2.0
27,Sys_DiT_ref_1,4.92,4.95
27,Sys_DiT_ref_2,4.15,4.62
27,Sys_DiT_ref_3,2.85,2.1
27,User_DiT_1,5.0,5.0
27,User_DiT_2,3.57,3.0
27,User_DiT_3,3.57,2.0
28,Sys_DiT_ref_1,3.42,2.85
28,Sys_DiT_ref_2,2.85,2.1
28,Sys_DiT_ref_3,3.85,3.2
28,User_DiT_1,5.0,3.0
28,User_DiT_2,4.17,2.0
28,User_DiT_3,5.0,3.0
29,Sys_DiT_ref_1,3.85,4.12
29,Sys_DiT_ref_2,3.85,4.92
29,Sys_DiT_ref_3,4.85,4.92
29,User_DiT_1,5.0,4.0
29,User_DiT_2,5.0,4.0
29,User_DiT_3,5.0,4.0
30,Sys_DiT_ref_1,4.82,3.65
30,Sys_DiT_ref_2,4.85,3.65
30,Sys_DiT_ref_3,4.68,3.85
30,User_DiT_1,5.0,4.0
30,User_DiT_2,5.0,4.0
30,User_DiT_3,5.0,4.0
31,Sys_DiT_ref_1,4.92,4.95
31,Sys_DiT_ref_2,4.92,4.98
31,Sys_DiT_ref_3,4.92,4.95
31,User_DiT_1,5.0,5.0
31,User_DiT_2,5.0,5.0
31,User_DiT_3,5.0,5.0
32,Sys_DiT_ref_1,4.85,4.92
32,Sys_DiT_ref_2,3.85,3.6
32,Sys_DiT_ref_3,4.85,3.65
32,User_DiT_1,5.0,5.0
32,User_DiT_2,5.0,5.0
32,User_DiT_3,5.0,4.0
33,Sys_DiT_ref_1,2.85,3.42
33,Sys_DiT_ref_2,3.42,2.85
33,Sys_DiT_ref_3,3.42,3.65
33,User_DiT_1,5.0,3.0
33,User_DiT_2,5.0,3.0
33,User_DiT_3,5.0,3.0
34,Sys_DiT_ref_1,2.85,3.2
34,Sys_DiT_ref_2,3.42,3.85
34,Sys_DiT_ref_3,3.42,2.85
34,User_DiT_1,5.0,4.0
34,User_DiT_2,4.38,4.0
34,User_DiT_3,4.38,4.0
35,Sys_DiT_ref_1,4.98,4.99
35,Sys_DiT_ref_2,4.85,3.62
35,Sys_DiT_ref_3,4.85,4.92
35,User_DiT_1,5.0,5.0
35,User_DiT_2,5.0,5.0
35,User_DiT_3,5.0,5.0
36,Sys_DiT_ref_1,0.85,1.2
36,Sys_DiT_ref_2,0.85,1.92
36,Sys_DiT_ref_3,1.85,2.9
36,User_DiT_1,0.0,1.0
36,User_DiT_2,0.0,1.0
36,User_DiT_3,0.0,1.0
37,Sys_DiT_ref_1,4.95,4.98
37,Sys_DiT_ref_2,4.85,3.92
37,Sys_DiT_ref_3,4.85,3.92
37,User_DiT_1,5.0,4.0
37,User_DiT_2,5.0,4.0
37,User_DiT_3,5.0,5.0
38,Sys_DiT_ref_1,5.0,5.0
38,Sys_DiT_ref_2,4.92,4.85
38,Sys_DiT_ref_3,4.82,4.15
38,User_DiT_1,5.0,5.0
38,User_DiT_2,5.0,5.0
38,User_DiT_3,5.0,5.0
39,Sys_DiT_ref_1,4.85,4.72
39,Sys_DiT_ref_2,4.92,4.98
39,Sys_DiT_ref_3,4.85,4.62
39,User_DiT_1,5.0,5.0
39,User_DiT_2,5.0,4.0
39,User_DiT_3,5.0,5.0
40,Sys_DiT_ref_1,4.15,4.85
40,Sys_DiT_ref_2,4.15,4.85
40,Sys_DiT_ref_3,4.15,4.85
40,User_DiT_1,5.0,5.0
40,User_DiT_2,5.0,4.0
40,User_DiT_3,5.0,4.0
41,Sys_DiT_ref_1,4.92,4.95
41,Sys_DiT_ref_2,4.65,3.85
41,Sys_DiT_ref_3,4.65,3.85
41,User_DiT_1,5.0,4.0
41,User_DiT_2,4.17,5.0
41,User_DiT_3,4.17,5.0
42,Sys_DiT_ref_1,4.92,4.85
42,Sys_DiT_ref_2,4.92,4.98
42,Sys_DiT_ref_3,4.85,3.6
42,User_DiT_1,5.0,5.0
42,User_DiT_2,5.0,5.0
42,User_DiT_3,5.0,5.0
43,Sys_DiT_ref_1,4.85,3.62
43,Sys_DiT_ref_2,4.85,3.2
43,Sys_DiT_ref_3,4.65,2.85
43,User_DiT_1,5.0,3.0
43,User_DiT_2,5.0,3.0
43,User_DiT_3,5.0,3.0
44,Sys_DiT_ref_1,1.25,1.85
44,Sys_DiT_ref_2,1.42,1.85
44,Sys_DiT_ref_3,1.25,1.8
44,User_DiT_1,1.43,2.0
44,User_DiT_2,0.71,2.0
44,User_DiT_3,1.43,3.0
45,Sys_DiT_ref_1,3.65,3.82
45,Sys_DiT_ref_2,4.12,3.85
45,Sys_DiT_ref_3,4.92,4.98
45,User_DiT_1,4.29,4.0
45,User_DiT_2,5.0,5.0
45,User_DiT_3,5.0,4.0
46,Sys_DiT_ref_1,3.82,2.45
46,Sys_DiT_ref_2,2.85,1.65
46,Sys_DiT_ref_3,3.42,2.68
46,User_DiT_1,2.86,3.0
46,User_DiT_2,4.29,2.0
46,User_DiT_3,4.29,2.0
47,Sys_DiT_ref_1,4.92,4.95
47,Sys_DiT_ref_2,3.42,3.85
47,Sys_DiT_ref_3,4.85,4.92
47,User_DiT_1,4.29,3.0
47,User_DiT_2,5.0,5.0
47,User_DiT_3,4.29,3.0
48,Sys_DiT_ref_1,2.85,3.6
48,Sys_DiT_ref_2,2.15,3.8
48,Sys_DiT_ref_3,1.85,1.2
48,User_DiT_1,3.75,4.0
48,User_DiT_2,2.5,1.0
48,User_DiT_3,2.5,4.0
49,Sys_DiT_ref_1,4.62,3.85
49,Sys_DiT_ref_2,2.85,3.42
49,Sys_DiT_ref_3,2.15,3.42
49,User_DiT_1,2.86,4.0
49,User_DiT_2,2.86,4.0
49,User_DiT_3,5.0,4.0
50,Sys_DiT_ref_1,4.18,2.0
50,Sys_DiT_ref_2,4.68,2.85
50,Sys_DiT_ref_3,4.12,2.0
50,User_DiT_1,5.0,3.0
50,User_DiT_2,5.0,2.0
50,User_DiT_3,5.0,3.0
51,Sys_DiT_ref_1,4.65,1.5
51,Sys_DiT_ref_2,4.35,1.5
51,Sys_DiT_ref_3,4.68,1.5
51,User_DiT_1,5.0,2.0
51,User_DiT_2,5.0,3.0
51,User_DiT_3,5.0,2.0
52,Sys_DiT_ref_1,2.85,1.92
52,Sys_DiT_ref_2,1.85,1.2
52,Sys_DiT_ref_3,3.65,2.1
52,User_DiT_1,0.62,0.0
52,User_DiT_2,4.29,2.0
52,User_DiT_3,0.62,1.0
53,Sys_DiT_ref_1,4.62,3.85
53,Sys_DiT_ref_2,4.62,3.85
53,Sys_DiT_ref_3,4.12,2.85
53,User_DiT_1,5.0,4.0
53,User_DiT_2,5.0,3.0
53,User_DiT_3,5.0,4.0
54,Sys_DiT_ref_1,4.65,3.85
54,Sys_DiT_ref_2,4.65,1.5
54,Sys_DiT_ref_3,3.65,3.82
54,User_DiT_1,5.0,4.0
54,User_DiT_2,3.57,4.0
54,User_DiT_3,0.0,2.0
55,Sys_DiT_ref_1,4.92,4.95
55,Sys_DiT_ref_2,4.92,4.85
55,Sys_DiT_ref_3,5.0,5.0
55,User_DiT_1,5.0,5.0
55,User_DiT_2,5.0,5.0
55,User_DiT_3,5.0,4.0
56,Sys_DiT_ref_1,4.98,4.95
56,Sys_DiT_ref_2,4.98,4.95
56,Sys_DiT_ref_3,4.98,4.95
56,User_DiT_1,5.0,5.0
56,User_DiT_2,5.0,5.0
56,User_DiT_3,5.0,5.0
57,Sys_DiT_ref_1,4.72,1.5
57,Sys_DiT_ref_2,4.72,3.85
57,Sys_DiT_ref_3,4.72,2.85
57,User_DiT_1,5.0,3.0
57,User_DiT_2,5.0,3.0
57,User_DiT_3,5.0,4.0
58,Sys_DiT_ref_1,4.72,3.85
58,Sys_DiT_ref_2,4.92,4.95
58,Sys_DiT_ref_3,4.82,4.65
58,User_DiT_1,5.0,4.0
58,User_DiT_2,5.0,5.0
58,User_DiT_3,5.0,4.0
59,Sys_DiT_ref_1,4.92,4.95
59,Sys_DiT_ref_2,4.92,4.85
59,Sys_DiT_ref_3,4.92,4.85
59,User_DiT_1,5.0,5.0
59,User_DiT_2,5.0,5.0
59,User_DiT_3,5.0,5.0
60,Sys_DiT_ref_1,4.35,2.0
60,Sys_DiT_ref_2,4.82,2.0
60,Sys_DiT_ref_3,4.12,2.0
60,User_DiT_1,5.0,4.0
60,User_DiT_2,5.0,4.0
60,User_DiT_3,5.0,2.0
61,Sys_DiT_ref_1,4.85,3.0
61,Sys_DiT_ref_2,4.82,3.0
61,Sys_DiT_ref_3,4.85,3.0
61,User_DiT_1,5.0,3.0
61,User_DiT_2,5.0,4.0
61,User_DiT_3,5.0,4.0
62,Sys_DiT_ref_1,4.68,3.0
62,Sys_DiT_ref_2,4.85,3.0
62,Sys_DiT_ref_3,4.68,3.0
62,User_DiT_1,5.0,3.0
62,User_DiT_2,5.0,4.0
62,User_DiT_3,5.0,3.0
63,Sys_DiT_ref_1,2.85,3.42
63,Sys_DiT_ref_2,2.85,3.42
63,Sys_DiT_ref_3,3.45,2.85
63,User_DiT_1,4.17,4.0
63,User_DiT_2,5.0,3.0
63,User_DiT_3,4.17,4.0
64,Sys_DiT_ref_1,4.62,3.0
64,Sys_DiT_ref_2,4.85,3.0
64,Sys_DiT_ref_3,4.85,3.0
64,User_DiT_1,5.0,3.0
64,User_DiT_2,5.0,3.0
64,User_DiT_3,5.0,4.0
65,Sys_DiT_ref_1,3.65,4.12
65,Sys_DiT_ref_2,3.65,4.12
65,Sys_DiT_ref_3,3.82,3.65
65,User_DiT_1,5.0,4.0
65,User_DiT_2,5.0,4.0
65,User_DiT_3,5.0,4.0
66,Sys_DiT_ref_1,4.92,4.85
66,Sys_DiT_ref_2,4.92,4.85
66,Sys_DiT_ref_3,4.92,4.85
66,User_DiT_1,5.0,5.0
66,User_DiT_2,5.0,5.0
66,User_DiT_3,5.0,5.0
67,Sys_DiT_ref_1,4.62,3.85
67,Sys_DiT_ref_2,4.82,3.65
67,Sys_DiT_ref_3,4.85,3.62
67,User_DiT_1,5.0,4.0
67,User_DiT_2,5.0,3.0
67,User_DiT_3,5.0,4.0
68,Sys_DiT_ref_1,4.15,3.65
68,Sys_DiT_ref_2,4.82,3.65
68,Sys_DiT_ref_3,4.92,3.85
68,User_DiT_1,5.0,5.0
68,User_DiT_2,5.0,4.0
68,User_DiT_3,5.0,4.0
69,Sys_DiT_ref_1,3.42,2.85
69,Sys_DiT_ref_2,3.65,4.82
69,Sys_DiT_ref_3,2.85,3.92
69,User_DiT_1,5.0,4.0
69,User_DiT_2,5.0,4.0
69,User_DiT_3,5.0,4.0
70,Sys_DiT_ref_1,1.85,2.4
70,Sys_DiT_ref_2,1.85,1.42
70,Sys_DiT_ref_3,2.85,1.5
70,User_DiT_1,3.33,2.0
70,User_DiT_2,4.29,3.0
70,User_DiT_3,3.57,3.0
71,Sys_DiT_ref_1,3.15,1.85
71,Sys_DiT_ref_2,3.92,2.85
71,Sys_DiT_ref_3,2.85,1.42
71,User_DiT_1,2.14,4.0
71,User_DiT_2,2.86,3.0
71,User_DiT_3,2.14,3.0
72,Sys_DiT_ref_1,2.85,2.1
72,Sys_DiT_ref_2,2.15,2.85
72,Sys_DiT_ref_3,2.85,2.4
72,User_DiT_1,2.5,2.0
72,User_DiT_2,2.5,1.0
72,User_DiT_3,2.5,2.0
73,Sys_DiT_ref_1,4.85,4.72
73,Sys_DiT_ref_2,4.65,3.85
73,Sys_DiT_ref_3,4.12,2.85
73,User_DiT_1,5.0,4.0
73,User_DiT_2,5.0,4.0
73,User_DiT_3,5.0,5.0
74,Sys_DiT_ref_1,1.85,2.4
74,Sys_DiT_ref_2,2.15,4.85
74,Sys_DiT_ref_3,2.85,2.1
74,User_DiT_1,5.0,4.0
74,User_DiT_2,5.0,2.0
74,User_DiT_3,5.0,4.0
75,Sys_DiT_ref_1,4.12,1.5
75,Sys_DiT_ref_2,3.85,1.5
75,Sys_DiT_ref_3,3.82,1.5
75,User_DiT_1,3.57,2.0
75,User_DiT_2,3.57,2.0
75,User_DiT_3,3.57,2.0
76,Sys_DiT_ref_1,4.62,2.0
76,Sys_DiT_ref_2,4.65,2.0
76,Sys_DiT_ref_3,4.65,2.0
76,User_DiT_1,4.29,3.0
76,User_DiT_2,2.86,2.0
76,User_DiT_3,4.29,3.0
77,Sys_DiT_ref_1,4.85,4.12
77,Sys_DiT_ref_2,4.15,2.85
77,Sys_DiT_ref_3,4.65,3.85
77,User_DiT_1,4.29,4.0
77,User_DiT_2,4.29,4.0
77,User_DiT_3,4.29,4.0
78,Sys_DiT_ref_1,4.15,1.5
78,Sys_DiT_ref_2,4.12,1.5
78,Sys_DiT_ref_3,4.15,1.5
78,User_DiT_1,3.57,3.0
78,User_DiT_2,3.57,2.0
78,User_DiT_3,3.57,3.0
79,Sys_DiT_ref_1,4.12,2.0
79,Sys_DiT_ref_2,4.15,2.0
79,Sys_DiT_ref_3,4.12,2.0
79,User_DiT_1,3.57,4.0
79,User_DiT_2,3.57,4.0
79,User_DiT_3,3.57,4.0
80,Sys_DiT_ref_1,4.15,1.5
80,Sys_DiT_ref_2,4.12,1.5
80,Sys_DiT_ref_3,4.35,1.5
80,User_DiT_1,4.44,3.0
80,User_DiT_2,4.44,3.0
80,User_DiT_3,4.44,2.0
81,Sys_DiT_ref_1,4.65,3.85
81,Sys_DiT_ref_2,4.65,3.85
81,Sys_DiT_ref_3,4.65,3.85
81,User_DiT_1,5.0,4.0
81,User_DiT_2,5.0,4.0
81,User_DiT_3,5.0,3.0
82,Sys_DiT_ref_1,4.65,1.5
82,Sys_DiT_ref_2,4.35,1.5
82,Sys_DiT_ref_3,4.62,1.5
82,User_DiT_1,4.44,3.0
82,User_DiT_2,4.44,3.0
82,User_DiT_3,4.38,2.0
83,Sys_DiT_ref_1,4.68,1.5
83,Sys_DiT_ref_2,4.65,1.5
83,Sys_DiT_ref_3,4.65,1.5
83,User_DiT_1,5.0,2.0
83,User_DiT_2,5.0,2.0
83,User_DiT_3,5.0,3.0
84,Sys_DiT_ref_1,4.65,1.5
84,Sys_DiT_ref_2,4.15,1.5
84,Sys_DiT_ref_3,4.15,1.5
84,User_DiT_1,4.38,3.0
84,User_DiT_2,4.38,2.0
84,User_DiT_3,4.38,3.0
85,Sys_DiT_ref_1,3.45,2.15
85,Sys_DiT_ref_2,4.12,2.85
85,Sys_DiT_ref_3,4.12,2.85
85,User_DiT_1,5.0,3.0
85,User_DiT_2,5.0,3.0
85,User_DiT_3,5.0,2.0
86,Sys_DiT_ref_1,4.82,3.65
86,Sys_DiT_ref_2,4.82,4.65
86,Sys_DiT_ref_3,4.85,4.62
86,User_DiT_1,5.0,4.0
86,User_DiT_2,5.0,4.0
86,User_DiT_3,5.0,4.0
87,Sys_DiT_ref_1,4.82,4.15
87,Sys_DiT_ref_2,4.85,4.2
87,Sys_DiT_ref_3,4.65,2.85
87,User_DiT_1,5.0,4.0
87,User_DiT_2,5.0,4.0
87,User_DiT_3,5.0,4.0
88,Sys_DiT_ref_1,4.85,3.62
88,Sys_DiT_ref_2,4.85,3.65
88,Sys_DiT_ref_3,4.85,3.92
88,User_DiT_1,5.0,4.0
88,User_DiT_2,5.0,4.0
88,User_DiT_3,5.0,5.0
89,Sys_DiT_ref_1,3.42,3.85
89,Sys_DiT_ref_2,3.45,3.82
89,Sys_DiT_ref_3,3.65,4.92
89,User_DiT_1,5.0,5.0
89,User_DiT_2,5.0,4.0
89,User_DiT_3,5.0,4.0
90,Sys_DiT_ref_1,4.12,3.0
90,Sys_DiT_ref_2,4.12,3.0
90,Sys_DiT_ref_3,3.85,2.15
90,User_DiT_1,5.0,3.0
90,User_DiT_2,5.0,2.0
90,User_DiT_3,5.0,3.0
91,Sys_DiT_ref_1,4.35,1.5
91,Sys_DiT_ref_2,4.12,1.5
91,Sys_DiT_ref_3,4.65,1.5
91,User_DiT_1,5.0,3.0
91,User_DiT_2,5.0,2.0
91,User_DiT_3,5.0,2.0
92,Sys_DiT_ref_1,4.82,2.0
92,Sys_DiT_ref_2,4.65,2.0
92,Sys_DiT_ref_3,4.12,2.0
92,User_DiT_1,3.57,4.0
92,User_DiT_2,3.57,4.0
92,User_DiT_3,3.57,4.0
93,Sys_DiT_ref_1,4.62,3.85
93,Sys_DiT_ref_2,4.85,3.92
93,Sys_DiT_ref_3,4.85,4.92
93,User_DiT_1,4.17,5.0
93,User_DiT_2,4.17,4.0
93,User_DiT_3,4.17,5.0
94,Sys_DiT_ref_1,4.12,2.35
94,Sys_DiT_ref_2,4.65,2.85
94,Sys_DiT_ref_3,4.62,3.0
94,User_DiT_1,4.38,4.0
94,User_DiT_2,4.38,2.0
94,User_DiT_3,4.38,3.0
95,Sys_DiT_ref_1,4.85,3.65
95,Sys_DiT_ref_2,4.62,3.85
95,Sys_DiT_ref_3,4.85,3.65
95,User_DiT_1,5.0,4.0
95,User_DiT_2,5.0,4.0
95,User_DiT_3,5.0,3.0
96,Sys_DiT_ref_1,4.65,3.2
96,Sys_DiT_ref_2,4.85,3.65
96,Sys_DiT_ref_3,4.85,3.6
96,User_DiT_1,5.0,3.0
96,User_DiT_2,5.0,3.0
96,User_DiT_3,5.0,4.0
97,Sys_DiT_ref_1,4.82,1.5
97,Sys_DiT_ref_2,4.85,1.5
97,Sys_DiT_ref_3,4.82,1.5
97,User_DiT_1,5.0,2.0
97,User_DiT_2,5.0,4.0
97,User_DiT_3,5.0,3.0
98,Sys_DiT_ref_1,4.62,1.5
98,Sys_DiT_ref_2,4.65,1.5
98,Sys_DiT_ref_3,4.65,1.5
98,User_DiT_1,5.0,3.0
98,User_DiT_2,5.0,2.0
98,User_DiT_3,5.0,2.0
99,Sys_DiT_ref_1,4.85,3.62
99,Sys_DiT_ref_2,4.85,3.65
99,Sys_DiT_ref_3,4.85,3.65
99,User_DiT_1,5.0,4.0
99,User_DiT_2,5.0,3.0
99,User_DiT_3,5.0,4.0
100,Sys_DiT_ref_1,2.15,1.5
100,Sys_DiT_ref_2,1.85,1.2
100,Sys_DiT_ref_3,1.85,0.92
100,User_DiT_1,2.0,3.0
100,User_DiT_2,2.0,1.0
100,User_DiT_3,2.0,1.0
101,Sys_DiT_ref_1,1.85,2.4
101,Sys_DiT_ref_2,1.85,2.4
101,Sys_DiT_ref_3,2.85,3.65
101,User_DiT_1,3.12,2.0
101,User_DiT_2,3.12,4.0
101,User_DiT_3,3.12,2.0
102,Sys_DiT_ref_1,4.65,2.85
102,Sys_DiT_ref_2,4.65,3.85
102,Sys_DiT_ref_3,4.65,2.85
102,User_DiT_1,5.0,3.0
102,User_DiT_2,5.0,4.0
102,User_DiT_3,5.0,3.0
103,Sys_DiT_ref_1,1.85,1.2
103,Sys_DiT_ref_2,1.85,1.2
103,Sys_DiT_ref_3,1.85,1.2
103,User_DiT_1,0.0,1.0
103,User_DiT_2,0.0,1.0
103,User_DiT_3,0.83,1.0
104,Sys_DiT_ref_1,1.85,1.2
104,Sys_DiT_ref_2,2.85,1.92
104,Sys_DiT_ref_3,1.85,1.2
104,User_DiT_1,2.14,1.0
104,User_DiT_2,2.14,2.0
104,User_DiT_3,0.0,2.0
105,Sys_DiT_ref_1,4.35,1.5
105,Sys_DiT_ref_2,4.12,1.5
105,Sys_DiT_ref_3,4.85,1.5
105,User_DiT_1,5.0,2.0
105,User_DiT_2,4.29,2.0
105,User_DiT_3,4.29,2.0
106,Sys_DiT_ref_1,4.85,1.5
106,Sys_DiT_ref_2,4.12,1.5
106,Sys_DiT_ref_3,4.85,1.5
106,User_DiT_1,5.0,2.0
106,User_DiT_2,5.0,3.0
106,User_DiT_3,5.0,4.0
107,Sys_DiT_ref_1,4.85,1.5
107,Sys_DiT_ref_2,4.85,1.5
107,Sys_DiT_ref_3,4.72,1.5
107,User_DiT_1,5.0,2.0
107,User_DiT_2,5.0,4.0
107,User_DiT_3,5.0,3.0
108,Sys_DiT_ref_1,4.85,1.5
108,Sys_DiT_ref_2,4.15,1.5
108,Sys_DiT_ref_3,4.82,1.5
108,User_DiT_1,5.0,2.0
108,User_DiT_2,5.0,2.0
108,User_DiT_3,5.0,4.0
109,Sys_DiT_ref_1,3.42,3.85
109,Sys_DiT_ref_2,4.12,3.85
109,Sys_DiT_ref_3,3.85,2.45
109,User_DiT_1,5.0,3.0
109,User_DiT_2,5.0,3.0
109,User_DiT_3,5.0,3.0
110,Sys_DiT_ref_1,5.0,5.0
110,Sys_DiT_ref_2,5.0,5.0
110,Sys_DiT_ref_3,5.0,5.0
110,User_DiT_1,5.0,5.0
110,User_DiT_2,5.0,5.0
110,User_DiT_3,5.0,5.0
111,Sys_DiT_ref_1,4.85,4.92
111,Sys_DiT_ref_2,4.85,3.62
111,Sys_DiT_ref_3,4.85,4.92
111,User_DiT_1,4.38,4.0
111,User_DiT_2,4.38,4.0
111,User_DiT_3,4.38,5.0
112,Sys_DiT_ref_1,4.98,4.95
112,Sys_DiT_ref_2,5.0,5.0
112,Sys_DiT_ref_3,4.98,4.95
112,User_DiT_1,5.0,5.0
112,User_DiT_2,5.0,5.0
112,User_DiT_3,5.0,5.0
113,Sys_DiT_ref_1,4.15,3.2
113,Sys_DiT_ref_2,4.12,3.85
113,Sys_DiT_ref_3,4.98,4.95
113,User_DiT_1,4.38,5.0
113,User_DiT_2,5.0,2.0
113,User_DiT_3,4.38,5.0
114,Sys_DiT_ref_1,4.15,3.85
114,Sys_DiT_ref_2,3.65,3.8
114,Sys_DiT_ref_3,4.15,3.85
114,User_DiT_1,4.38,4.0
114,User_DiT_2,4.38,4.0
114,User_DiT_3,4.38,4.0
115,Sys_DiT_ref_1,4.92,4.95
115,Sys_DiT_ref_2,4.72,3.85
115,Sys_DiT_ref_3,4.92,4.95
115,User_DiT_1,5.0,5.0
115,User_DiT_2,5.0,4.0
115,User_DiT_3,5.0,4.0
116,Sys_DiT_ref_1,4.92,4.95
116,Sys_DiT_ref_2,4.98,4.95
116,Sys_DiT_ref_3,4.85,3.65
116,User_DiT_1,5.0,3.0
116,User_DiT_2,5.0,5.0
116,User_DiT_3,5.0,5.0
117,Sys_DiT_ref_1,3.42,2.15
117,Sys_DiT_ref_2,3.65,2.85
117,Sys_DiT_ref_3,3.45,3.82
117,User_DiT_1,3.57,3.0
117,User_DiT_2,3.57,2.0
117,User_DiT_3,4.17,2.0
118,Sys_DiT_ref_1,4.72,3.85
118,Sys_DiT_ref_2,4.35,3.85
118,Sys_DiT_ref_3,4.15,3.2
118,User_DiT_1,5.0,4.0
118,User_DiT_2,3.57,2.0
118,User_DiT_3,5.0,5.0
119,Sys_DiT_ref_1,4.85,4.92
119,Sys_DiT_ref_2,4.98,4.95
119,Sys_DiT_ref_3,4.92,4.85
119,User_DiT_1,5.0,5.0
119,User_DiT_2,5.0,5.0
119,User_DiT_3,5.0,5.0
120,Sys_DiT_ref_1,3.65,1.5
120,Sys_DiT_ref_2,4.12,1.5
120,Sys_DiT_ref_3,4.62,1.5
120,User_DiT_1,3.75,4.0
120,User_DiT_2,3.75,2.0
120,User_DiT_3,3.75,3.0
121,Sys_DiT_ref_1,4.85,4.92
121,Sys_DiT_ref_2,4.12,1.5
121,Sys_DiT_ref_3,4.12,1.5
121,User_DiT_1,5.0,5.0
121,User_DiT_2,5.0,5.0
121,User_DiT_3,5.0,5.0
122,Sys_DiT_ref_1,4.15,3.0
122,Sys_DiT_ref_2,4.82,3.0
122,Sys_DiT_ref_3,4.72,3.0
122,User_DiT_1,5.0,3.0
122,User_DiT_2,4.29,4.0
122,User_DiT_3,5.0,3.0
123,Sys_DiT_ref_1,3.65,3.0
123,Sys_DiT_ref_2,3.65,3.0
123,Sys_DiT_ref_3,3.45,3.0
123,User_DiT_1,4.0,3.0
123,User_DiT_2,4.0,4.0
123,User_DiT_3,4.0,4.0
124,Sys_DiT_ref_1,4.92,4.95
124,Sys_DiT_ref_2,4.92,4.95
124,Sys_DiT_ref_3,4.85,4.92
124,User_DiT_1,5.0,5.0
124,User_DiT_2,5.0,5.0
124,User_DiT_3,5.0,5.0
125,Sys_DiT_ref_1,4.85,3.62
125,Sys_DiT_ref_2,4.92,4.95
125,Sys_DiT_ref_3,4.85,3.65
125,User_DiT_1,5.0,4.0
125,User_DiT_2,5.0,4.0
125,User_DiT_3,5.0,4.0
126,Sys_DiT_ref_1,4.65,2.0
126,Sys_DiT_ref_2,4.65,2.0
126,Sys_DiT_ref_3,4.65,2.0
126,User_DiT_1,5.0,2.0
126,User_DiT_2,5.0,4.0
126,User_DiT_3,5.0,2.0
127,Sys_DiT_ref_1,4.82,1.5
127,Sys_DiT_ref_2,4.65,1.5
127,Sys_DiT_ref_3,3.85,1.5
127,User_DiT_1,5.0,2.0
127,User_DiT_2,5.0,2.0
127,User_DiT_3,5.0,4.0
128,Sys_DiT_ref_1,4.12,1.5
128,Sys_DiT_ref_2,4.72,1.5
128,Sys_DiT_ref_3,4.65,1.5
128,User_DiT_1,5.0,3.0
128,User_DiT_2,5.0,3.0
128,User_DiT_3,5.0,3.0
129,Sys_DiT_ref_1,3.82,1.47
129,Sys_DiT_ref_2,4.65,2.15
129,Sys_DiT_ref_3,4.15,1.5
129,User_DiT_1,5.0,2.0
129,User_DiT_2,4.17,1.0
129,User_DiT_3,4.17,2.0
130,Sys_DiT_ref_1,5.0,4.6
130,Sys_DiT_ref_2,4.65,3.85
130,Sys_DiT_ref_3,4.92,3.85
130,User_DiT_1,5.0,3.0
130,User_DiT_2,5.0,4.0
130,User_DiT_3,4.38,5.0
131,Sys_DiT_ref_1,4.85,3.72
131,Sys_DiT_ref_2,4.85,3.62
131,Sys_DiT_ref_3,2.85,3.62
131,User_DiT_1,2.5,4.0
131,User_DiT_2,4.38,4.0
131,User_DiT_3,2.5,4.0
132,Sys_DiT_ref_1,4.85,1.5
132,Sys_DiT_ref_2,4.85,1.5
132,Sys_DiT_ref_3,4.15,1.5
132,User_DiT_1,5.0,4.0
132,User_DiT_2,5.0,2.0
132,User_DiT_3,5.0,4.0
133,Sys_DiT_ref_1,4.85,3.65
133,Sys_DiT_ref_2,4.85,4.62
133,Sys_DiT_ref_3,4.15,3.85
133,User_DiT_1,4.38,5.0
133,User_DiT_2,4.38,4.0
133,User_DiT_3,4.38,5.0
134,Sys_DiT_ref_1,4.92,4.65
134,Sys_DiT_ref_2,4.85,3.65
134,Sys_DiT_ref_3,4.85,3.6
134,User_DiT_1,5.0,5.0
134,User_DiT_2,5.0,4.0
134,User_DiT_3,5.0,4.0
135,Sys_DiT_ref_1,5.0,5.0
135,Sys_DiT_ref_2,4.92,4.95
135,Sys_DiT_ref_3,4.98,4.95
135,User_DiT_1,5.0,5.0
135,User_DiT_2,5.0,5.0
135,User_DiT_3,5.0,5.0
136,Sys_DiT_ref_1,4.85,3.65
136,Sys_DiT_ref_2,4.85,3.2
136,Sys_DiT_ref_3,4.68,3.42
136,User_DiT_1,5.0,5.0
136,User_DiT_2,5.0,3.0
136,User_DiT_3,5.0,5.0
137,Sys_DiT_ref_1,4.82,3.65
137,Sys_DiT_ref_2,4.85,4.72
137,Sys_DiT_ref_3,4.85,4.7
137,User_DiT_1,5.0,4.0
137,User_DiT_2,5.0,4.0
137,User_DiT_3,5.0,4.0
138,Sys_DiT_ref_1,4.62,3.0
138,Sys_DiT_ref_2,4.62,3.0
138,Sys_DiT_ref_3,4.68,3.0
138,User_DiT_1,5.0,4.0
138,User_DiT_2,5.0,3.0
138,User_DiT_3,5.0,3.0
139,Sys_DiT_ref_1,4.15,1.5
139,Sys_DiT_ref_2,4.62,1.5
139,Sys_DiT_ref_3,4.65,1.5
139,User_DiT_1,5.0,2.0
139,User_DiT_2,5.0,2.0
139,User_DiT_3,5.0,3.0
140,Sys_DiT_ref_1,2.85,2.0
140,Sys_DiT_ref_2,3.82,2.0
140,Sys_DiT_ref_3,3.65,2.0
140,User_DiT_1,4.38,2.0
140,User_DiT_2,4.38,2.0
140,User_DiT_3,4.44,2.0
141,Sys_DiT_ref_1,3.82,1.5
141,Sys_DiT_ref_2,3.65,1.5
141,Sys_DiT_ref_3,3.42,1.5
141,User_DiT_1,4.17,3.0
141,User_DiT_2,4.17,3.0
141,User_DiT_3,4.17,2.0
142,Sys_DiT_ref_1,4.65,1.5
142,Sys_DiT_ref_2,4.65,1.5
142,Sys_DiT_ref_3,2.85,1.5
142,User_DiT_1,5.0,3.0
142,User_DiT_2,5.0,2.0
142,User_DiT_3,5.0,2.0
143,Sys_DiT_ref_1,4.82,2.0
143,Sys_DiT_ref_2,4.15,2.0
143,Sys_DiT_ref_3,4.12,2.0
143,User_DiT_1,4.17,2.0
143,User_DiT_2,5.0,2.0
143,User_DiT_3,5.0,4.0
144,Sys_DiT_ref_1,4.35,1.5
144,Sys_DiT_ref_2,3.85,1.5
144,Sys_DiT_ref_3,4.35,1.5
144,User_DiT_1,5.0,2.0
144,User_DiT_2,5.0,2.0
144,User_DiT_3,5.0,2.0
145,Sys_DiT_ref_1,4.12,2.85
145,Sys_DiT_ref_2,4.12,2.85
145,Sys_DiT_ref_3,3.65,2.1
145,User_DiT_1,3.57,5.0
145,User_DiT_2,3.57,5.0
145,User_DiT_3,3.57,5.0
146,Sys_DiT_ref_1,4.85,2.0
146,Sys_DiT_ref_2,4.85,2.0
146,Sys_DiT_ref_3,4.85,2.0
146,User_DiT_1,5.0,4.0
146,User_DiT_2,5.0,2.0
146,User_DiT_3,5.0,2.0
147,Sys_DiT_ref_1,4.12,1.5
147,Sys_DiT_ref_2,3.85,1.5
147,Sys_DiT_ref_3,4.12,1.5
147,User_DiT_1,4.29,2.0
147,User_DiT_2,4.29,3.0
147,User_DiT_3,4.17,2.0
148,Sys_DiT_ref_1,4.82,1.5
148,Sys_DiT_ref_2,4.15,1.5
148,Sys_DiT_ref_3,4.82,1.5
148,User_DiT_1,3.33,4.0
148,User_DiT_2,3.33,4.0
148,User_DiT_3,3.75,3.0
149,Sys_DiT_ref_1,4.82,1.5
149,Sys_DiT_ref_2,4.82,1.5
149,Sys_DiT_ref_3,4.82,1.5
149,User_DiT_1,5.0,4.0
149,User_DiT_2,5.0,3.0
149,User_DiT_3,5.0,4.0
150,Sys_DiT_ref_1,4.65,2.0
150,Sys_DiT_ref_2,4.62,2.0
150,Sys_DiT_ref_3,4.62,2.0
150,User_DiT_1,5.0,3.0
150,User_DiT_2,5.0,2.0
150,User_DiT_3,5.0,2.0
151,Sys_DiT_ref_1,4.65,1.5
151,Sys_DiT_ref_2,4.85,1.5
151,Sys_DiT_ref_3,4.85,1.5
151,User_DiT_1,5.0,4.0
151,User_DiT_2,5.0,4.0
151,User_DiT_3,5.0,2.0
152,Sys_DiT_ref_1,4.65,1.5
152,Sys_DiT_ref_2,3.65,1.5
152,Sys_DiT_ref_3,4.65,1.5
152,User_DiT_1,4.17,2.0
152,User_DiT_2,4.17,2.0
152,User_DiT_3,5.0,2.0
153,Sys_DiT_ref_1,4.92,1.5
153,Sys_DiT_ref_2,4.85,1.5
153,Sys_DiT_ref_3,4.92,1.5
153,User_DiT_1,5.0,5.0
153,User_DiT_2,5.0,5.0
153,User_DiT_3,5.0,5.0
154,Sys_DiT_ref_1,2.85,1.5
154,Sys_DiT_ref_2,2.85,1.5
154,Sys_DiT_ref_3,3.42,1.5
154,User_DiT_1,5.0,2.0
154,User_DiT_2,5.0,2.0
154,User_DiT_3,5.0,2.0
155,Sys_DiT_ref_1,1.45,2.85
155,Sys_DiT_ref_2,1.85,1.5
155,Sys_DiT_ref_3,1.15,1.5
155,User_DiT_1,1.67,3.0
155,User_DiT_2,2.78,2.0
155,User_DiT_3,1.67,2.0
156,Sys_DiT_ref_1,1.85,2.4
156,Sys_DiT_ref_2,1.25,2.85
156,Sys_DiT_ref_3,1.45,2.85
156,User_DiT_1,2.78,3.0
156,User_DiT_2,1.67,3.0
156,User_DiT_3,1.67,3.0
157,Sys_DiT_ref_1,1.85,1.5
157,Sys_DiT_ref_2,1.45,1.5
157,Sys_DiT_ref_3,1.45,1.5
157,User_DiT_1,1.67,2.0
157,User_DiT_2,1.67,4.0
157,User_DiT_3,1.67,2.0
158,Sys_DiT_ref_1,1.45,1.5
158,Sys_DiT_ref_2,1.15,1.5
158,Sys_DiT_ref_3,1.15,1.5
158,User_DiT_1,1.11,2.0
158,User_DiT_2,1.11,3.0
158,User_DiT_3,1.67,3.0
159,Sys_DiT_ref_1,1.42,1.85
159,Sys_DiT_ref_2,1.85,2.0
159,Sys_DiT_ref_3,1.85,2.0
159,User_DiT_1,2.78,1.0
159,User_DiT_2,1.67,2.0
159,User_DiT_3,2.22,3.0
160,Sys_DiT_ref_1,4.65,3.85
160,Sys_DiT_ref_2,4.65,3.85
160,Sys_DiT_ref_3,4.85,4.62
160,User_DiT_1,5.0,5.0
160,User_DiT_2,5.0,5.0
160,User_DiT_3,5.0,4.0
161,Sys_DiT_ref_1,4.85,3.65
161,Sys_DiT_ref_2,4.85,2.75
161,Sys_DiT_ref_3,4.85,3.65
161,User_DiT_1,5.0,3.0
161,User_DiT_2,5.0,4.0
161,User_DiT_3,5.0,4.0
162,Sys_DiT_ref_1,2.85,4.12
162,Sys_DiT_ref_2,2.15,3.82
162,Sys_DiT_ref_3,1.85,3.62
162,User_DiT_1,3.57,4.0
162,User_DiT_2,3.57,2.0
162,User_DiT_3,4.29,3.0
163,Sys_DiT_ref_1,4.65,3.85
163,Sys_DiT_ref_2,3.42,3.85
163,Sys_DiT_ref_3,4.65,3.85
163,User_DiT_1,4.29,3.0
163,User_DiT_2,4.29,4.0
163,User_DiT_3,4.29,4.0
164,Sys_DiT_ref_1,4.85,3.65
164,Sys_DiT_ref_2,4.85,3.92
164,Sys_DiT_ref_3,4.85,3.62
164,User_DiT_1,5.0,4.0
164,User_DiT_2,5.0,3.0
164,User_DiT_3,5.0,3.0
165,Sys_DiT_ref_1,2.85,1.92
165,Sys_DiT_ref_2,2.85,1.92
165,Sys_DiT_ref_3,1.85,1.2
165,User_DiT_1,5.0,2.0
165,User_DiT_2,5.0,2.0
165,User_DiT_3,5.0,2.0
166,Sys_DiT_ref_1,4.85,3.2
166,Sys_DiT_ref_2,4.65,3.82
166,Sys_DiT_ref_3,4.65,3.82
166,User_DiT_1,5.0,4.0
166,User_DiT_2,5.0,3.0
166,User_DiT_3,5.0,4.0
167,Sys_DiT_ref_1,4.65,3.82
167,Sys_DiT_ref_2,3.65,2.15
167,Sys_DiT_ref_3,4.65,3.85
167,User_DiT_1,5.0,4.0
167,User_DiT_2,5.0,4.0
167,User_DiT_3,4.0,3.0
168,Sys_DiT_ref_1,4.75,3.85
168,Sys_DiT_ref_2,4.72,3.85
168,Sys_DiT_ref_3,4.72,2.85
168,User_DiT_1,5.0,3.0
168,User_DiT_2,5.0,3.0
168,User_DiT_3,5.0,3.0
169,Sys_DiT_ref_1,1.85,1.2
169,Sys_DiT_ref_2,2.15,1.2
169,Sys_DiT_ref_3,2.15,1.2
169,User_DiT_1,3.75,1.0
169,User_DiT_2,5.0,1.0
169,User_DiT_3,3.0,1.0
170,Sys_DiT_ref_1,4.85,4.12
170,Sys_DiT_ref_2,4.82,3.65
170,Sys_DiT_ref_3,4.98,4.95
170,User_DiT_1,5.0,4.0
170,User_DiT_2,5.0,4.0
170,User_DiT_3,5.0,5.0
171,Sys_DiT_ref_1,4.85,4.62
171,Sys_DiT_ref_2,4.72,3.85
171,Sys_DiT_ref_3,4.68,3.85
171,User_DiT_1,5.0,4.0
171,User_DiT_2,5.0,4.0
171,User_DiT_3,5.0,5.0
172,Sys_DiT_ref_1,4.35,3.85
172,Sys_DiT_ref_2,4.78,3.85
172,Sys_DiT_ref_3,4.78,3.85
172,User_DiT_1,4.29,4.0
172,User_DiT_2,5.0,4.0
172,User_DiT_3,5.0,4.0
173,Sys_DiT_ref_1,4.82,3.65
173,Sys_DiT_ref_2,4.72,4.35
173,Sys_DiT_ref_3,4.92,4.85
173,User_DiT_1,5.0,4.0
173,User_DiT_2,5.0,4.0
173,User_DiT_3,5.0,5.0
174,Sys_DiT_ref_1,4.85,4.72
174,Sys_DiT_ref_2,4.72,2.85
174,Sys_DiT_ref_3,4.85,4.6
174,User_DiT_1,5.0,4.0
174,User_DiT_2,5.0,4.0
174,User_DiT_3,5.0,3.0
175,Sys_DiT_ref_1,4.92,3.65
175,Sys_DiT_ref_2,4.85,3.6
175,Sys_DiT_ref_3,4.82,1.35
175,User_DiT_1,5.0,1.0
175,User_DiT_2,5.0,1.0
175,User_DiT_3,5.0,1.0
176,Sys_DiT_ref_1,4.85,1.2
176,Sys_DiT_ref_2,3.85,1.2
176,Sys_DiT_ref_3,4.85,1.5
176,User_DiT_1,5.0,1.0
176,User_DiT_2,5.0,2.0
176,User_DiT_3,5.0,1.0
177,Sys_DiT_ref_1,4.12,1.85
177,Sys_DiT_ref_2,4.85,1.2
177,Sys_DiT_ref_3,3.85,1.2
177,User_DiT_1,4.44,2.0
177,User_DiT_2,5.0,1.0
177,User_DiT_3,5.0,2.0
178,Sys_DiT_ref_1,4.85,3.65
178,Sys_DiT_ref_2,4.85,3.62
178,Sys_DiT_ref_3,4.85,3.2
178,User_DiT_1,5.0,4.0
178,User_DiT_2,0.0,4.0
178,User_DiT_3,5.0,3.0
179,Sys_DiT_ref_1,1.85,1.2
179,Sys_DiT_ref_2,3.85,1.2
179,Sys_DiT_ref_3,4.65,1.5
179,User_DiT_1,5.0,2.0
179,User_DiT_2,5.0,1.0
179,User_DiT_3,3.89,1.0
180,Sys_DiT_ref_1,4.15,2.85
180,Sys_DiT_ref_2,4.12,2.85
180,Sys_DiT_ref_3,4.65,3.82
180,User_DiT_1,0.0,3.0
180,User_DiT_2,3.89,4.0
180,User_DiT_3,4.44,3.0
181,Sys_DiT_ref_1,4.12,2.85
181,Sys_DiT_ref_2,4.65,3.85
181,Sys_DiT_ref_3,4.15,2.85
181,User_DiT_1,4.44,4.0
181,User_DiT_2,4.44,4.0
181,User_DiT_3,4.44,4.0
182,Sys_DiT_ref_1,4.12,2.85
182,Sys_DiT_ref_2,3.85,1.5
182,Sys_DiT_ref_3,4.12,2.85
182,User_DiT_1,5.0,2.0
182,User_DiT_2,5.0,4.0
182,User_DiT_3,3.57,4.0
183,Sys_DiT_ref_1,1.25,2.1
183,Sys_DiT_ref_2,2.85,1.92
183,Sys_DiT_ref_3,2.15,1.8
183,User_DiT_1,2.78,2.0
183,User_DiT_2,1.11,1.0
183,User_DiT_3,1.11,2.0
184,Sys_DiT_ref_1,3.85,1.92
184,Sys_DiT_ref_2,4.15,2.85
184,Sys_DiT_ref_3,3.15,1.85
184,User_DiT_1,4.44,2.0
184,User_DiT_2,4.44,2.0
184,User_DiT_3,3.33,2.0
185,Sys_DiT_ref_1,4.15,3.25
185,Sys_DiT_ref_2,4.65,3.85
185,Sys_DiT_ref_3,4.12,3.65
185,User_DiT_1,5.0,3.0
185,User_DiT_2,5.0,4.0
185,User_DiT_3,5.0,4.0
186,Sys_DiT_ref_1,4.85,3.65
186,Sys_DiT_ref_2,4.85,3.65
186,Sys_DiT_ref_3,4.85,3.65
186,User_DiT_1,5.0,4.0
186,User_DiT_2,5.0,4.0
186,User_DiT_3,5.0,3.0
187,Sys_DiT_ref_1,4.85,4.62
187,Sys_DiT_ref_2,5.0,5.0
187,Sys_DiT_ref_3,3.85,3.62
187,User_DiT_1,3.33,5.0
187,User_DiT_2,5.0,5.0
187,User_DiT_3,5.0,5.0
188,Sys_DiT_ref_1,4.82,4.15
188,Sys_DiT_ref_2,4.85,3.2
188,Sys_DiT_ref_3,4.85,2.65
188,User_DiT_1,5.0,3.0
188,User_DiT_2,5.0,3.0
188,User_DiT_3,5.0,3.0
189,Sys_DiT_ref_1,4.65,2.85
189,Sys_DiT_ref_2,4.85,3.62
189,Sys_DiT_ref_3,4.85,2.65
189,User_DiT_1,5.0,3.0
189,User_DiT_2,5.0,3.0
189,User_DiT_3,5.0,3.0
190,Sys_DiT_ref_1,3.85,2.65
190,Sys_DiT_ref_2,4.85,3.6
190,Sys_DiT_ref_3,3.45,2.85
190,User_DiT_1,3.33,3.0
190,User_DiT_2,3.33,3.0
190,User_DiT_3,3.33,4.0
191,Sys_DiT_ref_1,2.85,1.42
191,Sys_DiT_ref_2,2.85,1.42
191,Sys_DiT_ref_3,2.85,1.2
191,User_DiT_1,3.12,1.0
191,User_DiT_2,3.57,1.0
191,User_DiT_3,3.57,1.0
192,Sys_DiT_ref_1,2.85,3.65
192,Sys_DiT_ref_2,4.85,1.2
192,Sys_DiT_ref_3,2.85,3.62
192,User_DiT_1,2.78,4.0
192,User_DiT_2,5.0,4.0
192,User_DiT_3,5.0,3.0
193,Sys_DiT_ref_1,4.85,2.15
193,Sys_DiT_ref_2,4.15,2.85
193,Sys_DiT_ref_3,4.85,2.15
193,User_DiT_1,5.0,3.0
193,User_DiT_2,5.0,3.0
193,User_DiT_3,5.0,3.0
194,Sys_DiT_ref_1,0.15,1.2
194,Sys_DiT_ref_2,0.15,1.85
194,Sys_DiT_ref_3,0.82,1.15
194,User_DiT_1,0.0,2.0
194,User_DiT_2,0.0,1.0
194,User_DiT_3,0.56,2.0
195,Sys_DiT_ref_1,2.85,1.92
195,Sys_DiT_ref_2,3.85,1.5
195,Sys_DiT_ref_3,2.15,1.85
195,User_DiT_1,3.33,2.0
195,User_DiT_2,1.67,2.0
195,User_DiT_3,4.38,2.0
196,Sys_DiT_ref_1,4.15,2.85
196,Sys_DiT_ref_2,4.25,2.85
196,Sys_DiT_ref_3,4.65,2.85
196,User_DiT_1,3.89,3.0
196,User_DiT_2,3.89,3.0
196,User_DiT_3,3.89,3.0
197,Sys_DiT_ref_1,4.12,2.85
197,Sys_DiT_ref_2,3.85,2.45
197,Sys_DiT_ref_3,2.85,1.92
197,User_DiT_1,4.17,2.0
197,User_DiT_2,4.17,2.0
197,User_DiT_3,5.0,2.0
198,Sys_DiT_ref_1,3.85,2.65
198,Sys_DiT_ref_2,3.85,2.65
198,Sys_DiT_ref_3,3.85,2.9
198,User_DiT_1,4.29,3.0
198,User_DiT_2,4.29,4.0
198,User_DiT_3,4.29,2.0
199,Sys_DiT_ref_1,1.25,2.85
199,Sys_DiT_ref_2,1.85,2.4
199,Sys_DiT_ref_3,1.85,2.4
199,User_DiT_1,5.0,2.0
199,User_DiT_2,1.67,2.0
199,User_DiT_3,3.33,2.0
200,Sys_DiT_ref_1,4.85,3.62
200,Sys_DiT_ref_2,4.85,3.75
200,Sys_DiT_ref_3,4.65,1.5
200,User_DiT_1,5.0,4.0
200,User_DiT_2,5.0,4.0
200,User_DiT_3,5.0,2.0
201,Sys_DiT_ref_1,3.82,2.15
201,Sys_DiT_ref_2,3.85,2.15
201,Sys_DiT_ref_3,2.85,1.5
201,User_DiT_1,3.75,2.0
201,User_DiT_2,3.75,4.0
201,User_DiT_3,5.0,4.0
202,Sys_DiT_ref_1,1.25,1.85
202,Sys_DiT_ref_2,2.15,1.85
202,Sys_DiT_ref_3,0.15,0.85
202,User_DiT_1,0.0,1.0
202,User_DiT_2,5.0,1.0
202,User_DiT_3,0.0,2.0
203,Sys_DiT_ref_1,4.25,1.15
203,Sys_DiT_ref_2,2.15,1.2
203,Sys_DiT_ref_3,4.25,1.5
203,User_DiT_1,2.86,1.0
203,User_DiT_2,5.0,2.0
203,User_DiT_3,5.0,2.0
204,Sys_DiT_ref_1,3.85,1.2
204,Sys_DiT_ref_2,4.85,3.72
204,Sys_DiT_ref_3,4.85,4.2
204,User_DiT_1,4.0,1.0
204,User_DiT_2,5.0,4.0
204,User_DiT_3,5.0,4.0
205,Sys_DiT_ref_1,3.85,1.2
205,Sys_DiT_ref_2,0.12,0.85
205,Sys_DiT_ref_3,1.85,2.1
205,User_DiT_1,2.78,2.0
205,User_DiT_2,3.33,1.0
205,User_DiT_3,0.0,2.0
206,Sys_DiT_ref_1,4.85,3.62
206,Sys_DiT_ref_2,4.85,3.72
206,Sys_DiT_ref_3,3.85,3.2
206,User_DiT_1,3.12,3.0
206,User_DiT_2,3.12,2.0
206,User_DiT_3,5.0,3.0
207,Sys_DiT_ref_1,3.85,2.15
207,Sys_DiT_ref_2,1.85,2.1
207,Sys_DiT_ref_3,3.42,2.15
207,User_DiT_1,3.12,3.0
207,User_DiT_2,3.12,3.0
207,User_DiT_3,5.0,3.0
208,Sys_DiT_ref_1,4.85,2.1
208,Sys_DiT_ref_2,4.65,2.85
208,Sys_DiT_ref_3,4.65,2.85
208,User_DiT_1,4.44,2.0
208,User_DiT_2,5.0,2.0
208,User_DiT_3,4.44,2.0
209,Sys_DiT_ref_1,4.85,3.2
209,Sys_DiT_ref_2,3.42,2.15
209,Sys_DiT_ref_3,4.85,3.6
209,User_DiT_1,5.0,4.0
209,User_DiT_2,5.0,3.0
209,User_DiT_3,3.89,3.0
210,Sys_DiT_ref_1,3.85,2.65
210,Sys_DiT_ref_2,2.85,1.45
210,Sys_DiT_ref_3,3.85,2.75
210,User_DiT_1,3.12,3.0
210,User_DiT_2,3.75,3.0
210,User_DiT_3,3.75,2.0
211,Sys_DiT_ref_1,2.15,1.85
211,Sys_DiT_ref_2,2.85,1.65
211,Sys_DiT_ref_3,2.85,1.42
211,User_DiT_1,3.12,1.0
211,User_DiT_2,3.12,1.0
211,User_DiT_3,3.12,2.0
212,Sys_DiT_ref_1,3.15,2.85
212,Sys_DiT_ref_2,3.15,2.85
212,Sys_DiT_ref_3,2.85,1.92
212,User_DiT_1,3.12,2.0
212,User_DiT_2,3.12,2.0
212,User_DiT_3,2.86,3.0
213,Sys_DiT_ref_1,2.85,1.65
213,Sys_DiT_ref_2,2.85,1.65
213,Sys_DiT_ref_3,3.45,3.82
213,User_DiT_1,3.12,3.0
213,User_DiT_2,3.12,3.0
213,User_DiT_3,3.12,2.0
214,Sys_DiT_ref_1,2.15,1.85
214,Sys_DiT_ref_2,2.15,1.85
214,Sys_DiT_ref_3,2.85,1.2
214,User_DiT_1,2.22,2.0
214,User_DiT_2,2.22,1.0
214,User_DiT_3,2.22,1.0
215,Sys_DiT_ref_1,4.92,3.85
215,Sys_DiT_ref_2,4.85,3.72
215,Sys_DiT_ref_3,4.85,3.72
215,User_DiT_1,5.0,4.0
215,User_DiT_2,5.0,4.0
215,User_DiT_3,5.0,4.0
216,Sys_DiT_ref_1,4.85,3.2
216,Sys_DiT_ref_2,5.0,5.0
216,Sys_DiT_ref_3,5.0,5.0
216,User_DiT_1,5.0,5.0
216,User_DiT_2,5.0,5.0
216,User_DiT_3,5.0,3.0
217,Sys_DiT_ref_1,5.0,5.0
217,Sys_DiT_ref_2,5.0,5.0
217,Sys_DiT_ref_3,4.85,4.62
217,User_DiT_1,0.0,5.0
217,User_DiT_2,0.0,5.0
217,User_DiT_3,0.0,5.0
218,Sys_DiT_ref_1,4.85,4.92
218,Sys_DiT_ref_2,4.65,1.5
218,Sys_DiT_ref_3,5.0,4.95
218,User_DiT_1,5.0,5.0
218,User_DiT_2,5.0,2.0
218,User_DiT_3,5.0,5.0
219,Sys_DiT_ref_1,5.0,4.95
219,Sys_DiT_ref_2,4.95,4.98
219,Sys_DiT_ref_3,4.85,4.62
219,User_DiT_1,5.0,5.0
219,User_DiT_2,5.0,4.0
219,User_DiT_3,5.0,5.0
220,Sys_DiT_ref_1,4.85,1.2
220,Sys_DiT_ref_2,4.65,1.5
220,Sys_DiT_ref_3,3.85,2.15
220,User_DiT_1,5.0,1.0
220,User_DiT_2,5.0,2.0
220,User_DiT_3,4.38,2.0
221,Sys_DiT_ref_1,4.85,1.65
221,Sys_DiT_ref_2,4.85,2.1
221,Sys_DiT_ref_3,4.65,1.85
221,User_DiT_1,5.0,2.0
221,User_DiT_2,5.0,3.0
221,User_DiT_3,5.0,3.0
222,Sys_DiT_ref_1,1.25,2.1
222,Sys_DiT_ref_2,1.85,2.1
222,Sys_DiT_ref_3,1.85,2.45
222,User_DiT_1,4.38,3.0
222,User_DiT_2,4.38,2.0
222,User_DiT_3,4.38,2.0
223,Sys_DiT_ref_1,1.85,2.1
223,Sys_DiT_ref_2,0.82,1.15
223,Sys_DiT_ref_3,0.85,1.2
223,User_DiT_1,0.56,1.0
223,User_DiT_2,0.56,1.0
223,User_DiT_3,3.12,1.0
224,Sys_DiT_ref_1,4.12,1.5
224,Sys_DiT_ref_2,4.85,2.15
224,Sys_DiT_ref_3,4.12,2.85
224,User_DiT_1,3.33,2.0
224,User_DiT_2,4.29,2.0
224,User_DiT_3,3.33,3.0
225,Sys_DiT_ref_1,4.65,3.85
225,Sys_DiT_ref_2,4.85,3.6
225,Sys_DiT_ref_3,4.85,3.2
225,User_DiT_1,5.0,4.0
225,User_DiT_2,5.0,4.0
225,User_DiT_3,5.0,3.0
226,Sys_DiT_ref_1,4.65,3.85
226,Sys_DiT_ref_2,4.65,3.85
226,Sys_DiT_ref_3,4.85,3.2
226,User_DiT_1,4.44,3.0
226,User_DiT_2,4.44,4.0
226,User_DiT_3,4.44,4.0
227,Sys_DiT_ref_1,5.0,5.0
227,Sys_DiT_ref_2,5.0,5.0
227,Sys_DiT_ref_3,4.92,3.65
227,User_DiT_1,4.44,5.0
227,User_DiT_2,4.44,5.0
227,User_DiT_3,4.44,4.0
228,Sys_DiT_ref_1,1.82,1.15
228,Sys_DiT_ref_2,1.85,1.2
228,Sys_DiT_ref_3,1.85,1.2
228,User_DiT_1,1.67,1.0
228,User_DiT_2,1.67,1.0
228,User_DiT_3,1.67,1.0
229,Sys_DiT_ref_1,4.92,4.95
229,Sys_DiT_ref_2,4.15,2.85
229,Sys_DiT_ref_3,4.85,4.15
229,User_DiT_1,0.0,4.0
229,User_DiT_2,4.38,5.0
229,User_DiT_3,4.38,4.0
230,Sys_DiT_ref_1,1.85,1.2
230,Sys_DiT_ref_2,4.15,2.85
230,Sys_DiT_ref_3,4.65,2.85
230,User_DiT_1,3.12,3.0
230,User_DiT_2,3.12,1.0
230,User_DiT_3,4.38,3.0
231,Sys_DiT_ref_1,3.82,2.15
231,Sys_DiT_ref_2,4.12,2.85
231,Sys_DiT_ref_3,4.12,2.85
231,User_DiT_1,4.29,3.0
231,User_DiT_2,4.29,3.0
231,User_DiT_3,5.0,3.0
232,Sys_DiT_ref_1,0.85,3.62
232,Sys_DiT_ref_2,0.85,3.42
232,Sys_DiT_ref_3,0.15,2.85
232,User_DiT_1,1.11,3.0
232,User_DiT_2,1.11,4.0
232,User_DiT_3,1.11,4.0
233,Sys_DiT_ref_1,4.85,2.15
233,Sys_DiT_ref_2,4.85,3.2
233,Sys_DiT_ref_3,4.85,1.65
233,User_DiT_1,5.0,3.0
233,User_DiT_2,5.0,2.0
233,User_DiT_3,5.0,2.0
234,Sys_DiT_ref_1,4.85,3.72
234,Sys_DiT_ref_2,4.15,1.85
234,Sys_DiT_ref_3,3.85,1.65
234,User_DiT_1,3.75,3.0
234,User_DiT_2,5.0,2.0
234,User_DiT_3,5.0,3.0
235,Sys_DiT_ref_1,2.85,1.42
235,Sys_DiT_ref_2,1.85,1.65
235,Sys_DiT_ref_3,1.85,2.4
235,User_DiT_1,1.88,2.0
235,User_DiT_2,2.5,2.0
235,User_DiT_3,2.5,2.0
236,Sys_DiT_ref_1,4.85,3.75
236,Sys_DiT_ref_2,4.85,2.15
236,Sys_DiT_ref_3,4.85,3.62
236,User_DiT_1,4.38,2.0
236,User_DiT_2,4.38,4.0
236,User_DiT_3,4.38,2.0
237,Sys_DiT_ref_1,4.65,3.82
237,Sys_DiT_ref_2,4.85,3.72
237,Sys_DiT_ref_3,4.65,3.85
237,User_DiT_1,4.38,4.0
237,User_DiT_2,5.0,4.0
237,User_DiT_3,5.0,3.0
238,Sys_DiT_ref_1,4.65,2.85
238,Sys_DiT_ref_2,1.25,0.85
238,Sys_DiT_ref_3,1.85,1.42
238,User_DiT_1,5.0,2.0
238,User_DiT_2,1.25,2.0
238,User_DiT_3,1.25,2.0
239,Sys_DiT_ref_1,1.25,1.8
239,Sys_DiT_ref_2,1.25,0.85
239,Sys_DiT_ref_3,1.85,1.65
239,User_DiT_1,1.25,1.0
239,User_DiT_2,1.25,1.0
239,User_DiT_3,0.62,2.0
240,Sys_DiT_ref_1,4.95,4.92
240,Sys_DiT_ref_2,5.0,5.0
240,Sys_DiT_ref_3,4.85,4.92
240,User_DiT_1,5.0,5.0
240,User_DiT_2,5.0,5.0
240,User_DiT_3,5.0,5.0
241,Sys_DiT_ref_1,4.85,3.75
241,Sys_DiT_ref_2,4.85,3.65
241,Sys_DiT_ref_3,4.12,3.65
241,User_DiT_1,4.44,4.0
241,User_DiT_2,3.89,4.0
241,User_DiT_3,4.44,4.0
242,Sys_DiT_ref_1,4.65,3.82
242,Sys_DiT_ref_2,4.65,3.85
242,Sys_DiT_ref_3,4.85,3.92
242,User_DiT_1,5.0,4.0
242,User_DiT_2,5.0,4.0
242,User_DiT_3,5.0,4.0
243,Sys_DiT_ref_1,4.85,4.92
243,Sys_DiT_ref_2,4.85,4.72
243,Sys_DiT_ref_3,4.85,4.92
243,User_DiT_1,4.44,5.0
243,User_DiT_2,4.44,4.0
243,User_DiT_3,4.44,5.0
244,Sys_DiT_ref_1,4.65,3.85
244,Sys_DiT_ref_2,4.15,3.85
244,Sys_DiT_ref_3,3.45,2.85
244,User_DiT_1,3.89,4.0
244,User_DiT_2,3.33,4.0
244,User_DiT_3,4.44,5.0
245,Sys_DiT_ref_1,3.85,2.15
245,Sys_DiT_ref_2,3.82,1.65
245,Sys_DiT_ref_3,4.15,2.85
245,User_DiT_1,4.44,3.0
245,User_DiT_2,4.44,3.0
245,User_DiT_3,4.44,3.0
246,Sys_DiT_ref_1,1.85,2.4
246,Sys_DiT_ref_2,0.85,2.15
246,Sys_DiT_ref_3,1.85,2.9
246,User_DiT_1,0.0,3.0
246,User_DiT_2,1.67,2.0
246,User_DiT_3,0.0,2.0
247,Sys_DiT_ref_1,1.85,2.4
247,Sys_DiT_ref_2,1.85,2.4
247,Sys_DiT_ref_3,0.85,1.2
247,User_DiT_1,2.22,1.0
247,User_DiT_2,2.22,1.0
247,User_DiT_3,2.78,1.0
248,Sys_DiT_ref_1,0.0,1.85
248,Sys_DiT_ref_2,0.0,2.85
248,Sys_DiT_ref_3,0.12,2.85
248,User_DiT_1,0.56,3.0
248,User_DiT_2,0.0,2.0
248,User_DiT_3,0.56,2.0
249,Sys_DiT_ref_1,1.85,3.62
249,Sys_DiT_ref_2,0.85,3.42
249,Sys_DiT_ref_3,0.85,2.1
249,User_DiT_1,1.88,4.0
249,User_DiT_2,1.88,4.0
249,User_DiT_3,1.88,2.0
250,Sys_DiT_ref_1,1.15,2.85
250,Sys_DiT_ref_2,1.85,2.1
250,Sys_DiT_ref_3,1.85,1.2
250,User_DiT_1,1.11,2.0
250,User_DiT_2,2.22,2.0
250,User_DiT_3,2.22,1.0
251,Sys_DiT_ref_1,4.12,2.85
251,Sys_DiT_ref_2,3.42,3.85
251,Sys_DiT_ref_3,4.15,3.65
251,User_DiT_1,3.12,4.0
251,User_DiT_2,3.75,2.0
251,User_DiT_3,3.12,3.0
252,Sys_DiT_ref_1,0.0,0.0
252,Sys_DiT_ref_2,0.12,0.05
252,Sys_DiT_ref_3,0.0,0.0
252,User_DiT_1,0.56,0.0
252,User_DiT_2,0.56,0.0
252,User_DiT_3,0.0,1.0
253,Sys_DiT_ref_1,4.85,4.2
253,Sys_DiT_ref_2,4.65,2.85
253,Sys_DiT_ref_3,4.65,3.85
253,User_DiT_1,0.0,5.0
253,User_DiT_2,0.0,4.0
253,User_DiT_3,0.0,5.0
254,Sys_DiT_ref_1,4.15,3.85
254,Sys_DiT_ref_2,4.85,3.65
254,Sys_DiT_ref_3,4.15,2.85
254,User_DiT_1,3.75,4.0
254,User_DiT_2,3.75,4.0
254,User_DiT_3,3.75,3.0
255,Sys_DiT_ref_1,0.0,0.0
255,Sys_DiT_ref_2,0.0,1.0
255,Sys_DiT_ref_3,0.0,1.0
255,User_DiT_1,0.0,1.0
255,User_DiT_2,0.0,1.0
255,User_DiT_3,0.0,1.0
256,Sys_DiT_ref_1,1.85,1.2
256,Sys_DiT_ref_2,2.15,1.85
256,Sys_DiT_ref_3,2.85,1.9
256,User_DiT_1,2.78,2.0
256,User_DiT_2,1.67,2.0
256,User_DiT_3,2.5,2.0
257,Sys_DiT_ref_1,3.85,2.15
257,Sys_DiT_ref_2,3.85,1.92
257,Sys_DiT_ref_3,4.85,2.15
257,User_DiT_1,3.12,4.0
257,User_DiT_2,3.89,4.0
257,User_DiT_3,3.89,4.0
258,Sys_DiT_ref_1,0.82,0.95
258,Sys_DiT_ref_2,0.85,1.2
258,Sys_DiT_ref_3,1.85,1.2
258,User_DiT_1,1.67,1.0
258,User_DiT_2,1.67,1.0
258,User_DiT_3,0.56,1.0
259,Sys_DiT_ref_1,4.12,2.85
259,Sys_DiT_ref_2,4.15,2.85
259,Sys_DiT_ref_3,4.35,3.82
259,User_DiT_1,4.44,4.0
259,User_DiT_2,4.44,3.0
259,User_DiT_3,3.89,4.0
260,Sys_DiT_ref_1,4.92,4.85
260,Sys_DiT_ref_2,4.92,4.85
260,Sys_DiT_ref_3,4.12,2.85
260,User_DiT_1,5.0,5.0
260,User_DiT_2,4.29,3.0
260,User_DiT_3,5.0,4.0
261,Sys_DiT_ref_1,4.65,3.85
261,Sys_DiT_ref_2,4.65,3.85
261,Sys_DiT_ref_3,4.85,4.62
261,User_DiT_1,5.0,5.0
261,User_DiT_2,5.0,4.0
261,User_DiT_3,5.0,4.0
262,Sys_DiT_ref_1,4.98,4.95
262,Sys_DiT_ref_2,4.85,3.75
262,Sys_DiT_ref_3,4.65,3.85
262,User_DiT_1,5.0,5.0
262,User_DiT_2,5.0,5.0
262,User_DiT_3,5.0,5.0
263,Sys_DiT_ref_1,4.72,3.85
263,Sys_DiT_ref_2,1.25,1.1
263,Sys_DiT_ref_3,1.85,1.2
263,User_DiT_1,1.43,1.0
263,User_DiT_2,5.0,4.0
263,User_DiT_3,1.43,1.0
264,Sys_DiT_ref_1,4.25,3.85
264,Sys_DiT_ref_2,4.25,3.8
264,Sys_DiT_ref_3,4.25,3.85
264,User_DiT_1,4.38,3.0
264,User_DiT_2,4.38,4.0
264,User_DiT_3,4.38,4.0
265,Sys_DiT_ref_1,2.85,2.4
265,Sys_DiT_ref_2,1.85,1.2
265,Sys_DiT_ref_3,2.85,3.6
265,User_DiT_1,0.0,4.0
265,User_DiT_2,3.57,4.0
265,User_DiT_3,0.0,2.0
266,Sys_DiT_ref_1,3.85,2.65
266,Sys_DiT_ref_2,3.85,2.4
266,Sys_DiT_ref_3,3.85,2.15
266,User_DiT_1,5.0,3.0
266,User_DiT_2,5.0,3.0
266,User_DiT_3,5.0,3.0
267,Sys_DiT_ref_1,4.85,3.6
267,Sys_DiT_ref_2,4.12,3.85
267,Sys_DiT_ref_3,4.92,3.85
267,User_DiT_1,5.0,4.0
267,User_DiT_2,5.0,4.0
267,User_DiT_3,5.0,4.0
268,Sys_DiT_ref_1,4.82,2.15
268,Sys_DiT_ref_2,3.85,2.15
268,Sys_DiT_ref_3,4.85,2.15
268,User_DiT_1,5.0,2.0
268,User_DiT_2,5.0,2.0
268,User_DiT_3,5.0,2.0
269,Sys_DiT_ref_1,4.85,2.65
269,Sys_DiT_ref_2,4.85,2.1
269,Sys_DiT_ref_3,4.85,2.15
269,User_DiT_1,5.0,2.0
269,User_DiT_2,5.0,2.0
269,User_DiT_3,5.0,2.0
270,Sys_DiT_ref_1,4.85,2.1
270,Sys_DiT_ref_2,4.12,2.35
270,Sys_DiT_ref_3,4.85,2.15
270,User_DiT_1,4.29,2.0
270,User_DiT_2,5.0,2.0
270,User_DiT_3,4.29,2.0
271,Sys_DiT_ref_1,4.12,2.85
271,Sys_DiT_ref_2,4.12,2.85
271,Sys_DiT_ref_3,4.85,2.15
271,User_DiT_1,4.29,2.0
271,User_DiT_2,3.57,2.0
271,User_DiT_3,4.29,1.0
272,Sys_DiT_ref_1,4.65,3.85
272,Sys_DiT_ref_2,4.85,3.62
272,Sys_DiT_ref_3,4.85,3.65
272,User_DiT_1,4.29,4.0
272,User_DiT_2,4.17,4.0
272,User_DiT_3,4.17,4.0
273,Sys_DiT_ref_1,4.12,1.5
273,Sys_DiT_ref_2,4.12,1.5
273,Sys_DiT_ref_3,4.12,1.5
273,User_DiT_1,5.0,2.0
273,User_DiT_2,4.29,2.0
273,User_DiT_3,4.29,2.0
274,Sys_DiT_ref_1,1.25,0.85
274,Sys_DiT_ref_2,1.25,0.85
274,Sys_DiT_ref_3,3.82,1.47
274,User_DiT_1,3.33,1.0
274,User_DiT_2,4.17,1.0
274,User_DiT_3,3.33,1.0
275,Sys_DiT_ref_1,4.85,3.2
275,Sys_DiT_ref_2,4.25,2.85
275,Sys_DiT_ref_3,4.15,2.85
275,User_DiT_1,4.38,3.0
275,User_DiT_2,3.75,3.0
275,User_DiT_3,3.75,3.0
276,Sys_DiT_ref_1,1.85,2.65
276,Sys_DiT_ref_2,1.85,2.4
276,Sys_DiT_ref_3,1.85,2.1
276,User_DiT_1,4.29,2.0
276,User_DiT_2,4.38,2.0
276,User_DiT_3,4.38,3.0
277,Sys_DiT_ref_1,4.25,2.85
277,Sys_DiT_ref_2,4.12,2.85
277,Sys_DiT_ref_3,4.15,2.85
277,User_DiT_1,4.38,3.0
277,User_DiT_2,4.38,3.0
277,User_DiT_3,4.38,2.0
278,Sys_DiT_ref_1,4.12,3.65
278,Sys_DiT_ref_2,4.12,2.85
278,Sys_DiT_ref_3,4.15,3.25
278,User_DiT_1,4.0,4.0
278,User_DiT_2,4.17,3.0
278,User_DiT_3,4.17,4.0
279,Sys_DiT_ref_1,3.85,2.4
279,Sys_DiT_ref_2,3.42,2.85
279,Sys_DiT_ref_3,3.42,3.15
279,User_DiT_1,4.29,2.0
279,User_DiT_2,3.12,3.0
279,User_DiT_3,3.12,3.0
280,Sys_DiT_ref_1,2.15,1.85
280,Sys_DiT_ref_2,4.85,2.15
280,Sys_DiT_ref_3,2.85,1.2
280,User_DiT_1,0.0,2.0
280,User_DiT_2,0.0,2.0
280,User_DiT_3,0.0,2.0
281,Sys_DiT_ref_1,4.85,1.92
281,Sys_DiT_ref_2,5.0,1.85
281,Sys_DiT_ref_3,4.92,2.85
281,User_DiT_1,0.0,4.0
281,User_DiT_2,0.0,2.0
281,User_DiT_3,0.0,4.0
282,Sys_DiT_ref_1,4.85,1.2
282,Sys_DiT_ref_2,4.85,1.92
282,Sys_DiT_ref_3,4.85,2.15
282,User_DiT_1,0.0,2.0
282,User_DiT_2,0.0,2.0
282,User_DiT_3,0.0,3.0
283,Sys_DiT_ref_1,4.85,3.75
283,Sys_DiT_ref_2,4.85,3.6
283,Sys_DiT_ref_3,4.85,2.15
283,User_DiT_1,0.0,3.0
283,User_DiT_2,0.0,4.0
283,User_DiT_3,0.0,3.0
284,Sys_DiT_ref_1,4.85,1.65
284,Sys_DiT_ref_2,3.82,1.47
284,Sys_DiT_ref_3,4.85,2.65
284,User_DiT_1,0.0,2.0
284,User_DiT_2,0.0,2.0
284,User_DiT_3,0.0,4.0
285,Sys_DiT_ref_1,4.85,3.62
285,Sys_DiT_ref_2,4.85,3.6
285,Sys_DiT_ref_3,4.85,3.62
285,User_DiT_1,5.0,3.0
285,User_DiT_2,5.0,3.0
285,User_DiT_3,5.0,4.0
286,Sys_DiT_ref_1,4.85,3.72
286,Sys_DiT_ref_2,4.12,2.85
286,Sys_DiT_ref_3,4.65,3.8
286,User_DiT_1,4.38,3.0
286,User_DiT_2,5.0,4.0
286,User_DiT_3,5.0,3.0
287,Sys_DiT_ref_1,4.12,2.85
287,Sys_DiT_ref_2,4.65,3.15
287,Sys_DiT_ref_3,4.12,2.35
287,User_DiT_1,4.29,3.0
287,User_DiT_2,5.0,3.0
287,User_DiT_3,4.29,3.0
288,Sys_DiT_ref_1,4.85,3.72
288,Sys_DiT_ref_2,4.85,1.5
288,Sys_DiT_ref_3,4.15,2.85
288,User_DiT_1,5.0,3.0
288,User_DiT_2,5.0,3.0
288,User_DiT_3,5.0,4.0
289,Sys_DiT_ref_1,2.85,2.1
289,Sys_DiT_ref_2,3.85,2.75
289,Sys_DiT_ref_3,1.25,1.8
289,User_DiT_1,5.0,2.0
289,User_DiT_2,1.88,2.0
289,User_DiT_3,4.29,2.0
290,Sys_DiT_ref_1,2.85,1.2
290,Sys_DiT_ref_2,2.85,1.2
290,Sys_DiT_ref_3,4.25,3.15
290,User_DiT_1,4.38,1.0
290,User_DiT_2,4.38,1.0
290,User_DiT_3,4.38,1.0
291,Sys_DiT_ref_1,3.85,1.92
291,Sys_DiT_ref_2,2.85,1.2
291,Sys_DiT_ref_3,2.85,1.42
291,User_DiT_1,4.38,3.0
291,User_DiT_2,4.29,3.0
291,User_DiT_3,4.29,3.0
292,Sys_DiT_ref_1,3.65,1.85
292,Sys_DiT_ref_2,2.85,1.45
292,Sys_DiT_ref_3,3.85,1.2
292,User_DiT_1,4.17,1.0
292,User_DiT_2,3.57,2.0
292,User_DiT_3,3.57,2.0
293,Sys_DiT_ref_1,3.45,2.15
293,Sys_DiT_ref_2,3.85,2.15
293,Sys_DiT_ref_3,3.42,1.85
293,User_DiT_1,3.57,2.0
293,User_DiT_2,3.57,2.0
293,User_DiT_3,0.0,2.0
294,Sys_DiT_ref_1,3.82,2.15
294,Sys_DiT_ref_2,2.85,2.1
294,Sys_DiT_ref_3,3.45,2.15
294,User_DiT_1,4.17,2.0
294,User_DiT_2,5.0,2.0
294,User_DiT_3,5.0,2.0
295,Sys_DiT_ref_1,0.0,1.2
295,Sys_DiT_ref_2,0.0,1.2
295,Sys_DiT_ref_3,0.0,1.0
295,User_DiT_1,0.0,1.0
295,User_DiT_2,0.0,1.0
295,User_DiT_3,0.0,1.0
296,Sys_DiT_ref_1,0.85,1.2
296,Sys_DiT_ref_2,0.12,0.85
296,Sys_DiT_ref_3,0.85,0.92
296,User_DiT_1,0.0,1.0
296,User_DiT_2,0.0,1.0
296,User_DiT_3,0.0,1.0
297,Sys_DiT_ref_1,3.82,2.15
297,Sys_DiT_ref_2,2.15,1.85
297,Sys_DiT_ref_3,3.82,2.15
297,User_DiT_1,5.0,2.0
297,User_DiT_2,5.0,2.0
297,User_DiT_3,5.0,2.0
298,Sys_DiT_ref_1,1.85,2.1
298,Sys_DiT_ref_2,1.85,1.2
298,Sys_DiT_ref_3,0.15,1.2
298,User_DiT_1,0.0,2.0
298,User_DiT_2,5.0,3.0
298,User_DiT_3,2.5,3.0
299,Sys_DiT_ref_1,4.12,2.85
299,Sys_DiT_ref_2,4.85,3.2
299,Sys_DiT_ref_3,4.85,3.62
299,User_DiT_1,4.17,3.0
299,User_DiT_2,4.17,2.0
299,User_DiT_3,4.17,3.0
300,Sys_DiT_ref_1,4.65,3.82
300,Sys_DiT_ref_2,4.15,2.85
300,Sys_DiT_ref_3,4.72,3.85
300,User_DiT_1,4.0,3.0
300,User_DiT_2,4.0,4.0
300,User_DiT_3,4.0,4.0
301,Sys_DiT_ref_1,4.12,2.35
301,Sys_DiT_ref_2,4.12,2.85
301,Sys_DiT_ref_3,4.65,2.85
301,User_DiT_1,4.29,4.0
301,User_DiT_2,4.29,3.0
301,User_DiT_3,4.29,3.0
302,Sys_DiT_ref_1,3.82,2.15
302,Sys_DiT_ref_2,3.45,2.1
302,Sys_DiT_ref_3,3.82,2.15
302,User_DiT_1,4.0,2.0
302,User_DiT_2,4.0,2.0
302,User_DiT_3,4.0,2.0
303,Sys_DiT_ref_1,4.85,2.65
303,Sys_DiT_ref_2,3.85,2.75
303,Sys_DiT_ref_3,4.85,2.65
303,User_DiT_1,5.0,4.0
303,User_DiT_2,5.0,4.0
303,User_DiT_3,5.0,3.0
304,Sys_DiT_ref_1,2.85,1.65
304,Sys_DiT_ref_2,2.85,1.92
304,Sys_DiT_ref_3,3.65,1.85
304,User_DiT_1,3.57,2.0
304,User_DiT_2,4.29,2.0
304,User_DiT_3,4.29,2.0
305,Sys_DiT_ref_1,1.25,1.8
305,Sys_DiT_ref_2,0.0,1.2
305,Sys_DiT_ref_3,0.85,1.92
305,User_DiT_1,1.11,2.0
305,User_DiT_2,1.11,3.0
305,User_DiT_3,1.25,2.0
306,Sys_DiT_ref_1,1.85,1.2
306,Sys_DiT_ref_2,1.85,1.2
306,Sys_DiT_ref_3,2.15,1.85
306,User_DiT_1,0.0,1.0
306,User_DiT_2,0.0,1.0
306,User_DiT_3,0.0,1.0
307,Sys_DiT_ref_1,1.15,1.85
307,Sys_DiT_ref_2,1.85,1.92
307,Sys_DiT_ref_3,0.85,1.92
307,User_DiT_1,2.5,1.0
307,User_DiT_2,1.11,1.0
307,User_DiT_3,2.5,2.0
308,Sys_DiT_ref_1,4.12,1.85
308,Sys_DiT_ref_2,4.15,2.85
308,Sys_DiT_ref_3,4.85,1.2
308,User_DiT_1,5.0,4.0
308,User_DiT_2,5.0,3.0
308,User_DiT_3,5.0,4.0
309,Sys_DiT_ref_1,3.85,2.45
309,Sys_DiT_ref_2,3.85,2.75
309,Sys_DiT_ref_3,3.85,2.15
309,User_DiT_1,5.0,2.0
309,User_DiT_2,5.0,2.0
309,User_DiT_3,5.0,3.0
310,Sys_DiT_ref_1,0.12,1.85
310,Sys_DiT_ref_2,0.12,1.85
310,Sys_DiT_ref_3,0.15,1.82
310,User_DiT_1,0.0,2.0
310,User_DiT_2,0.56,2.0
310,User_DiT_3,0.0,2.0
311,Sys_DiT_ref_1,2.85,1.92
311,Sys_DiT_ref_2,3.82,2.45
311,Sys_DiT_ref_3,1.85,1.2
311,User_DiT_1,5.0,2.0
311,User_DiT_2,1.67,2.0
311,User_DiT_3,5.0,2.0
312,Sys_DiT_ref_1,2.85,2.1
312,Sys_DiT_ref_2,0.85,1.2
312,Sys_DiT_ref_3,0.85,1.2
312,User_DiT_1,0.62,3.0
312,User_DiT_2,0.62,2.0
312,User_DiT_3,0.62,3.0
313,Sys_DiT_ref_1,4.15,3.2
313,Sys_DiT_ref_2,4.15,2.85
313,Sys_DiT_ref_3,4.65,3.82
313,User_DiT_1,4.44,4.0
313,User_DiT_2,4.44,3.0
313,User_DiT_3,4.44,4.0
314,Sys_DiT_ref_1,4.12,2.85
314,Sys_DiT_ref_2,4.15,2.85
314,Sys_DiT_ref_3,4.15,2.85
314,User_DiT_1,4.17,3.0
314,User_DiT_2,4.17,2.0
314,User_DiT_3,4.17,3.0
315,Sys_DiT_ref_1,0.12,1.85
315,Sys_DiT_ref_2,0.12,1.35
315,Sys_DiT_ref_3,0.15,1.85
315,User_DiT_1,0.62,2.0
315,User_DiT_2,0.62,2.0
315,User_DiT_3,0.62,2.0
316,Sys_DiT_ref_1,4.65,3.82
316,Sys_DiT_ref_2,4.85,3.62
316,Sys_DiT_ref_3,4.65,2.85
316,User_DiT_1,5.0,3.0
316,User_DiT_2,5.0,4.0
316,User_DiT_3,5.0,4.0
317,Sys_DiT_ref_1,4.85,3.2
317,Sys_DiT_ref_2,3.85,2.15
317,Sys_DiT_ref_3,3.85,1.92
317,User_DiT_1,4.0,3.0
317,User_DiT_2,5.0,3.0
317,User_DiT_3,5.0,3.0
318,Sys_DiT_ref_1,4.15,3.25
318,Sys_DiT_ref_2,1.85,1.2
318,Sys_DiT_ref_3,4.65,2.85
318,User_DiT_1,1.88,3.0
318,User_DiT_2,1.88,3.0
318,User_DiT_3,3.57,3.0
319,Sys_DiT_ref_1,4.65,2.85
319,Sys_DiT_ref_2,4.65,2.85
319,Sys_DiT_ref_3,4.65,2.85
319,User_DiT_1,5.0,3.0
319,User_DiT_2,3.75,3.0
319,User_DiT_3,5.0,3.0
320,Sys_DiT_ref_1,4.85,3.6
320,Sys_DiT_ref_2,4.85,3.6
320,Sys_DiT_ref_3,4.65,3.85
320,User_DiT_1,4.38,4.0
320,User_DiT_2,4.38,3.0
320,User_DiT_3,4.38,4.0
321,Sys_DiT_ref_1,3.85,1.9
321,Sys_DiT_ref_2,3.85,2.15
321,Sys_DiT_ref_3,3.45,2.15
321,User_DiT_1,3.12,2.0
321,User_DiT_2,3.12,2.0
321,User_DiT_3,3.12,2.0
322,Sys_DiT_ref_1,0.15,1.85
322,Sys_DiT_ref_2,2.85,1.92
322,Sys_DiT_ref_3,1.85,2.4
322,User_DiT_1,1.88,2.0
322,User_DiT_2,0.0,2.0
322,User_DiT_3,0.0,2.0
323,Sys_DiT_ref_1,3.85,3.62
323,Sys_DiT_ref_2,2.85,2.1
323,Sys_DiT_ref_3,2.85,3.42
323,User_DiT_1,5.0,1.0
323,User_DiT_2,4.17,2.0
323,User_DiT_3,4.17,2.0
324,Sys_DiT_ref_1,4.12,2.85
324,Sys_DiT_ref_2,4.72,3.85
324,Sys_DiT_ref_3,4.12,3.85
324,User_DiT_1,4.29,3.0
324,User_DiT_2,4.29,4.0
324,User_DiT_3,4.29,4.0
325,Sys_DiT_ref_1,4.25,2.8
325,Sys_DiT_ref_2,4.85,3.62
325,Sys_DiT_ref_3,4.85,3.72
325,User_DiT_1,4.38,4.0
325,User_DiT_2,5.0,4.0
325,User_DiT_3,5.0,4.0
326,Sys_DiT_ref_1,3.85,4.12
326,Sys_DiT_ref_2,3.85,4.12
326,Sys_DiT_ref_3,4.85,3.72
326,User_DiT_1,2.78,4.0
326,User_DiT_2,2.78,4.0
326,User_DiT_3,2.78,4.0
327,Sys_DiT_ref_1,4.85,2.15
327,Sys_DiT_ref_2,4.15,2.85
327,Sys_DiT_ref_3,2.85,1.42
327,User_DiT_1,4.29,1.0
327,User_DiT_2,2.5,1.0
327,User_DiT_3,2.5,2.0
328,Sys_DiT_ref_1,4.85,3.72
328,Sys_DiT_ref_2,4.85,2.15
328,Sys_DiT_ref_3,4.85,2.15
328,User_DiT_1,4.38,4.0
328,User_DiT_2,4.38,4.0
328,User_DiT_3,4.38,4.0
329,Sys_DiT_ref_1,4.25,2.85
329,Sys_DiT_ref_2,4.12,2.85
329,Sys_DiT_ref_3,4.25,2.85
329,User_DiT_1,4.38,3.0
329,User_DiT_2,4.38,3.0
329,User_DiT_3,4.38,3.0
330,Sys_DiT_ref_1,0.15,2.85
330,Sys_DiT_ref_2,0.0,1.85
330,Sys_DiT_ref_3,0.0,1.85
330,User_DiT_1,0.0,3.0
330,User_DiT_2,0.0,2.0
330,User_DiT_3,0.0,2.0
331,Sys_DiT_ref_1,3.85,2.65
331,Sys_DiT_ref_2,2.85,1.65
331,Sys_DiT_ref_3,3.85,2.65
331,User_DiT_1,2.78,2.0
331,User_DiT_2,2.5,2.0
331,User_DiT_3,2.78,3.0
332,Sys_DiT_ref_1,3.85,3.42
332,Sys_DiT_ref_2,3.85,2.15
332,Sys_DiT_ref_3,3.85,2.4
332,User_DiT_1,2.5,4.0
332,User_DiT_2,3.12,4.0
332,User_DiT_3,2.5,3.0
333,Sys_DiT_ref_1,0.15,1.2
333,Sys_DiT_ref_2,0.15,1.25
333,Sys_DiT_ref_3,0.15,1.2
333,User_DiT_1,0.0,1.0
333,User_DiT_2,0.0,1.0
333,User_DiT_3,0.0,1.0
334,Sys_DiT_ref_1,0.0,3.85
334,Sys_DiT_ref_2,0.0,3.85
334,Sys_DiT_ref_3,0.85,3.65
334,User_DiT_1,0.0,4.0
334,User_DiT_2,0.0,3.0
334,User_DiT_3,0.56,4.0
335,Sys_DiT_ref_1,4.65,3.85
335,Sys_DiT_ref_2,4.2,2.8
335,Sys_DiT_ref_3,3.82,2.15
335,User_DiT_1,3.89,2.0
335,User_DiT_2,5.0,3.0
335,User_DiT_3,5.0,3.0
336,Sys_DiT_ref_1,3.85,1.5
336,Sys_DiT_ref_2,3.85,1.5
336,Sys_DiT_ref_3,4.65,1.5
336,User_DiT_1,4.38,2.0
336,User_DiT_2,4.38,2.0
336,User_DiT_3,4.38,2.0
337,Sys_DiT_ref_1,4.85,2.0
337,Sys_DiT_ref_2,4.65,2.0
337,Sys_DiT_ref_3,4.65,2.0
337,User_DiT_1,5.0,3.0
337,User_DiT_2,5.0,3.0
337,User_DiT_3,5.0,2.0
338,Sys_DiT_ref_1,4.15,1.5
338,Sys_DiT_ref_2,4.65,3.82
338,Sys_DiT_ref_3,4.65,2.85
338,User_DiT_1,4.38,4.0
338,User_DiT_2,5.0,2.0
338,User_DiT_3,4.44,2.0
339,Sys_DiT_ref_1,4.85,1.5
339,Sys_DiT_ref_2,4.85,1.5
339,Sys_DiT_ref_3,3.85,1.5
339,User_DiT_1,5.0,2.0
339,User_DiT_2,5.0,2.0
339,User_DiT_3,0.0,2.0
340,Sys_DiT_ref_1,4.85,3.62
340,Sys_DiT_ref_2,4.65,2.85
340,Sys_DiT_ref_3,4.85,3.75
340,User_DiT_1,0.0,3.0
340,User_DiT_2,5.0,4.0
340,User_DiT_3,5.0,4.0
341,Sys_DiT_ref_1,4.25,1.85
341,Sys_DiT_ref_2,4.25,2.85
341,Sys_DiT_ref_3,4.25,1.85
341,User_DiT_1,4.38,2.0
341,User_DiT_2,5.0,2.0
341,User_DiT_3,4.38,2.0
342,Sys_DiT_ref_1,4.85,2.15
342,Sys_DiT_ref_2,4.85,2.15
342,Sys_DiT_ref_3,4.85,3.6
342,User_DiT_1,5.0,5.0
342,User_DiT_2,5.0,4.0
342,User_DiT_3,5.0,5.0
343,Sys_DiT_ref_1,4.65,2.85
343,Sys_DiT_ref_2,4.65,2.85
343,Sys_DiT_ref_3,4.65,3.8
343,User_DiT_1,5.0,3.0
343,User_DiT_2,5.0,3.0
343,User_DiT_3,4.38,4.0
344,Sys_DiT_ref_1,4.65,2.85
344,Sys_DiT_ref_2,4.15,2.35
344,Sys_DiT_ref_3,3.85,2.4
344,User_DiT_1,4.38,2.0
344,User_DiT_2,5.0,2.0
344,User_DiT_3,5.0,2.0
345,Sys_DiT_ref_1,4.85,3.72
345,Sys_DiT_ref_2,4.15,3.85
345,Sys_DiT_ref_3,4.65,3.82
345,User_DiT_1,3.12,4.0
345,User_DiT_2,3.12,4.0
345,User_DiT_3,3.12,4.0
346,Sys_DiT_ref_1,3.85,3.62
346,Sys_DiT_ref_2,3.85,2.65
346,Sys_DiT_ref_3,4.85,3.65
346,User_DiT_1,1.88,4.0
346,User_DiT_2,2.5,4.0
346,User_DiT_3,2.5,4.0
347,Sys_DiT_ref_1,4.12,2.85
347,Sys_DiT_ref_2,4.15,3.85
347,Sys_DiT_ref_3,4.12,3.65
347,User_DiT_1,1.88,3.0
347,User_DiT_2,1.88,3.0
347,User_DiT_3,1.88,3.0
348,Sys_DiT_ref_1,4.25,2.8
348,Sys_DiT_ref_2,3.85,2.92
348,Sys_DiT_ref_3,3.82,2.15
348,User_DiT_1,3.57,2.0
348,User_DiT_2,4.17,2.0
348,User_DiT_3,2.86,3.0
349,Sys_DiT_ref_1,3.82,2.15
349,Sys_DiT_ref_2,1.85,1.92
349,Sys_DiT_ref_3,1.85,1.2
349,User_DiT_1,1.88,1.0
349,User_DiT_2,1.88,1.0
349,User_DiT_3,3.75,2.0
350,Sys_DiT_ref_1,4.85,3.65
350,Sys_DiT_ref_2,3.85,2.75
350,Sys_DiT_ref_3,4.85,3.65
350,User_DiT_1,5.0,4.0
350,User_DiT_2,5.0,4.0
350,User_DiT_3,5.0,3.0
351,Sys_DiT_ref_1,5.0,4.95
351,Sys_DiT_ref_2,4.12,2.85
351,Sys_DiT_ref_3,4.85,3.6
351,User_DiT_1,5.0,5.0
351,User_DiT_2,5.0,3.0
351,User_DiT_3,5.0,3.0
352,Sys_DiT_ref_1,4.85,4.2
352,Sys_DiT_ref_2,4.85,4.92
352,Sys_DiT_ref_3,5.0,4.9
352,User_DiT_1,5.0,5.0
352,User_DiT_2,5.0,4.0
352,User_DiT_3,5.0,5.0
353,Sys_DiT_ref_1,4.95,4.98
353,Sys_DiT_ref_2,4.85,4.92
353,Sys_DiT_ref_3,4.95,4.98
353,User_DiT_1,5.0,5.0
353,User_DiT_2,5.0,5.0
353,User_DiT_3,5.0,5.0
354,Sys_DiT_ref_1,4.35,3.82
354,Sys_DiT_ref_2,4.65,3.82
354,Sys_DiT_ref_3,4.12,3.85
354,User_DiT_1,5.0,4.0
354,User_DiT_2,5.0,4.0
354,User_DiT_3,5.0,4.0
355,Sys_DiT_ref_1,2.15,1.85
355,Sys_DiT_ref_2,3.82,1.47
355,Sys_DiT_ref_3,2.15,1.85
355,User_DiT_1,4.38,2.0
355,User_DiT_2,3.89,2.0
355,User_DiT_3,3.89,1.0
356,Sys_DiT_ref_1,4.65,3.75
356,Sys_DiT_ref_2,4.12,3.65
356,Sys_DiT_ref_3,4.65,3.75
356,User_DiT_1,3.89,4.0
356,User_DiT_2,3.89,4.0
356,User_DiT_3,3.89,4.0
357,Sys_DiT_ref_1,4.85,3.72
357,Sys_DiT_ref_2,4.65,3.82
357,Sys_DiT_ref_3,4.15,2.85
357,User_DiT_1,4.44,4.0
357,User_DiT_2,5.0,4.0
357,User_DiT_3,4.44,3.0
358,Sys_DiT_ref_1,3.15,1.82
358,Sys_DiT_ref_2,4.25,2.85
358,Sys_DiT_ref_3,3.25,1.15
358,User_DiT_1,3.33,1.0
358,User_DiT_2,4.38,2.0
358,User_DiT_3,2.78,1.0
359,Sys_DiT_ref_1,4.65,3.82
359,Sys_DiT_ref_2,2.15,2.85
359,Sys_DiT_ref_3,3.85,2.75
359,User_DiT_1,5.0,4.0
359,User_DiT_2,5.0,3.0
359,User_DiT_3,5.0,4.0
360,Sys_DiT_ref_1,0.15,1.85
360,Sys_DiT_ref_2,0.15,2.85
360,Sys_DiT_ref_3,0.15,3.2
360,User_DiT_1,0.0,1.0
360,User_DiT_2,0.0,3.0
360,User_DiT_3,0.0,3.0
361,Sys_DiT_ref_1,3.85,2.92
361,Sys_DiT_ref_2,4.85,3.72
361,Sys_DiT_ref_3,4.85,3.72
361,User_DiT_1,0.0,4.0
361,User_DiT_2,3.75,3.0
361,User_DiT_3,0.0,4.0
362,Sys_DiT_ref_1,4.85,4.2
362,Sys_DiT_ref_2,4.85,4.62
362,Sys_DiT_ref_3,4.85,4.92
362,User_DiT_1,5.0,5.0
362,User_DiT_2,5.0,5.0
362,User_DiT_3,5.0,5.0
363,Sys_DiT_ref_1,3.85,3.6
363,Sys_DiT_ref_2,3.85,2.15
363,Sys_DiT_ref_3,3.85,2.9
363,User_DiT_1,3.33,2.0
363,User_DiT_2,3.33,3.0
363,User_DiT_3,3.33,2.0
364,Sys_DiT_ref_1,4.85,4.2
364,Sys_DiT_ref_2,4.65,3.82
364,Sys_DiT_ref_3,4.65,3.85
364,User_DiT_1,5.0,4.0
364,User_DiT_2,5.0,5.0
364,User_DiT_3,5.0,4.0
365,Sys_DiT_ref_1,3.42,3.85
365,Sys_DiT_ref_2,2.15,1.85
365,Sys_DiT_ref_3,2.85,3.4
365,User_DiT_1,3.57,2.0
365,User_DiT_2,3.57,2.0
365,User_DiT_3,3.57,4.0
366,Sys_DiT_ref_1,4.85,1.5
366,Sys_DiT_ref_2,0.85,1.2
366,Sys_DiT_ref_3,0.15,1.5
366,User_DiT_1,1.25,1.0
366,User_DiT_2,1.25,3.0
366,User_DiT_3,1.25,2.0
367,Sys_DiT_ref_1,2.85,3.42
367,Sys_DiT_ref_2,3.15,2.85
367,Sys_DiT_ref_3,2.85,3.62
367,User_DiT_1,3.57,4.0
367,User_DiT_2,3.57,3.0
367,User_DiT_3,3.57,4.0
368,Sys_DiT_ref_1,0.15,1.5
368,Sys_DiT_ref_2,0.15,1.5
368,Sys_DiT_ref_3,0.0,1.5
368,User_DiT_1,0.62,2.0
368,User_DiT_2,0.62,2.0
368,User_DiT_3,5.0,2.0
369,Sys_DiT_ref_1,4.12,1.85
369,Sys_DiT_ref_2,4.15,1.85
369,Sys_DiT_ref_3,3.82,2.95
369,User_DiT_1,4.17,1.0
369,User_DiT_2,4.29,1.0
369,User_DiT_3,4.17,3.0
370,Sys_DiT_ref_1,1.85,2.1
370,Sys_DiT_ref_2,3.85,2.4
370,Sys_DiT_ref_3,4.85,3.75
370,User_DiT_1,1.5,4.0
370,User_DiT_2,5.0,2.0
370,User_DiT_3,5.0,2.0
371,Sys_DiT_ref_1,4.65,2.85
371,Sys_DiT_ref_2,4.85,4.2
371,Sys_DiT_ref_3,4.65,3.85
371,User_DiT_1,5.0,3.0
371,User_DiT_2,4.5,4.0
371,User_DiT_3,5.0,3.0
372,Sys_DiT_ref_1,4.82,4.95
372,Sys_DiT_ref_2,4.85,4.92
372,Sys_DiT_ref_3,4.65,4.85
372,User_DiT_1,5.0,5.0
372,User_DiT_2,5.0,5.0
372,User_DiT_3,5.0,3.0
373,Sys_DiT_ref_1,0.12,0.85
373,Sys_DiT_ref_2,4.15,3.25
373,Sys_DiT_ref_3,0.15,1.2
373,User_DiT_1,0.56,1.0
373,User_DiT_2,5.0,1.0
373,User_DiT_3,0.56,1.0
374,Sys_DiT_ref_1,4.92,4.95
374,Sys_DiT_ref_2,4.92,4.95
374,Sys_DiT_ref_3,5.0,4.92
374,User_DiT_1,5.0,5.0
374,User_DiT_2,5.0,5.0
374,User_DiT_3,5.0,5.0
375,Sys_DiT_ref_1,4.85,3.75
375,Sys_DiT_ref_2,4.85,3.65
375,Sys_DiT_ref_3,4.85,2.1
375,User_DiT_1,5.0,2.0
375,User_DiT_2,5.0,4.0
375,User_DiT_3,5.0,4.0
376,Sys_DiT_ref_1,4.65,3.85
376,Sys_DiT_ref_2,3.85,2.65
376,Sys_DiT_ref_3,4.12,2.85
376,User_DiT_1,3.89,3.0
376,User_DiT_2,3.89,3.0
376,User_DiT_3,5.0,3.0
377,Sys_DiT_ref_1,3.85,4.12
377,Sys_DiT_ref_2,3.42,4.68
377,Sys_DiT_ref_3,3.85,4.12
377,User_DiT_1,4.0,4.0
377,User_DiT_2,4.0,4.0
377,User_DiT_3,4.0,4.0
378,Sys_DiT_ref_1,4.15,2.85
378,Sys_DiT_ref_2,4.15,3.65
378,Sys_DiT_ref_3,3.85,2.65
378,User_DiT_1,4.29,3.0
378,User_DiT_2,4.29,3.0
378,User_DiT_3,4.29,2.0
379,Sys_DiT_ref_1,3.25,2.85
379,Sys_DiT_ref_2,3.85,2.15
379,Sys_DiT_ref_3,4.12,2.85
379,User_DiT_1,4.17,2.0
379,User_DiT_2,4.17,2.0
379,User_DiT_3,4.17,2.0
380,Sys_DiT_ref_1,5.0,5.0
380,Sys_DiT_ref_2,4.92,4.95
380,Sys_DiT_ref_3,4.85,3.2
380,User_DiT_1,5.0,5.0
380,User_DiT_2,0.0,3.0
380,User_DiT_3,5.0,5.0
381,Sys_DiT_ref_1,4.85,3.62
381,Sys_DiT_ref_2,4.92,4.65
381,Sys_DiT_ref_3,5.0,5.0
381,User_DiT_1,5.0,4.0
381,User_DiT_2,5.0,5.0
381,User_DiT_3,5.0,5.0
382,Sys_DiT_ref_1,4.65,4.78
382,Sys_DiT_ref_2,4.65,3.82
382,Sys_DiT_ref_3,4.98,4.99
382,User_DiT_1,5.0,5.0
382,User_DiT_2,5.0,5.0
382,User_DiT_3,4.44,5.0
383,Sys_DiT_ref_1,4.65,3.85
383,Sys_DiT_ref_2,4.85,4.2
383,Sys_DiT_ref_3,4.65,3.85
383,User_DiT_1,5.0,4.0
383,User_DiT_2,5.0,4.0
383,User_DiT_3,5.0,4.0
384,Sys_DiT_ref_1,4.85,3.65
384,Sys_DiT_ref_2,4.85,4.2
384,Sys_DiT_ref_3,4.85,4.6
384,User_DiT_1,5.0,5.0
384,User_DiT_2,5.0,5.0
384,User_DiT_3,5.0,4.0
385,Sys_DiT_ref_1,1.25,2.85
385,Sys_DiT_ref_2,2.85,2.65
385,Sys_DiT_ref_3,0.15,2.85
385,User_DiT_1,3.12,3.0
385,User_DiT_2,2.5,3.0
385,User_DiT_3,2.5,3.0
386,Sys_DiT_ref_1,3.85,3.62
386,Sys_DiT_ref_2,4.15,3.85
386,Sys_DiT_ref_3,4.85,3.92
386,User_DiT_1,3.75,4.0
386,User_DiT_2,3.75,4.0
386,User_DiT_3,3.75,4.0
387,Sys_DiT_ref_1,4.25,2.85
387,Sys_DiT_ref_2,3.85,2.4
387,Sys_DiT_ref_3,4.85,4.2
387,User_DiT_1,4.38,3.0
387,User_DiT_2,3.75,3.0
387,User_DiT_3,4.38,4.0
388,Sys_DiT_ref_1,4.15,3.68
388,Sys_DiT_ref_2,4.15,2.85
388,Sys_DiT_ref_3,4.15,3.85
388,User_DiT_1,3.75,4.0
388,User_DiT_2,3.75,2.0
388,User_DiT_3,3.75,3.0
389,Sys_DiT_ref_1,4.15,2.85
389,Sys_DiT_ref_2,1.85,2.4
389,Sys_DiT_ref_3,0.15,2.85
389,User_DiT_1,3.12,2.0
389,User_DiT_2,3.12,3.0
389,User_DiT_3,3.12,3.0
390,Sys_DiT_ref_1,4.12,2.85
390,Sys_DiT_ref_2,4.82,2.15
390,Sys_DiT_ref_3,3.85,2.15
390,User_DiT_1,4.0,2.0
390,User_DiT_2,4.0,2.0
390,User_DiT_3,4.0,2.0
391,Sys_DiT_ref_1,4.85,3.62
391,Sys_DiT_ref_2,4.85,3.75
391,Sys_DiT_ref_3,4.15,2.85
391,User_DiT_1,4.17,3.0
391,User_DiT_2,5.0,3.0
391,User_DiT_3,4.17,4.0
392,Sys_DiT_ref_1,4.15,2.85
392,Sys_DiT_ref_2,4.15,2.85
392,Sys_DiT_ref_3,3.85,1.5
392,User_DiT_1,5.0,2.0
392,User_DiT_2,5.0,2.0
392,User_DiT_3,5.0,3.0
393,Sys_DiT_ref_1,1.85,2.0
393,Sys_DiT_ref_2,1.85,2.4
393,Sys_DiT_ref_3,1.85,2.1
393,User_DiT_1,1.25,2.0
393,User_DiT_2,1.25,2.0
393,User_DiT_3,1.25,2.0
394,Sys_DiT_ref_1,4.65,1.5
394,Sys_DiT_ref_2,4.12,1.5
394,Sys_DiT_ref_3,4.15,1.5
394,User_DiT_1,5.0,4.0
394,User_DiT_2,5.0,2.0
394,User_DiT_3,5.0,2.0
395,Sys_DiT_ref_1,0.85,1.2
395,Sys_DiT_ref_2,0.15,1.2
395,Sys_DiT_ref_3,0.12,1.85
395,User_DiT_1,0.71,1.0
395,User_DiT_2,0.83,2.0
395,User_DiT_3,0.71,1.0
396,Sys_DiT_ref_1,1.85,1.2
396,Sys_DiT_ref_2,4.85,2.15
396,Sys_DiT_ref_3,0.0,2.15
396,User_DiT_1,1.43,4.0
396,User_DiT_2,1.43,1.0
396,User_DiT_3,0.0,4.0
397,Sys_DiT_ref_1,0.0,1.2
397,Sys_DiT_ref_2,0.0,1.25
397,Sys_DiT_ref_3,0.0,1.5
397,User_DiT_1,0.0,1.0
397,User_DiT_2,0.0,1.0
397,User_DiT_3,0.0,1.0
398,Sys_DiT_ref_1,0.0,2.85
398,Sys_DiT_ref_2,0.0,3.85
398,Sys_DiT_ref_3,0.0,3.85
398,User_DiT_1,0.0,4.0
398,User_DiT_2,0.0,3.0
398,User_DiT_3,0.0,4.0
399,Sys_DiT_ref_1,0.0,0.85
399,Sys_DiT_ref_2,0.15,1.85
399,Sys_DiT_ref_3,0.0,0.5
399,User_DiT_1,0.83,1.0
399,User_DiT_2,0.83,1.0
399,User_DiT_3,0.83,0.0
400,Sys_DiT_ref_1,4.35,3.82
400,Sys_DiT_ref_2,4.65,3.85
400,Sys_DiT_ref_3,4.65,3.85
400,User_DiT_1,5.0,4.0
400,User_DiT_2,5.0,4.0
400,User_DiT_3,5.0,4.0
401,Sys_DiT_ref_1,1.25,2.8
401,Sys_DiT_ref_2,2.85,2.1
401,Sys_DiT_ref_3,1.85,1.5
401,User_DiT_1,3.57,3.0
401,User_DiT_2,1.43,2.0
401,User_DiT_3,3.57,2.0
402,Sys_DiT_ref_1,0.85,0.92
402,Sys_DiT_ref_2,2.85,1.65
402,Sys_DiT_ref_3,4.15,3.28
402,User_DiT_1,2.86,4.0
402,User_DiT_2,2.86,4.0
402,User_DiT_3,0.71,4.0
403,Sys_DiT_ref_1,4.85,3.6
403,Sys_DiT_ref_2,4.85,3.6
403,Sys_DiT_ref_3,4.72,3.85
403,User_DiT_1,5.0,4.0
403,User_DiT_2,5.0,4.0
403,User_DiT_3,5.0,4.0
404,Sys_DiT_ref_1,3.42,2.85
404,Sys_DiT_ref_2,1.85,1.5
404,Sys_DiT_ref_3,3.45,2.85
404,User_DiT_1,0.0,4.0
404,User_DiT_2,3.57,4.0
404,User_DiT_3,0.0,3.0
405,Sys_DiT_ref_1,4.65,2.85
405,Sys_DiT_ref_2,4.65,3.85
405,Sys_DiT_ref_3,4.12,2.85
405,User_DiT_1,4.29,3.0
405,User_DiT_2,4.29,3.0
405,User_DiT_3,4.29,3.0
406,Sys_DiT_ref_1,4.12,2.35
406,Sys_DiT_ref_2,4.12,2.35
406,Sys_DiT_ref_3,2.85,1.92
406,User_DiT_1,0.0,2.0
406,User_DiT_2,3.0,2.0
406,User_DiT_3,5.0,2.0
407,Sys_DiT_ref_1,4.12,2.85
407,Sys_DiT_ref_2,2.85,1.92
407,Sys_DiT_ref_3,3.85,2.15
407,User_DiT_1,4.29,2.0
407,User_DiT_2,4.29,2.0
407,User_DiT_3,4.29,2.0
408,Sys_DiT_ref_1,2.85,2.1
408,Sys_DiT_ref_2,2.85,2.1
408,Sys_DiT_ref_3,2.85,1.92
408,User_DiT_1,3.57,2.0
408,User_DiT_2,3.57,2.0
408,User_DiT_3,2.86,2.0
409,Sys_DiT_ref_1,3.82,1.47
409,Sys_DiT_ref_2,3.82,1.47
409,Sys_DiT_ref_3,4.15,1.85
409,User_DiT_1,4.17,1.0
409,User_DiT_2,4.17,1.0
409,User_DiT_3,3.33,3.0
410,Sys_DiT_ref_1,1.85,1.2
410,Sys_DiT_ref_2,1.85,0.95
410,Sys_DiT_ref_3,1.25,1.8
410,User_DiT_1,1.25,1.0
410,User_DiT_2,1.25,1.0
410,User_DiT_3,1.25,1.0
411,Sys_DiT_ref_1,2.15,1.85
411,Sys_DiT_ref_2,2.85,1.2
411,Sys_DiT_ref_3,1.85,1.2
411,User_DiT_1,3.12,1.0
411,User_DiT_2,3.12,1.0
411,User_DiT_3,3.12,1.0
412,Sys_DiT_ref_1,1.85,1.42
412,Sys_DiT_ref_2,1.25,1.8
412,Sys_DiT_ref_3,1.25,0.85
412,User_DiT_1,1.88,2.0
412,User_DiT_2,1.88,1.0
412,User_DiT_3,2.5,1.0
413,Sys_DiT_ref_1,1.85,1.2
413,Sys_DiT_ref_2,1.85,1.2
413,Sys_DiT_ref_3,1.85,1.2
413,User_DiT_1,2.5,1.0
413,User_DiT_2,2.5,2.0
413,User_DiT_3,2.5,1.0
414,Sys_DiT_ref_1,1.85,1.2
414,Sys_DiT_ref_2,1.85,1.2
414,Sys_DiT_ref_3,1.15,1.2
414,User_DiT_1,1.67,1.0
414,User_DiT_2,1.67,2.0
414,User_DiT_3,1.11,1.0
415,Sys_DiT_ref_1,4.85,3.65
415,Sys_DiT_ref_2,4.65,2.85
415,Sys_DiT_ref_3,4.65,1.85
415,User_DiT_1,5.0,2.0
415,User_DiT_2,4.38,2.0
415,User_DiT_3,5.0,3.0
416,Sys_DiT_ref_1,1.85,1.2
416,Sys_DiT_ref_2,2.85,1.65
416,Sys_DiT_ref_3,4.15,2.85
416,User_DiT_1,2.78,3.0
416,User_DiT_2,2.78,2.0
416,User_DiT_3,2.22,2.0
417,Sys_DiT_ref_1,1.85,1.2
417,Sys_DiT_ref_2,1.85,2.65
417,Sys_DiT_ref_3,2.15,2.8
417,User_DiT_1,3.33,3.0
417,User_DiT_2,3.33,3.0
417,User_DiT_3,3.33,3.0
418,Sys_DiT_ref_1,2.85,2.1
418,Sys_DiT_ref_2,2.15,1.85
418,Sys_DiT_ref_3,1.85,1.9
418,User_DiT_1,3.33,2.0
418,User_DiT_2,2.22,2.0
418,User_DiT_3,4.44,2.0
419,Sys_DiT_ref_1,4.65,3.82
419,Sys_DiT_ref_2,1.85,0.92
419,Sys_DiT_ref_3,4.65,3.82
419,User_DiT_1,5.0,4.0
419,User_DiT_2,2.5,4.0
419,User_DiT_3,5.0,4.0
420,Sys_DiT_ref_1,1.85,0.92
420,Sys_DiT_ref_2,0.85,1.2
420,Sys_DiT_ref_3,1.25,0.85
420,User_DiT_1,1.11,1.0
420,User_DiT_2,0.0,1.0
420,User_DiT_3,0.0,1.0
421,Sys_DiT_ref_1,2.85,1.2
421,Sys_DiT_ref_2,2.15,1.85
421,Sys_DiT_ref_3,0.85,1.2
421,User_DiT_1,2.22,1.0
421,User_DiT_2,0.56,1.0
421,User_DiT_3,2.22,1.0
422,Sys_DiT_ref_1,0.15,0.85
422,Sys_DiT_ref_2,1.85,1.2
422,Sys_DiT_ref_3,1.24,0.85
422,User_DiT_1,2.22,1.0
422,User_DiT_2,2.22,1.0
422,User_DiT_3,2.22,1.0
423,Sys_DiT_ref_1,2.15,1.85
423,Sys_DiT_ref_2,0.15,0.85
423,Sys_DiT_ref_3,1.85,1.2
423,User_DiT_1,2.86,1.0
423,User_DiT_2,0.0,1.0
423,User_DiT_3,0.0,1.0
424,Sys_DiT_ref_1,0.15,0.85
424,Sys_DiT_ref_2,0.15,0.85
424,Sys_DiT_ref_3,0.15,0.85
424,User_DiT_1,0.0,1.0
424,User_DiT_2,0.0,1.0
424,User_DiT_3,0.0,1.0
425,Sys_DiT_ref_1,2.85,3.42
425,Sys_DiT_ref_2,4.65,3.8
425,Sys_DiT_ref_3,3.85,2.65
425,User_DiT_1,5.0,4.0
425,User_DiT_2,5.0,4.0
425,User_DiT_3,5.0,4.0
426,Sys_DiT_ref_1,2.85,1.92
426,Sys_DiT_ref_2,3.45,2.85
426,Sys_DiT_ref_3,3.42,2.15
426,User_DiT_1,3.33,2.0
426,User_DiT_2,3.33,3.0
426,User_DiT_3,3.33,2.0
427,Sys_DiT_ref_1,4.12,2.85
427,Sys_DiT_ref_2,3.85,2.65
427,Sys_DiT_ref_3,3.85,2.9
427,User_DiT_1,4.44,3.0
427,User_DiT_2,4.44,3.0
427,User_DiT_3,3.75,4.0
428,Sys_DiT_ref_1,3.85,4.12
428,Sys_DiT_ref_2,3.45,3.1
428,Sys_DiT_ref_3,4.15,3.85
428,User_DiT_1,5.0,4.0
428,User_DiT_2,3.33,3.0
428,User_DiT_3,3.33,3.0
429,Sys_DiT_ref_1,4.85,3.65
429,Sys_DiT_ref_2,4.85,4.72
429,Sys_DiT_ref_3,4.85,3.65
429,User_DiT_1,0.0,4.0
429,User_DiT_2,0.0,4.0
429,User_DiT_3,0.0,4.0
430,Sys_DiT_ref_1,4.85,4.2
430,Sys_DiT_ref_2,4.85,3.62
430,Sys_DiT_ref_3,4.85,3.75
430,User_DiT_1,5.0,4.0
430,User_DiT_2,5.0,4.0
430,User_DiT_3,5.0,4.0
431,Sys_DiT_ref_1,4.85,3.65
431,Sys_DiT_ref_2,4.15,3.2
431,Sys_DiT_ref_3,4.85,3.6
431,User_DiT_1,5.0,4.0
431,User_DiT_2,5.0,4.0
431,User_DiT_3,5.0,4.0
432,Sys_DiT_ref_1,2.85,1.92
432,Sys_DiT_ref_2,2.15,1.85
432,Sys_DiT_ref_3,1.85,1.2
432,User_DiT_1,4.38,1.0
432,User_DiT_2,4.38,1.0
432,User_DiT_3,4.38,1.0
433,Sys_DiT_ref_1,2.85,3.42
433,Sys_DiT_ref_2,4.35,3.82
433,Sys_DiT_ref_3,3.82,3.45
433,User_DiT_1,3.12,4.0
433,User_DiT_2,4.44,4.0
433,User_DiT_3,4.44,4.0
434,Sys_DiT_ref_1,4.65,3.8
434,Sys_DiT_ref_2,4.85,4.2
434,Sys_DiT_ref_3,4.85,3.72
434,User_DiT_1,4.44,4.0
434,User_DiT_2,5.0,4.0
434,User_DiT_3,4.44,5.0
435,Sys_DiT_ref_1,3.85,2.9
435,Sys_DiT_ref_2,2.85,3.15
435,Sys_DiT_ref_3,3.42,2.85
435,User_DiT_1,4.0,3.0
435,User_DiT_2,4.0,3.0
435,User_DiT_3,4.0,3.0
436,Sys_DiT_ref_1,4.65,2.85
436,Sys_DiT_ref_2,4.65,2.85
436,Sys_DiT_ref_3,4.65,2.85
436,User_DiT_1,5.0,4.0
436,User_DiT_2,5.0,3.0
436,User_DiT_3,5.0,4.0
437,Sys_DiT_ref_1,4.85,4.92
437,Sys_DiT_ref_2,4.65,3.85
437,Sys_DiT_ref_3,4.68,2.35
437,User_DiT_1,5.0,5.0
437,User_DiT_2,5.0,4.0
437,User_DiT_3,5.0,4.0
438,Sys_DiT_ref_1,2.85,3.42
438,Sys_DiT_ref_2,2.15,2.85
438,Sys_DiT_ref_3,2.15,2.8
438,User_DiT_1,2.5,3.0
438,User_DiT_2,2.5,3.0
438,User_DiT_3,2.5,3.0
439,Sys_DiT_ref_1,4.65,2.85
439,Sys_DiT_ref_2,4.65,3.85
439,Sys_DiT_ref_3,4.85,3.62
439,User_DiT_1,5.0,4.0
439,User_DiT_2,5.0,4.0
439,User_DiT_3,5.0,3.0
440,Sys_DiT_ref_1,4.85,4.92
440,Sys_DiT_ref_2,4.85,4.92
440,Sys_DiT_ref_3,4.12,3.85
440,User_DiT_1,4.17,5.0
440,User_DiT_2,4.0,5.0
440,User_DiT_3,4.17,5.0
441,Sys_DiT_ref_1,4.92,4.95
441,Sys_DiT_ref_2,4.92,4.95
441,Sys_DiT_ref_3,4.82,4.65
441,User_DiT_1,5.0,5.0
441,User_DiT_2,5.0,5.0
441,User_DiT_3,5.0,4.0
442,Sys_DiT_ref_1,4.92,4.95
442,Sys_DiT_ref_2,4.15,3.65
442,Sys_DiT_ref_3,4.72,3.85
442,User_DiT_1,5.0,5.0
442,User_DiT_2,5.0,4.0
442,User_DiT_3,5.0,4.0
443,Sys_DiT_ref_1,4.98,4.99
443,Sys_DiT_ref_2,4.98,4.97
443,Sys_DiT_ref_3,4.98,5.0
443,User_DiT_1,5.0,5.0
443,User_DiT_2,5.0,5.0
443,User_DiT_3,5.0,5.0
444,Sys_DiT_ref_1,4.85,3.8
444,Sys_DiT_ref_2,4.85,3.75
444,Sys_DiT_ref_3,4.85,3.2
444,User_DiT_1,5.0,3.0
444,User_DiT_2,5.0,4.0
444,User_DiT_3,5.0,4.0
445,Sys_DiT_ref_1,4.85,3.72
445,Sys_DiT_ref_2,4.85,3.75
445,Sys_DiT_ref_3,4.85,3.2
445,User_DiT_1,5.0,4.0
445,User_DiT_2,5.0,4.0
445,User_DiT_3,5.0,4.0
446,Sys_DiT_ref_1,4.85,3.62
446,Sys_DiT_ref_2,4.85,3.2
446,Sys_DiT_ref_3,4.65,3.85
446,User_DiT_1,5.0,4.0
446,User_DiT_2,5.0,4.0
446,User_DiT_3,5.0,4.0
447,Sys_DiT_ref_1,2.85,1.65
447,Sys_DiT_ref_2,1.85,2.1
447,Sys_DiT_ref_3,2.85,2.1
447,User_DiT_1,3.57,2.0
447,User_DiT_2,3.57,2.0
447,User_DiT_3,5.0,2.0
448,Sys_DiT_ref_1,3.85,3.2
448,Sys_DiT_ref_2,2.15,2.85
448,Sys_DiT_ref_3,2.85,3.42
448,User_DiT_1,5.0,3.0
448,User_DiT_2,5.0,3.0
448,User_DiT_3,5.0,1.0
449,Sys_DiT_ref_1,4.65,3.85
449,Sys_DiT_ref_2,4.65,3.82
449,Sys_DiT_ref_3,4.65,2.85
449,User_DiT_1,5.0,4.0
449,User_DiT_2,5.0,4.0
449,User_DiT_3,5.0,3.0
450,Sys_DiT_ref_1,4.65,3.82
450,Sys_DiT_ref_2,4.85,3.62
450,Sys_DiT_ref_3,4.85,3.6
450,User_DiT_1,5.0,4.0
450,User_DiT_2,5.0,4.0
450,User_DiT_3,5.0,4.0
451,Sys_DiT_ref_1,4.65,3.82
451,Sys_DiT_ref_2,4.65,3.85
451,Sys_DiT_ref_3,4.65,3.82
451,User_DiT_1,5.0,4.0
451,User_DiT_2,5.0,4.0
451,User_DiT_3,5.0,4.0
452,Sys_DiT_ref_1,4.65,3.82
452,Sys_DiT_ref_2,4.65,3.82
452,Sys_DiT_ref_3,4.85,4.2
452,User_DiT_1,5.0,4.0
452,User_DiT_2,5.0,4.0
452,User_DiT_3,5.0,4.0
453,Sys_DiT_ref_1,4.65,3.85
453,Sys_DiT_ref_2,4.85,3.92
453,Sys_DiT_ref_3,4.65,3.82
453,User_DiT_1,5.0,4.0
453,User_DiT_2,5.0,4.0
453,User_DiT_3,5.0,4.0
454,Sys_DiT_ref_1,3.85,2.9
454,Sys_DiT_ref_2,3.85,2.15
454,Sys_DiT_ref_3,3.85,2.15
454,User_DiT_1,4.38,2.0
454,User_DiT_2,4.38,3.0
454,User_DiT_3,4.38,2.0
455,Sys_DiT_ref_1,3.15,2.85
455,Sys_DiT_ref_2,2.15,3.65
455,Sys_DiT_ref_3,1.85,2.1
455,User_DiT_1,2.86,2.0
455,User_DiT_2,2.14,4.0
455,User_DiT_3,2.14,3.0
456,Sys_DiT_ref_1,4.85,2.15
456,Sys_DiT_ref_2,4.85,3.65
456,Sys_DiT_ref_3,4.85,3.65
456,User_DiT_1,5.0,4.0
456,User_DiT_2,5.0,4.0
456,User_DiT_3,5.0,4.0
457,Sys_DiT_ref_1,4.98,4.95
457,Sys_DiT_ref_2,5.0,5.0
457,Sys_DiT_ref_3,5.0,5.0
457,User_DiT_1,5.0,5.0
457,User_DiT_2,5.0,5.0
457,User_DiT_3,5.0,5.0
458,Sys_DiT_ref_1,3.85,2.4
458,Sys_DiT_ref_2,3.85,2.45
458,Sys_DiT_ref_3,4.65,3.85
458,User_DiT_1,5.0,2.0
458,User_DiT_2,5.0,3.0
458,User_DiT_3,4.29,4.0
459,Sys_DiT_ref_1,4.35,3.68
459,Sys_DiT_ref_2,4.65,3.85
459,Sys_DiT_ref_3,4.25,2.85
459,User_DiT_1,5.0,3.0
459,User_DiT_2,5.0,3.0
459,User_DiT_3,5.0,3.0
460,Sys_DiT_ref_1,3.85,2.4
460,Sys_DiT_ref_2,4.25,3.6
460,Sys_DiT_ref_3,4.35,3.82
460,User_DiT_1,4.38,4.0
460,User_DiT_2,4.38,4.0
460,User_DiT_3,4.38,4.0
461,Sys_DiT_ref_1,4.25,2.85
461,Sys_DiT_ref_2,4.15,1.5
461,Sys_DiT_ref_3,4.12,2.85
461,User_DiT_1,4.38,2.0
461,User_DiT_2,4.38,2.0
461,User_DiT_3,4.38,2.0
462,Sys_DiT_ref_1,4.85,4.2
462,Sys_DiT_ref_2,4.65,3.8
462,Sys_DiT_ref_3,3.82,2.45
462,User_DiT_1,4.29,3.0
462,User_DiT_2,4.29,2.0
462,User_DiT_3,4.29,4.0
463,Sys_DiT_ref_1,3.85,1.25
463,Sys_DiT_ref_2,1.85,1.2
463,Sys_DiT_ref_3,0.12,1.85
463,User_DiT_1,4.38,1.0
463,User_DiT_2,0.0,1.0
463,User_DiT_3,0.0,2.0
464,Sys_DiT_ref_1,4.15,3.85
464,Sys_DiT_ref_2,4.65,3.85
464,Sys_DiT_ref_3,4.13,2.4
464,User_DiT_1,4.38,2.0
464,User_DiT_2,4.38,4.0
464,User_DiT_3,4.38,4.0
465,Sys_DiT_ref_1,4.15,3.2
465,Sys_DiT_ref_2,4.35,3.8
465,Sys_DiT_ref_3,3.85,2.65
465,User_DiT_1,5.0,4.0
465,User_DiT_2,5.0,3.0
465,User_DiT_3,5.0,3.0
466,Sys_DiT_ref_1,1.25,0.85
466,Sys_DiT_ref_2,1.85,0.92
466,Sys_DiT_ref_3,1.85,0.92
466,User_DiT_1,2.5,1.0
466,User_DiT_2,2.22,1.0
466,User_DiT_3,2.22,1.0
467,Sys_DiT_ref_1,4.65,2.35
467,Sys_DiT_ref_2,4.65,2.35
467,Sys_DiT_ref_3,4.85,3.2
467,User_DiT_1,5.0,5.0
467,User_DiT_2,5.0,5.0
467,User_DiT_3,5.0,4.0
468,Sys_DiT_ref_1,1.25,3.85
468,Sys_DiT_ref_2,1.85,3.65
468,Sys_DiT_ref_3,1.85,3.6
468,User_DiT_1,1.25,4.0
468,User_DiT_2,1.88,4.0
468,User_DiT_3,2.78,3.0
469,Sys_DiT_ref_1,1.25,3.0
469,Sys_DiT_ref_2,2.15,1.2
469,Sys_DiT_ref_3,1.85,1.2
469,User_DiT_1,4.29,1.0
469,User_DiT_2,3.75,1.0
469,User_DiT_3,4.29,1.0
470,Sys_DiT_ref_1,2.15,1.5
470,Sys_DiT_ref_2,2.15,1.5
470,Sys_DiT_ref_3,2.85,1.5
470,User_DiT_1,1.67,2.0
470,User_DiT_2,3.33,2.0
470,User_DiT_3,3.33,2.0
471,Sys_DiT_ref_1,1.85,0.92
471,Sys_DiT_ref_2,1.85,1.2
471,Sys_DiT_ref_3,3.65,1.5
471,User_DiT_1,3.75,1.0
471,User_DiT_2,3.75,1.0
471,User_DiT_3,0.71,1.0
472,Sys_DiT_ref_1,3.65,1.5
472,Sys_DiT_ref_2,4.65,1.5
472,Sys_DiT_ref_3,2.85,1.5
472,User_DiT_1,4.29,2.0
472,User_DiT_2,5.0,2.0
472,User_DiT_3,3.57,2.0
473,Sys_DiT_ref_1,3.85,2.0
473,Sys_DiT_ref_2,4.65,2.0
473,Sys_DiT_ref_3,3.85,2.0
473,User_DiT_1,4.38,2.0
473,User_DiT_2,4.38,2.0
473,User_DiT_3,5.0,2.0
474,Sys_DiT_ref_1,3.65,1.5
474,Sys_DiT_ref_2,3.42,1.5
474,Sys_DiT_ref_3,3.85,1.5
474,User_DiT_1,3.57,2.0
474,User_DiT_2,4.29,2.0
474,User_DiT_3,4.29,2.0
475,Sys_DiT_ref_1,3.45,1.5
475,Sys_DiT_ref_2,4.15,3.62
475,Sys_DiT_ref_3,3.45,3.12
475,User_DiT_1,3.57,2.0
475,User_DiT_2,3.57,2.0
475,User_DiT_3,3.57,3.0
476,Sys_DiT_ref_1,2.85,1.5
476,Sys_DiT_ref_2,3.65,1.5
476,Sys_DiT_ref_3,1.85,1.2
476,User_DiT_1,0.0,2.0
476,User_DiT_2,2.5,2.0
476,User_DiT_3,0.0,2.0
477,Sys_DiT_ref_1,2.85,1.5
477,Sys_DiT_ref_2,1.85,1.2
477,Sys_DiT_ref_3,1.25,0.85
477,User_DiT_1,2.86,1.0
477,User_DiT_2,2.86,1.0
477,User_DiT_3,2.86,1.0
478,Sys_DiT_ref_1,1.25,0.85
478,Sys_DiT_ref_2,1.15,0.82
478,Sys_DiT_ref_3,0.15,0.25
478,User_DiT_1,2.0,1.0
478,User_DiT_2,0.0,1.0
478,User_DiT_3,2.0,1.0
479,Sys_DiT_ref_1,2.85,1.5
479,Sys_DiT_ref_2,3.42,1.5
479,Sys_DiT_ref_3,3.42,1.5
479,User_DiT_1,2.86,2.0
479,User_DiT_2,3.57,2.0
479,User_DiT_3,2.86,2.0
480,Sys_DiT_ref_1,4.12,2.85
480,Sys_DiT_ref_2,4.65,3.0
480,Sys_DiT_ref_3,4.85,3.0
480,User_DiT_1,5.0,3.0
480,User_DiT_2,5.0,3.0
480,User_DiT_3,5.0,3.0
481,Sys_DiT_ref_1,4.82,3.0
481,Sys_DiT_ref_2,4.65,3.0
481,Sys_DiT_ref_3,4.65,3.0
481,User_DiT_1,5.0,3.0
481,User_DiT_2,5.0,3.0
481,User_DiT_3,5.0,3.0
482,Sys_DiT_ref_1,4.65,2.85
482,Sys_DiT_ref_2,4.65,2.85
482,Sys_DiT_ref_3,4.65,3.0
482,User_DiT_1,5.0,3.0
482,User_DiT_2,5.0,3.0
482,User_DiT_3,5.0,4.0
483,Sys_DiT_ref_1,4.65,2.85
483,Sys_DiT_ref_2,4.65,3.85
483,Sys_DiT_ref_3,4.65,1.5
483,User_DiT_1,5.0,3.0
483,User_DiT_2,5.0,4.0
483,User_DiT_3,5.0,2.0
484,Sys_DiT_ref_1,4.65,3.85
484,Sys_DiT_ref_2,3.85,2.15
484,Sys_DiT_ref_3,4.15,2.85
484,User_DiT_1,4.44,4.0
484,User_DiT_2,4.44,3.0
484,User_DiT_3,4.44,2.0
485,Sys_DiT_ref_1,2.85,3.65
485,Sys_DiT_ref_2,2.45,3.85
485,Sys_DiT_ref_3,3.85,4.12
485,User_DiT_1,3.0,4.0
485,User_DiT_2,3.0,4.0
485,User_DiT_3,3.0,4.0
486,Sys_DiT_ref_1,1.25,2.85
486,Sys_DiT_ref_2,0.15,2.85
486,Sys_DiT_ref_3,0.85,2.15
486,User_DiT_1,0.0,3.0
486,User_DiT_2,0.0,3.0
486,User_DiT_3,0.0,3.0
487,Sys_DiT_ref_1,4.82,4.15
487,Sys_DiT_ref_2,4.82,4.15
487,Sys_DiT_ref_3,4.85,4.12
487,User_DiT_1,5.0,4.0
487,User_DiT_2,5.0,4.0
487,User_DiT_3,5.0,4.0
488,Sys_DiT_ref_1,4.92,4.95
488,Sys_DiT_ref_2,4.92,3.85
488,Sys_DiT_ref_3,5.0,5.0
488,User_DiT_1,5.0,4.0
488,User_DiT_2,5.0,4.0
488,User_DiT_3,5.0,5.0
489,Sys_DiT_ref_1,4.82,3.65
489,Sys_DiT_ref_2,4.85,4.62
489,Sys_DiT_ref_3,4.85,4.6
489,User_DiT_1,5.0,4.0
489,User_DiT_2,5.0,4.0
489,User_DiT_3,5.0,4.0
490,Sys_DiT_ref_1,4.65,3.85
490,Sys_DiT_ref_2,4.92,4.85
490,Sys_DiT_ref_3,4.98,4.95
490,User_DiT_1,5.0,4.0
490,User_DiT_2,5.0,5.0
490,User_DiT_3,5.0,5.0
491,Sys_DiT_ref_1,4.65,3.85
491,Sys_DiT_ref_2,4.85,3.65
491,Sys_DiT_ref_3,3.42,3.65
491,User_DiT_1,4.44,4.0
491,User_DiT_2,4.44,4.0
491,User_DiT_3,3.89,4.0
492,Sys_DiT_ref_1,4.65,3.85
492,Sys_DiT_ref_2,4.98,4.95
492,Sys_DiT_ref_3,4.98,4.95
492,User_DiT_1,5.0,4.0
492,User_DiT_2,5.0,5.0
492,User_DiT_3,5.0,5.0
493,Sys_DiT_ref_1,4.65,3.85
493,Sys_DiT_ref_2,5.0,5.0
493,Sys_DiT_ref_3,4.92,4.85
493,User_DiT_1,5.0,5.0
493,User_DiT_2,5.0,3.0
493,User_DiT_3,5.0,4.0
494,Sys_DiT_ref_1,3.42,2.15
494,Sys_DiT_ref_2,4.85,4.92
494,Sys_DiT_ref_3,4.35,3.82
494,User_DiT_1,5.0,5.0
494,User_DiT_2,4.0,5.0
494,User_DiT_3,5.0,4.0
495,Sys_DiT_ref_1,4.12,2.85
495,Sys_DiT_ref_2,4.12,2.85
495,Sys_DiT_ref_3,4.65,2.85
495,User_DiT_1,5.0,3.0
495,User_DiT_2,5.0,3.0
495,User_DiT_3,5.0,3.0
496,Sys_DiT_ref_1,0.15,1.85
496,Sys_DiT_ref_2,4.25,3.85
496,Sys_DiT_ref_3,4.12,2.35
496,User_DiT_1,0.56,2.0
496,User_DiT_2,0.56,2.0
496,User_DiT_3,5.0,2.0
497,Sys_DiT_ref_1,4.62,3.85
497,Sys_DiT_ref_2,4.85,2.65
497,Sys_DiT_ref_3,4.85,3.6
497,User_DiT_1,5.0,2.0
497,User_DiT_2,5.0,2.0
497,User_DiT_3,5.0,4.0
498,Sys_DiT_ref_1,4.85,2.75
498,Sys_DiT_ref_2,4.12,2.85
498,Sys_DiT_ref_3,4.65,2.85
498,User_DiT_1,5.0,3.0
498,User_DiT_2,5.0,3.0
498,User_DiT_3,5.0,3.0
499,Sys_DiT_ref_1,4.65,2.85
499,Sys_DiT_ref_2,4.25,2.85
499,Sys_DiT_ref_3,4.15,2.85
499,User_DiT_1,5.0,3.0
499,User_DiT_2,5.0,3.0
499,User_DiT_3,5.0,3.0
