run,img_id,sys_alignment,sys_authenticity,cl_alignment,cl_authenticity,cl_total
output_sd3_m_800_1,0,5.0,3.8,5.0,4.0,20.0
output_sd3_m_800_1,1,5.0,4.5,5.0,4.0,20.0
output_sd3_m_800_1,2,5.0,4.3,5.0,4.0,20.0
output_sd3_m_800_1,3,5.0,4.6,5.0,5.0,25.0
output_sd3_m_800_1,4,2.5,3.5,2.5,4.0,10.0
output_sd3_m_800_1,5,4.79,2.5,3.75,2.0,7.5
output_sd3_m_800_1,6,5.0,3.8,5.0,4.0,20.0
output_sd3_m_800_1,7,3.33,2.5,3.33,2.0,6.66
output_sd3_m_800_1,8,3.75,2.8,3.75,3.0,11.25
output_sd3_m_800_1,9,3.75,4.2,3.75,4.0,15.0
output_sd3_m_800_1,10,5.0,2.3,5.0,2.0,10.0
output_sd3_m_800_1,11,3.33,4.2,3.33,4.0,13.32
output_sd3_m_800_1,12,5.0,5.0,5.0,5.0,25.0
output_sd3_m_800_1,13,5.0,3.0,5.0,3.0,15.0
output_sd3_m_800_1,14,3.8,3.2,5.0,3.0,15.0
output_sd3_m_800_1,15,5.0,5.0,5.0,5.0,25.0
output_sd3_m_800_1,16,4.0,3.5,5.0,4.0,20.0
output_sd3_m_800_1,17,5.0,3.8,5.0,4.0,20.0
output_sd3_m_800_1,18,5.0,4.3,5.0,4.0,20.0
output_sd3_m_800_1,19,5.0,4.2,5.0,4.0,20.0
output_sd3_m_800_1,20,5.0,3.0,5.0,3.0,15.0
output_sd3_m_800_1,21,3.0,4.5,3.0,4.0,12.0
output_sd3_m_800_1,22,5.0,3.2,5.0,3.0,15.0
output_sd3_m_800_1,23,5.0,2.8,5.0,3.0,15.0
output_sd3_m_800_1,24,5.0,3.2,5.0,3.0,15.0
output_sd3_m_800_1,25,5.0,3.8,5.0,4.0,20.0
output_sd3_m_800_1,26,3.0,4.3,3.33,4.0,13.32
output_sd3_m_800_1,27,3.12,3.0,3.75,3.0,11.25
output_sd3_m_800_1,28,4.0,4.2,4.0,4.0,16.0
output_sd3_m_800_1,29,4.17,2.8,5.0,3.0,15.0
output_sd3_m_800_1,30,5.0,2.5,5.0,2.0,10.0
output_sd3_m_800_1,31,3.6,4.2,4.0,4.0,16.0
output_sd3_m_800_1,32,1.67,2.8,1.67,3.0,5.01
output_sd3_m_800_1,33,4.0,3.5,4.0,4.0,16.0
output_sd3_m_800_1,34,3.33,4.8,3.33,5.0,16.65
output_sd3_m_800_1,35,3.33,4.0,3.33,4.0,13.32
output_sd3_m_800_1,36,1.67,2.5,1.67,2.0,3.34
output_sd3_m_800_1,37,3.33,2.5,3.33,2.0,6.66
output_sd3_m_800_1,38,3.33,4.2,3.33,4.0,13.32
output_sd3_m_800_1,39,3.33,4.2,3.33,4.0,13.32
output_sd3_m_800_1,40,1.42,3.2,1.67,3.0,5.01
output_sd3_m_800_1,41,3.75,4.2,3.75,4.0,15.0
output_sd3_m_800_1,42,4.83,4.0,3.33,4.0,13.32
output_sd3_m_800_1,43,5.0,4.2,5.0,4.0,20.0
output_sd3_m_800_1,44,4.25,4.8,5.0,5.0,25.0
output_sd3_m_800_1,45,5.0,4.0,5.0,4.0,20.0
output_sd3_m_800_1,46,3.83,3.5,1.67,4.0,6.68
output_sd3_m_800_1,47,3.67,4.2,3.33,4.0,13.32
output_sd3_m_800_1,48,5.0,4.2,5.0,4.0,20.0
output_sd3_m_800_1,49,4.5,4.2,5.0,4.0,20.0
output_sd3_m_800_1,50,5.0,4.2,5.0,4.0,20.0
output_sd3_m_800_1,51,5.0,3.2,5.0,3.0,15.0
output_sd3_m_800_1,52,4.83,4.3,5.0,4.0,20.0
output_sd3_m_800_1,53,2.17,2.5,3.33,2.0,6.66
output_sd3_m_800_1,54,2.5,3.8,1.67,4.0,6.68
output_sd3_m_800_1,55,5.0,4.2,5.0,4.0,20.0
output_sd3_m_800_1,56,4.0,2.5,4.0,2.0,8.0
output_sd3_m_800_1,57,3.75,3.0,3.75,3.0,11.25
output_sd3_m_800_1,58,4.33,4.9,5.0,5.0,25.0
output_sd3_m_800_1,59,1.67,4.5,1.67,4.0,6.68
output_sd3_m_800_1,60,5.0,4.3,5.0,4.0,20.0
output_sd3_m_800_1,61,5.0,4.2,5.0,4.0,20.0
output_sd3_m_800_1,62,5.0,4.95,5.0,5.0,25.0
output_sd3_m_800_1,63,3.33,3.5,3.33,4.0,13.32
output_sd3_m_800_1,64,5.0,2.5,5.0,2.0,10.0
output_sd3_m_800_1,65,5.0,5.0,5.0,5.0,25.0
output_sd3_m_800_1,66,5.0,4.8,5.0,5.0,25.0
output_sd3_m_800_1,67,3.33,3.2,3.33,3.0,9.99
output_sd3_m_800_1,68,5.0,4.3,5.0,4.0,20.0
output_sd3_m_800_1,69,5.0,4.2,5.0,4.0,20.0
output_sd3_m_800_1,70,4.0,2.5,5.0,2.0,10.0
output_sd3_m_800_1,71,4.0,3.5,4.0,4.0,16.0
output_sd3_m_800_1,72,1.67,4.2,1.67,4.0,6.68
output_sd3_m_800_1,73,3.33,4.2,3.33,4.0,13.32
output_sd3_m_800_1,74,1.67,2.5,1.67,2.0,3.34
output_sd3_m_800_1,75,3.0,4.2,1.67,4.0,6.68
output_sd3_m_800_1,76,3.33,4.2,3.33,4.0,13.32
output_sd3_m_800_1,77,2.5,2.5,3.33,2.0,6.66
output_sd3_m_800_1,78,5.0,4.0,5.0,4.0,20.0
output_sd3_m_800_1,79,5.0,3.2,5.0,3.0,15.0
output_sd3_m_800_1,80,4.0,3.0,4.0,3.0,12.0
output_sd3_m_800_1,81,5.0,4.7,5.0,5.0,25.0
output_sd3_m_800_1,82,3.33,4.2,3.33,4.0,13.32
output_sd3_m_800_1,83,4.0,2.5,4.0,2.0,8.0
output_sd3_m_800_1,84,4.33,4.2,5.0,4.0,20.0
output_sd3_m_800_1,85,4.0,3.2,4.0,3.0,12.0
output_sd3_m_800_1,86,3.75,4.2,3.75,4.0,15.0
output_sd3_m_800_1,87,3.75,4.2,3.75,4.0,15.0
output_sd3_m_800_1,88,5.0,3.8,5.0,4.0,20.0
output_sd3_m_800_1,89,4.0,4.9,4.0,5.0,20.0
output_sd3_m_800_1,90,5.0,4.0,5.0,4.0,20.0
output_sd3_m_800_1,91,3.75,4.0,3.75,4.0,15.0
output_sd3_m_800_1,92,4.83,4.0,5.0,4.0,20.0
output_sd3_m_800_1,93,0.83,2.5,1.67,2.0,3.34
output_sd3_m_800_1,94,3.83,3.2,5.0,3.0,15.0
output_sd3_m_800_1,95,3.33,4.2,3.33,4.0,13.32
output_sd3_m_800_1,96,5.0,4.8,5.0,5.0,25.0
output_sd3_m_800_1,97,4.83,3.8,5.0,4.0,20.0
output_sd3_m_800_1,98,4.75,4.9,5.0,5.0,25.0
output_sd3_m_800_1,99,4.75,2.3,5.0,2.0,10.0
output_sd3_m_800_1,100,4.17,4.2,4.17,4.0,16.68
output_sd3_m_800_1,101,5.0,4.6,5.0,5.0,25.0
output_sd3_m_800_1,102,5.0,2.5,5.0,2.0,10.0
output_sd3_m_800_1,103,5.0,3.8,5.0,4.0,20.0
output_sd3_m_800_1,104,4.33,3.5,4.17,4.0,16.68
output_sd3_m_800_1,105,4.14,3.5,5.0,4.0,20.0
output_sd3_m_800_1,106,5.0,4.6,5.0,5.0,25.0
output_sd3_m_800_1,107,5.0,3.5,5.0,4.0,20.0
output_sd3_m_800_1,108,3.0,3.5,3.0,4.0,12.0
output_sd3_m_800_1,109,3.75,4.2,3.33,4.0,13.32
output_sd3_m_800_1,110,5.0,3.5,5.0,4.0,20.0
output_sd3_m_800_1,111,4.17,4.2,4.17,4.0,16.68
output_sd3_m_800_1,112,4.17,4.8,4.17,5.0,20.85
output_sd3_m_800_1,113,3.0,4.2,3.0,4.0,12.0
output_sd3_m_800_1,114,4.0,2.5,4.0,2.0,8.0
output_sd3_m_800_1,115,5.0,4.6,5.0,5.0,25.0
output_sd3_m_800_1,116,4.0,4.8,4.0,5.0,20.0
output_sd3_m_800_1,117,5.0,3.8,5.0,4.0,20.0
output_sd3_m_800_1,118,3.6,3.5,4.0,4.0,16.0
output_sd3_m_800_1,119,5.0,3.0,5.0,3.0,15.0
output_sd3_m_800_1,120,5.0,4.9,4.0,5.0,20.0
output_sd3_m_800_1,121,2.9,3.2,3.0,3.0,9.0
output_sd3_m_800_1,122,4.0,4.2,4.0,4.0,16.0
output_sd3_m_800_1,123,5.0,4.2,5.0,4.0,20.0
output_sd3_m_800_1,124,4.17,1.8,4.17,2.0,8.34
output_sd3_m_800_1,125,4.05,3.2,5.0,3.0,15.0
output_sd3_m_800_1,126,1.25,2.5,1.25,2.0,2.5
output_sd3_m_800_1,127,3.0,2.0,3.0,2.0,6.0
output_sd3_m_800_1,128,3.0,2.5,3.0,2.0,6.0
output_sd3_m_800_1,129,2.0,3.2,2.0,3.0,6.0
output_sd3_m_800_1,130,1.8,3.5,1.0,4.0,4.0
output_sd3_m_800_1,131,1.0,2.5,1.0,2.0,2.0
output_sd3_m_800_1,132,4.0,2.8,4.0,3.0,12.0
output_sd3_m_800_1,133,4.0,4.5,4.0,4.0,16.0
output_sd3_m_800_1,134,4.0,2.3,4.0,2.0,8.0
output_sd3_m_800_1,135,4.0,2.5,4.0,2.0,8.0
output_sd3_m_800_1,136,2.7,2.6,3.0,3.0,9.0
output_sd3_m_800_1,137,2.0,3.2,2.5,3.0,7.5
output_sd3_m_800_1,138,4.17,3.8,4.17,4.0,16.68
output_sd3_m_800_1,139,3.0,3.5,3.0,4.0,12.0
output_sd3_m_800_1,140,1.0,4.5,1.0,4.0,4.0
output_sd3_m_800_1,141,1.67,1.5,1.67,2.0,3.34
output_sd3_m_800_1,142,4.0,2.5,4.0,2.0,8.0
output_sd3_m_800_1,143,5.0,3.5,5.0,4.0,20.0
output_sd3_m_800_1,144,3.0,2.8,3.0,3.0,9.0
output_sd3_m_800_1,145,3.57,3.2,3.57,3.0,10.71
output_sd3_m_800_1,146,4.17,4.5,4.17,4.0,16.68
output_sd3_m_800_1,147,2.5,2.8,5.0,3.0,15.0
output_sd3_m_800_1,148,5.0,4.0,5.0,4.0,20.0
output_sd3_m_800_1,149,3.0,3.8,3.0,4.0,12.0
output_sd3_m_800_1,150,5.0,4.2,5.0,4.0,20.0
output_sd3_m_800_1,151,5.0,2.8,5.0,3.0,15.0
output_sd3_m_800_1,152,5.0,3.0,5.0,3.0,15.0
output_sd3_m_800_1,153,3.1,2.8,4.0,3.0,12.0
output_sd3_m_800_1,154,5.0,4.2,5.0,4.0,20.0
output_sd3_m_800_1,155,5.0,4.9,5.0,5.0,25.0
output_sd3_m_800_1,156,4.0,3.5,4.0,4.0,16.0
output_sd3_m_800_1,157,3.85,3.2,4.0,3.0,12.0
output_sd3_m_800_1,158,4.17,4.2,4.17,4.0,16.68
output_sd3_m_800_1,159,2.0,4.2,2.0,4.0,8.0
output_sd3_m_800_1,160,4.0,3.5,4.0,4.0,16.0
output_sd3_m_800_1,161,1.45,2.5,2.0,2.0,4.0
output_sd3_m_800_1,162,5.0,4.2,5.0,4.0,20.0
output_sd3_m_800_1,163,2.0,2.0,2.0,2.0,4.0
output_sd3_m_800_1,164,2.5,3.2,2.5,3.0,7.5
output_sd3_m_800_1,165,2.5,2.0,2.5,2.0,5.0
output_sd3_m_800_1,166,5.0,3.8,5.0,4.0,20.0
output_sd3_m_800_1,167,3.5,2.0,4.0,2.0,8.0
output_sd3_m_800_1,168,5.0,4.0,5.0,4.0,20.0
output_sd3_m_800_1,169,5.0,4.2,5.0,4.0,20.0
output_sd3_m_800_1,170,4.0,3.5,4.0,4.0,16.0
output_sd3_m_800_1,171,5.0,3.2,5.0,3.0,15.0
output_sd3_m_800_1,172,5.0,4.2,5.0,4.0,20.0
output_sd3_m_800_1,173,3.0,3.0,3.0,3.0,9.0
output_sd3_m_800_1,174,4.17,5.0,4.17,5.0,20.85
output_sd3_m_800_1,175,4.0,4.6,4.0,5.0,20.0
output_sd3_m_800_1,176,2.31,3.8,2.5,4.0,10.0
output_sd3_m_800_1,177,2.71,3.8,5.0,4.0,20.0
output_sd3_m_800_1,178,5.0,4.7,5.0,5.0,25.0
output_sd3_m_800_1,179,4.83,4.2,4.0,4.0,16.0
output_sd3_m_800_1,180,3.0,3.8,3.0,4.0,12.0
output_sd3_m_800_1,181,4.17,4.2,4.17,4.0,16.68
output_sd3_m_800_1,182,3.8,2.8,2.5,3.0,7.5
output_sd3_m_800_1,183,5.0,4.2,5.0,4.0,20.0
output_sd3_m_800_1,184,4.17,4.0,4.17,4.0,16.68
output_sd3_m_800_1,185,3.0,3.5,3.0,4.0,12.0
output_sd3_m_800_1,186,5.0,4.2,5.0,4.0,20.0
output_sd3_m_800_1,187,5.0,3.2,5.0,3.0,15.0
output_sd3_m_800_1,188,1.79,3.5,3.33,4.0,13.32
output_sd3_m_800_1,189,4.0,4.2,4.0,4.0,16.0
output_sd3_m_800_1,190,4.5,2.6,5.0,3.0,15.0
output_sd3_m_800_1,191,3.1,2.5,5.0,2.0,10.0
output_sd3_m_800_1,192,2.0,3.2,2.0,3.0,6.0
output_sd3_m_800_1,193,5.0,2.0,5.0,2.0,10.0
output_sd3_m_800_1,194,3.0,2.5,3.0,2.0,6.0
output_sd3_m_800_1,195,5.0,3.5,5.0,4.0,20.0
output_sd3_m_800_1,196,0.83,4.5,0.83,4.0,3.32
output_sd3_m_800_1,197,5.0,3.5,5.0,4.0,20.0
output_sd3_m_800_1,198,4.0,3.5,4.0,4.0,16.0
output_sd3_m_800_1,199,4.0,3.5,4.0,4.0,16.0
output_sd3_m_800_1,200,3.0,4.2,3.0,4.0,12.0
output_sd3_m_800_1,201,4.17,2.5,4.17,2.0,8.34
output_sd3_m_800_1,202,0.83,4.2,0.83,4.0,3.32
output_sd3_m_800_1,203,5.0,3.8,5.0,4.0,20.0
output_sd3_m_800_1,204,5.0,4.9,5.0,5.0,25.0
output_sd3_m_800_1,205,4.17,3.5,4.17,4.0,16.68
output_sd3_m_800_1,206,3.0,3.8,3.0,4.0,12.0
output_sd3_m_800_1,207,4.29,4.2,4.29,4.0,17.16
output_sd3_m_800_1,208,4.08,3.5,4.17,4.0,16.68
output_sd3_m_800_1,209,5.0,4.2,5.0,4.0,20.0
output_sd3_m_800_1,210,4.42,3.2,4.17,3.0,12.51
output_sd3_m_800_1,211,4.17,3.2,4.17,3.0,12.51
output_sd3_m_800_1,212,3.12,4.2,3.12,4.0,12.48
output_sd3_m_800_1,213,5.0,3.2,5.0,3.0,15.0
output_sd3_m_800_1,214,5.0,5.0,5.0,5.0,25.0
output_sd3_m_800_1,215,3.57,4.0,3.57,4.0,14.28
output_sd3_m_800_1,216,3.33,3.0,3.33,3.0,9.99
output_sd3_m_800_1,217,2.5,3.8,2.5,4.0,10.0
output_sd3_m_800_1,218,4.29,3.5,4.29,4.0,17.16
output_sd3_m_800_1,219,2.5,4.2,2.5,4.0,10.0
output_sd3_m_800_1,220,5.0,4.3,5.0,4.0,20.0
output_sd3_m_800_1,221,4.86,2.5,4.17,2.0,8.34
output_sd3_m_800_1,222,4.29,4.5,4.29,4.0,17.16
output_sd3_m_800_1,223,2.5,3.2,2.5,3.0,7.5
output_sd3_m_800_1,224,3.75,4.2,3.75,4.0,15.0
output_sd3_m_800_1,225,4.29,4.2,4.29,4.0,17.16
output_sd3_m_800_1,226,5.0,5.0,5.0,5.0,25.0
output_sd3_m_800_1,227,5.0,4.5,5.0,4.0,20.0
output_sd3_m_800_1,228,4.17,3.2,4.17,3.0,12.51
output_sd3_m_800_1,229,4.92,4.6,5.0,5.0,25.0
output_sd3_m_800_1,230,2.5,3.2,2.5,3.0,7.5
output_sd3_m_800_1,231,4.29,3.2,4.29,3.0,12.87
output_sd3_m_800_1,232,5.0,4.3,5.0,4.0,20.0
output_sd3_m_800_1,233,5.0,5.0,5.0,5.0,25.0
output_sd3_m_800_1,234,3.5,2.0,4.17,2.0,8.34
output_sd3_m_800_1,235,2.57,4.2,4.29,4.0,17.16
output_sd3_m_800_1,236,4.29,2.8,4.29,3.0,12.87
output_sd3_m_800_1,237,4.17,4.2,4.17,4.0,16.68
output_sd3_m_800_1,238,3.0,4.2,3.0,4.0,12.0
output_sd3_m_800_1,239,4.88,3.5,5.0,4.0,20.0
output_sd3_m_800_1,240,3.0,4.2,3.0,4.0,12.0
output_sd3_m_800_1,241,4.29,2.5,4.29,2.0,8.58
output_sd3_m_800_1,242,4.17,1.8,4.17,2.0,8.34
output_sd3_m_800_1,243,3.64,3.2,4.29,3.0,12.87
output_sd3_m_800_1,244,3.0,4.2,3.0,4.0,12.0
output_sd3_m_800_1,245,3.33,2.5,3.33,2.0,6.66
output_sd3_m_800_1,246,3.0,1.5,3.0,2.0,6.0
output_sd3_m_800_1,247,4.17,3.5,4.17,4.0,16.68
output_sd3_m_800_1,248,5.0,4.8,5.0,5.0,25.0
output_sd3_m_800_1,249,3.0,3.5,3.33,4.0,13.32
output_sd3_m_800_1,250,4.33,2.1,4.17,2.0,8.34
output_sd3_m_800_1,251,1.85,2.5,2.0,2.0,4.0
output_sd3_m_800_1,252,2.0,2.5,2.0,2.0,4.0
output_sd3_m_800_1,253,3.33,2.0,3.33,2.0,6.66
output_sd3_m_800_1,254,5.0,3.5,5.0,4.0,20.0
output_sd3_m_800_1,255,4.29,2.8,4.29,3.0,12.87
output_sd3_m_800_1,256,4.29,4.2,4.29,4.0,17.16
output_sd3_m_800_1,257,2.86,4.2,2.86,4.0,11.44
output_sd3_m_800_1,258,4.0,4.2,4.0,4.0,16.0
output_sd3_m_800_1,259,2.0,2.5,2.0,2.0,4.0
output_sd3_m_800_1,260,1.0,1.5,1.0,2.0,2.0
output_sd3_m_800_1,261,3.89,3.5,3.33,4.0,13.32
output_sd3_m_800_1,262,5.0,2.0,5.0,2.0,10.0
output_sd3_m_800_1,263,1.43,4.5,1.43,4.0,5.72
output_sd3_m_800_1,264,4.29,3.0,4.29,3.0,12.87
output_sd3_m_800_1,265,4.0,3.2,4.0,3.0,12.0
output_sd3_m_800_1,266,3.0,4.2,3.0,4.0,12.0
output_sd3_m_800_1,267,4.29,2.5,4.29,2.0,8.58
output_sd3_m_800_1,268,3.0,3.8,3.0,4.0,12.0
output_sd3_m_800_1,269,2.5,3.8,2.5,4.0,10.0
output_sd3_m_800_1,270,5.0,4.2,5.0,4.0,20.0
output_sd3_m_800_1,271,4.29,3.5,4.29,4.0,17.16
output_sd3_m_800_1,272,5.0,2.5,5.0,2.0,10.0
output_sd3_m_800_1,273,2.5,3.5,2.5,4.0,10.0
output_sd3_m_800_1,274,1.86,3.5,2.14,4.0,8.56
output_sd3_m_800_1,275,4.38,3.2,4.38,3.0,13.14
output_sd3_m_800_1,276,2.54,3.2,3.33,3.0,9.99
output_sd3_m_800_1,277,3.12,4.8,3.12,5.0,15.6
output_sd3_m_800_1,278,3.33,3.2,3.33,3.0,9.99
output_sd3_m_800_1,279,5.0,4.0,5.0,4.0,20.0
output_sd3_m_800_1,280,2.5,4.2,2.5,4.0,10.0
output_sd3_m_800_1,281,3.75,2.5,3.33,2.0,6.66
output_sd3_m_800_1,282,5.0,2.5,5.0,2.0,10.0
output_sd3_m_800_1,283,4.17,2.5,4.17,2.0,8.34
output_sd3_m_800_1,284,2.5,2.3,2.5,2.0,5.0
output_sd3_m_800_1,285,4.17,2.5,4.17,2.0,8.34
output_sd3_m_800_1,286,4.21,4.2,3.0,4.0,12.0
output_sd3_m_800_1,287,4.0,4.2,4.17,4.0,16.68
output_sd3_m_800_1,288,3.0,2.0,3.0,2.0,6.0
output_sd3_m_800_1,289,3.5,5.0,3.0,5.0,15.0
output_sd3_m_800_1,290,1.67,4.5,1.67,4.0,6.68
output_sd3_m_800_1,291,5.0,3.5,5.0,4.0,20.0
output_sd3_m_800_1,292,2.81,4.2,5.0,4.0,20.0
output_sd3_m_800_1,293,5.0,4.2,5.0,4.0,20.0
output_sd3_m_800_1,294,4.14,3.8,4.29,4.0,17.16
output_sd3_m_800_1,295,4.17,3.2,4.17,3.0,12.51
output_sd3_m_800_1,296,4.17,3.2,4.17,3.0,12.51
output_sd3_m_800_1,297,2.86,4.2,2.86,4.0,11.44
output_sd3_m_800_1,298,3.33,2.0,3.33,2.0,6.66
output_sd3_m_800_1,299,5.0,4.9,5.0,5.0,25.0
output_sd3_m_800_1,300,2.0,2.5,2.5,2.0,5.0
output_sd3_m_800_1,301,3.75,2.5,3.75,2.0,7.5
output_sd3_m_800_1,302,1.67,4.2,2.22,4.0,8.88
output_sd3_m_800_1,303,3.61,2.5,5.0,2.0,10.0
output_sd3_m_800_1,304,4.29,4.2,4.29,4.0,17.16
output_sd3_m_800_1,305,3.89,4.2,3.89,4.0,15.56
output_sd3_m_800_1,306,1.67,3.8,1.67,4.0,6.68
output_sd3_m_800_1,307,3.33,4.2,3.33,4.0,13.32
output_sd3_m_800_1,308,4.44,3.5,4.44,4.0,17.76
output_sd3_m_800_1,309,0.25,3.2,0.83,3.0,2.49
output_sd3_m_800_1,310,4.17,2.8,3.33,3.0,9.99
output_sd3_m_800_1,311,5.0,4.2,5.0,4.0,20.0
output_sd3_m_800_1,312,3.75,2.0,3.75,2.0,7.5
output_sd3_m_800_1,313,3.75,2.8,3.75,3.0,11.25
output_sd3_m_800_1,314,2.5,2.8,2.5,3.0,7.5
output_sd3_m_800_1,315,3.75,4.2,3.75,4.0,15.0
output_sd3_m_800_1,316,4.17,2.0,4.17,2.0,8.34
output_sd3_m_800_1,317,4.44,3.5,4.44,4.0,17.76
output_sd3_m_800_1,318,5.0,2.5,5.0,2.0,10.0
output_sd3_m_800_1,319,3.0,2.5,3.57,2.0,7.14
output_sd3_m_800_1,320,4.38,2.5,4.38,2.0,8.76
output_sd3_m_800_1,321,1.06,2.0,2.86,2.0,5.72
output_sd3_m_800_1,322,4.17,3.0,4.17,3.0,12.51
output_sd3_m_800_1,323,2.86,4.2,2.86,4.0,11.44
output_sd3_m_800_1,324,2.13,1.8,3.57,2.0,7.14
output_sd3_m_800_1,325,2.5,3.5,2.22,4.0,8.88
output_sd3_m_800_1,326,1.67,4.9,1.67,5.0,8.35
output_sd3_m_800_1,327,2.5,4.2,2.14,4.0,8.56
output_sd3_m_800_1,328,4.32,3.0,3.33,3.0,9.99
output_sd3_m_800_1,329,3.75,3.8,3.75,4.0,15.0
output_sd3_m_800_1,330,2.92,1.5,2.5,2.0,5.0
output_sd3_m_800_1,331,0.0,1.5,0.0,2.0,0.0
output_sd3_m_800_1,332,5.0,3.8,5.0,4.0,20.0
output_sd3_m_800_1,333,5.0,4.7,5.0,5.0,25.0
output_sd3_m_800_1,334,5.0,3.5,5.0,4.0,20.0
output_sd3_m_800_1,335,2.14,2.8,2.14,3.0,6.42
output_sd3_m_800_1,336,2.17,4.2,3.33,4.0,13.32
output_sd3_m_800_1,337,3.75,4.2,3.75,4.0,15.0
output_sd3_m_800_1,338,4.29,2.8,4.29,3.0,12.87
output_sd3_m_800_1,339,1.88,3.2,1.88,3.0,5.64
output_sd3_m_800_1,340,3.33,3.0,3.33,3.0,9.99
output_sd3_m_800_1,341,3.75,3.5,3.75,4.0,15.0
output_sd3_m_800_1,342,3.75,3.2,3.75,3.0,11.25
output_sd3_m_800_1,343,2.78,4.9,2.78,5.0,13.9
output_sd3_m_800_1,344,5.0,4.9,5.0,5.0,25.0
output_sd3_m_800_1,345,5.0,2.8,5.0,3.0,15.0
output_sd3_m_800_1,346,4.38,4.2,4.38,4.0,17.52
output_sd3_m_800_1,347,3.58,3.2,4.17,3.0,12.51
output_sd3_m_800_1,348,1.88,4.2,3.12,4.0,12.48
output_sd3_m_800_1,349,4.38,3.5,4.38,4.0,17.52
output_sd3_m_800_1,350,2.86,2.5,2.86,2.0,5.72
output_sd3_m_800_1,351,3.44,2.5,3.12,2.0,6.24
output_sd3_m_800_1,352,5.0,4.2,5.0,4.0,20.0
output_sd3_m_800_1,353,3.33,2.8,3.33,3.0,9.99
output_sd3_m_800_1,354,3.33,3.2,3.33,3.0,9.99
output_sd3_m_800_1,355,3.75,4.2,3.75,4.0,15.0
output_sd3_m_800_1,356,2.5,2.8,2.5,3.0,7.5
output_sd3_m_800_1,357,3.89,4.8,3.89,5.0,19.45
output_sd3_m_800_1,358,4.38,3.2,4.38,3.0,13.14
output_sd3_m_800_1,359,5.0,2.5,5.0,2.0,10.0
output_sd3_m_800_1,360,4.29,4.2,4.29,4.0,17.16
output_sd3_m_800_1,361,5.0,4.2,5.0,4.0,20.0
output_sd3_m_800_1,362,5.0,4.2,5.0,4.0,20.0
output_sd3_m_800_1,363,4.17,3.5,5.0,4.0,20.0
output_sd3_m_800_1,364,2.93,2.5,3.57,2.0,7.14
output_sd3_m_800_1,365,0.0,1.5,0.0,2.0,0.0
output_sd3_m_800_1,366,3.08,2.8,2.5,3.0,7.5
output_sd3_m_800_1,367,5.0,4.9,5.0,5.0,25.0
output_sd3_m_800_1,368,4.44,4.2,4.44,4.0,17.76
output_sd3_m_800_1,369,4.29,2.8,4.29,3.0,12.87
output_sd3_m_800_1,370,3.33,4.8,3.33,5.0,16.65
output_sd3_m_800_1,371,5.0,5.0,5.0,5.0,25.0
output_sd3_m_800_1,372,3.5,3.2,4.38,3.0,13.14
output_sd3_m_800_1,373,3.78,2.5,2.86,2.0,5.72
output_sd3_m_800_1,374,4.44,4.8,4.44,5.0,22.2
output_sd3_m_800_1,375,2.0,2.1,4.17,2.0,8.34
output_sd3_m_800_1,376,3.33,3.8,3.33,4.0,13.32
output_sd3_m_800_1,377,3.29,2.8,4.38,3.0,13.14
output_sd3_m_800_1,378,5.0,4.2,5.0,4.0,20.0
output_sd3_m_800_1,379,3.33,4.8,3.33,5.0,16.65
output_sd3_m_800_1,380,4.38,3.5,4.38,4.0,17.52
output_sd3_m_800_1,381,3.75,2.5,3.75,2.0,7.5
output_sd3_m_800_1,382,1.67,4.2,1.67,4.0,6.68
output_sd3_m_800_1,383,3.75,3.8,3.75,4.0,15.0
output_sd3_m_800_1,384,3.57,4.2,3.57,4.0,14.28
output_sd3_m_800_1,385,4.38,3.8,4.38,4.0,17.52
output_sd3_m_800_1,386,3.75,3.2,3.75,3.0,11.25
output_sd3_m_800_1,387,3.75,2.0,3.75,2.0,7.5
output_sd3_m_800_1,388,2.06,2.3,3.12,2.0,6.24
output_sd3_m_800_1,389,2.5,3.0,2.5,3.0,7.5
output_sd3_m_800_1,390,3.01,2.5,4.38,2.0,8.76
output_sd3_m_800_1,391,1.86,2.5,3.57,2.0,7.14
output_sd3_m_800_1,392,4.14,3.2,2.5,3.0,7.5
output_sd3_m_800_1,393,3.22,4.2,3.33,4.0,13.32
output_sd3_m_800_1,394,3.75,3.2,3.75,3.0,11.25
output_sd3_m_800_1,395,3.54,4.2,2.5,4.0,10.0
output_sd3_m_800_1,396,4.38,3.5,4.38,4.0,17.52
output_sd3_m_800_1,397,3.89,2.5,3.89,2.0,7.78
output_sd3_m_800_1,398,3.12,2.0,3.12,2.0,6.24
output_sd3_m_800_1,399,3.81,3.5,3.57,4.0,14.28
output_sd3_m_800_1,400,3.75,3.8,3.75,4.0,15.0
output_sd3_m_800_1,401,3.5,4.2,3.5,4.0,14.0
output_sd3_m_800_1,402,2.5,4.2,2.5,4.0,10.0
output_sd3_m_800_1,403,3.0,4.2,3.0,4.0,12.0
output_sd3_m_800_1,404,2.5,4.2,5.0,4.0,20.0
output_sd3_m_800_1,405,3.12,2.5,3.12,2.0,6.24
output_sd3_m_800_1,406,2.43,2.5,2.14,2.0,4.28
output_sd3_m_800_1,407,2.78,2.5,2.78,2.0,5.56
output_sd3_m_800_1,408,3.89,4.2,4.44,4.0,17.76
output_sd3_m_800_1,409,2.86,2.5,2.86,2.0,5.72
output_sd3_m_800_1,410,3.12,3.0,3.12,3.0,9.36
output_sd3_m_800_1,411,3.75,3.2,4.38,3.0,13.14
output_sd3_m_800_1,412,3.12,3.2,3.12,3.0,9.36
output_sd3_m_800_1,413,3.12,2.8,3.12,3.0,9.36
output_sd3_m_800_1,414,3.19,2.5,2.5,2.0,5.0
output_sd3_m_800_1,415,4.29,2.8,4.29,3.0,12.87
output_sd3_m_800_1,416,3.89,2.5,3.89,2.0,7.78
output_sd3_m_800_1,417,2.86,3.2,2.86,3.0,8.58
output_sd3_m_800_1,418,3.47,3.2,3.33,3.0,9.99
output_sd3_m_800_1,419,2.75,1.5,3.75,2.0,7.5
output_sd3_m_800_1,420,1.88,3.5,1.88,4.0,7.52
output_sd3_m_800_1,421,3.57,4.2,3.57,4.0,14.28
output_sd3_m_800_1,422,4.29,2.5,4.29,2.0,8.58
output_sd3_m_800_1,423,3.33,4.2,3.33,4.0,13.32
output_sd3_m_800_1,424,3.12,3.8,3.12,4.0,12.48
output_sd3_m_800_1,425,2.5,3.2,2.5,3.0,7.5
output_sd3_m_800_1,426,2.86,2.0,2.86,2.0,5.72
output_sd3_m_800_1,427,4.14,4.2,3.57,4.0,14.28
output_sd3_m_800_1,428,3.33,4.2,3.33,4.0,13.32
output_sd3_m_800_1,429,3.75,2.5,3.75,2.0,7.5
output_sd3_m_800_1,430,2.5,1.5,2.5,2.0,5.0
output_sd3_m_800_1,431,2.78,4.2,2.78,4.0,11.12
output_sd3_m_800_1,432,2.5,3.8,2.5,4.0,10.0
output_sd3_m_800_1,433,3.89,4.0,3.89,4.0,15.56
output_sd3_m_800_1,434,4.38,3.5,4.38,4.0,17.52
output_sd3_m_800_1,435,3.89,4.2,3.89,4.0,15.56
output_sd3_m_800_1,436,5.0,3.2,5.0,3.0,15.0
output_sd3_m_800_1,437,2.5,2.0,2.5,2.0,5.0
output_sd3_m_800_1,438,3.57,3.2,3.57,3.0,10.71
output_sd3_m_800_1,439,2.0,3.5,2.0,4.0,8.0
output_sd3_m_800_1,440,3.39,3.2,3.33,3.0,9.99
output_sd3_m_800_1,441,4.25,3.8,4.0,4.0,16.0
output_sd3_m_800_1,442,2.22,2.8,2.22,3.0,6.66
output_sd3_m_800_1,443,3.75,3.8,3.75,4.0,15.0
output_sd3_m_800_1,444,2.86,3.0,2.86,3.0,8.58
output_sd3_m_800_1,445,4.17,2.8,3.75,3.0,11.25
output_sd3_m_800_1,446,3.56,3.2,3.12,3.0,9.36
output_sd3_m_800_1,447,3.89,3.8,3.33,4.0,13.32
output_sd3_m_800_1,448,1.4,2.3,2.0,2.0,4.0
output_sd3_m_800_1,449,2.5,3.2,2.5,3.0,7.5
output_sd3_m_800_1,450,3.12,3.0,3.12,3.0,9.36
output_sd3_m_800_1,451,3.75,4.2,3.75,4.0,15.0
output_sd3_m_800_1,452,1.67,5.0,1.67,5.0,8.35
output_sd3_m_800_1,453,3.44,2.0,3.75,2.0,7.5
output_sd3_m_800_1,454,3.12,2.0,3.12,2.0,6.24
output_sd3_m_800_1,455,3.89,2.8,3.89,3.0,11.67
output_sd3_m_800_1,456,3.75,2.8,3.75,3.0,11.25
output_sd3_m_800_1,457,3.75,2.0,3.12,2.0,6.24
output_sd3_m_800_1,458,2.86,3.5,2.86,4.0,11.44
output_sd3_m_800_1,459,4.17,4.2,3.89,4.0,15.56
output_sd3_m_800_1,460,1.93,2.5,2.86,2.0,5.72
output_sd3_m_800_1,461,4.33,2.5,4.44,2.0,8.88
output_sd3_m_800_1,462,3.75,4.2,3.75,4.0,15.0
output_sd3_m_800_1,463,3.75,4.2,3.75,4.0,15.0
output_sd3_m_800_1,464,1.88,4.2,1.88,4.0,7.52
output_sd3_m_800_1,465,1.88,2.5,1.25,2.0,2.5
output_sd3_m_800_1,466,4.38,3.5,4.38,4.0,17.52
output_sd3_m_800_1,467,4.44,2.0,4.44,2.0,8.88
output_sd3_m_800_1,468,3.61,2.5,2.14,2.0,4.28
output_sd3_m_800_1,469,2.86,2.5,2.86,2.0,5.72
output_sd3_m_800_1,470,3.12,2.8,3.12,3.0,9.36
output_sd3_m_800_1,471,3.12,3.8,3.12,4.0,12.48
output_sd3_m_800_1,472,1.88,4.6,1.88,5.0,9.4
output_sd3_m_800_1,473,3.57,4.0,3.57,4.0,14.28
output_sd3_m_800_1,474,3.75,2.8,3.75,3.0,11.25
output_sd3_m_800_1,475,3.75,2.5,3.75,2.0,7.5
output_sd3_m_800_1,476,3.61,3.8,3.89,4.0,15.56
output_sd3_m_800_1,477,2.81,4.8,3.75,5.0,18.75
output_sd3_m_800_1,478,2.89,2.5,1.43,2.0,2.86
output_sd3_m_800_1,479,4.73,2.5,3.89,2.0,7.78
output_sd3_m_800_1,480,3.89,2.5,3.89,2.0,7.78
output_sd3_m_800_1,481,1.5,3.2,2.14,3.0,6.42
output_sd3_m_800_1,482,3.89,4.5,3.89,4.0,15.56
output_sd3_m_800_1,483,3.75,3.8,3.75,4.0,15.0
output_sd3_m_800_1,484,3.33,4.2,3.33,4.0,13.32
output_sd3_m_800_1,485,2.22,4.2,2.22,4.0,8.88
output_sd3_m_800_1,486,4.5,4.2,4.38,4.0,17.52
output_sd3_m_800_1,487,4.35,4.2,3.89,4.0,15.56
output_sd3_m_800_1,488,3.75,2.3,3.75,2.0,7.5
output_sd3_m_800_1,489,3.33,4.2,3.33,4.0,13.32
output_sd3_m_800_1,490,2.78,2.5,2.78,2.0,5.56
output_sd3_m_800_1,491,4.44,4.5,4.44,4.0,17.76
output_sd3_m_800_1,492,3.89,3.2,3.89,3.0,11.67
output_sd3_m_800_1,493,2.14,2.1,2.14,2.0,4.28
output_sd3_m_800_1,494,1.21,2.3,1.43,2.0,2.86
output_sd3_m_800_1,495,2.19,2.5,1.88,2.0,3.76
output_sd3_m_800_1,496,3.33,2.0,3.33,2.0,6.66
output_sd3_m_800_1,497,3.89,2.5,3.89,2.0,7.78
output_sd3_m_800_1,498,1.5,3.5,1.88,4.0,7.52
output_sd3_m_800_1,499,3.75,2.8,3.75,3.0,11.25
output_sd3_m_800_1,500,2.78,3.5,2.78,4.0,11.12
output_sd3_m_800_1,501,3.12,4.0,3.12,4.0,12.48
output_sd3_m_800_1,502,5.0,3.8,5.0,4.0,20.0
output_sd3_m_800_1,503,5.0,4.8,5.0,5.0,25.0
output_sd3_m_800_1,504,2.42,2.5,2.78,2.0,5.56
output_sd3_m_800_1,505,1.22,2.5,1.67,2.0,3.34
output_sd3_m_800_1,506,2.41,2.0,2.22,2.0,4.44
output_sd3_m_800_1,507,0.62,2.5,0.62,2.0,1.24
output_sd3_m_800_1,508,3.0,2.5,3.0,2.0,6.0
output_sd3_m_800_1,509,2.44,3.8,2.78,4.0,11.12
output_sd3_m_800_1,510,3.89,2.5,3.89,2.0,7.78
output_sd3_m_800_1,511,2.22,2.5,2.22,2.0,4.44
output_sd3_m_800_1,512,4.4,2.2,4.0,2.0,8.0
output_sd3_m_800_1,513,4.5,4.2,4.5,4.0,18.0
output_sd3_m_800_1,514,3.25,2.5,3.33,2.0,6.66
output_sd3_m_800_1,515,4.44,3.2,3.89,3.0,11.67
output_sd3_m_800_1,516,3.22,2.5,2.78,2.0,5.56
output_sd3_m_800_1,517,4.15,3.8,3.5,4.0,14.0
output_sd3_m_800_1,518,2.78,2.5,2.78,2.0,5.56
output_sd3_m_800_1,519,2.5,3.8,2.5,4.0,10.0
output_sd3_m_800_1,520,3.33,3.2,3.33,3.0,9.99
output_sd3_m_800_1,521,5.0,3.8,5.0,4.0,20.0
output_sd3_m_800_1,522,2.17,2.5,2.22,2.0,4.44
output_sd3_m_800_1,523,2.06,3.2,1.88,3.0,5.64
output_sd3_m_800_1,524,4.0,4.5,4.0,4.0,16.0
output_sd3_m_800_1,525,3.12,2.0,3.12,2.0,6.24
output_sd3_m_800_1,526,2.5,4.6,2.5,5.0,12.5
output_sd3_m_800_1,527,1.88,1.5,1.88,2.0,3.76
output_sd3_m_800_1,528,3.5,3.2,3.5,3.0,10.5
output_sd3_m_800_1,529,4.17,2.5,3.89,2.0,7.78
output_sd3_m_800_1,530,4.06,3.8,3.75,4.0,15.0
output_sd3_m_800_1,531,3.64,3.7,3.64,4.0,14.56
output_sd3_m_800_1,532,2.78,3.2,2.78,3.0,8.34
output_sd3_m_800_1,533,1.58,2.5,1.67,2.0,3.34
output_sd3_m_800_1,534,4.3,3.2,2.5,3.0,7.5
output_sd3_m_800_1,535,3.89,4.2,3.89,4.0,15.56
output_sd3_m_800_1,536,1.88,3.5,1.88,4.0,7.52
output_sd3_m_800_1,537,3.5,4.2,3.5,4.0,14.0
output_sd3_m_800_1,538,2.75,4.2,3.0,4.0,12.0
output_sd3_m_800_1,539,3.75,4.2,3.75,4.0,15.0
output_sd3_m_800_1,540,3.33,4.2,3.33,4.0,13.32
output_sd3_m_800_1,541,4.5,3.8,4.5,4.0,18.0
output_sd3_m_800_1,542,2.78,1.5,2.78,2.0,5.56
output_sd3_m_800_1,543,3.62,2.0,3.75,2.0,7.5
output_sd3_m_800_1,544,3.75,4.2,3.5,4.0,14.0
output_sd3_m_800_1,545,3.33,4.2,3.33,4.0,13.32
output_sd3_m_800_1,546,2.5,2.0,3.12,2.0,6.24
output_sd3_m_800_1,547,2.97,1.5,2.78,2.0,5.56
output_sd3_m_800_1,548,3.33,4.2,3.33,4.0,13.32
output_sd3_m_800_1,549,3.89,4.2,3.89,4.0,15.56
output_sd3_m_800_1,550,1.25,2.5,1.88,2.0,3.76
output_sd3_m_800_1,551,2.17,4.2,1.67,4.0,6.68
output_sd3_m_800_1,552,2.5,4.2,2.5,4.0,10.0
output_sd3_m_800_1,553,4.26,4.2,3.89,4.0,15.56
output_sd3_m_800_1,554,2.78,4.2,2.78,4.0,11.12
output_sd3_m_800_1,555,2.5,1.5,2.5,2.0,5.0
output_sd3_m_800_1,556,3.89,2.5,3.89,2.0,7.78
output_sd3_m_800_1,557,3.33,2.5,3.89,2.0,7.78
output_sd3_m_800_1,558,5.0,4.2,5.0,4.0,20.0
output_sd3_m_800_1,559,3.0,3.5,3.0,4.0,12.0
output_sd3_m_800_1,560,2.54,2.8,1.67,3.0,5.01
output_sd3_m_800_1,561,2.75,3.2,3.5,3.0,10.5
output_sd3_m_800_1,562,4.0,4.2,4.0,4.0,16.0
output_sd3_m_800_1,563,3.12,2.8,3.12,3.0,9.36
output_sd3_m_800_1,564,2.72,4.5,2.78,4.0,11.12
output_sd3_m_800_1,565,2.75,2.5,3.64,2.0,7.28
output_sd3_m_800_1,566,3.12,2.3,3.12,2.0,6.24
output_sd3_m_800_1,567,4.5,3.5,4.5,4.0,18.0
output_sd3_m_800_1,568,4.26,2.5,3.89,2.0,7.78
output_sd3_m_800_1,569,2.94,2.1,3.89,2.0,7.78
output_sd3_m_800_1,570,3.61,3.5,3.33,4.0,13.32
output_sd3_m_800_1,571,4.15,4.2,3.33,4.0,13.32
output_sd3_m_800_1,572,2.5,3.2,2.22,3.0,6.66
output_sd3_m_800_1,573,5.0,2.5,5.0,2.0,10.0
output_sd3_m_800_1,574,0.0,0.0,3.89,0.0,0.0
output_sd3_m_800_1,575,4.06,3.5,3.89,4.0,15.56
output_sd3_m_800_1,576,4.44,3.0,4.44,3.0,13.32
output_sd3_m_800_1,577,4.05,2.5,4.5,2.0,9.0
output_sd3_m_800_1,578,2.78,2.5,4.44,2.0,8.88
output_sd3_m_800_1,579,3.89,2.5,3.33,2.0,6.66
output_sd3_m_800_1,580,3.33,3.0,3.33,3.0,9.99
output_sd3_m_800_1,581,4.3,3.0,4.5,3.0,13.5
output_sd3_m_800_1,582,1.56,3.0,1.25,3.0,3.75
output_sd3_m_800_1,583,2.58,2.0,3.75,2.0,7.5
output_sd3_m_800_1,584,3.12,3.8,3.12,4.0,12.48
output_sd3_m_800_1,585,1.67,4.0,1.11,4.0,4.44
output_sd3_m_800_1,586,2.38,1.5,2.5,2.0,5.0
output_sd3_m_800_1,587,2.89,2.5,2.78,2.0,5.56
output_sd3_m_800_1,588,2.22,2.5,2.22,2.0,4.44
output_sd3_m_800_1,589,3.33,3.8,3.33,4.0,13.32
output_sd3_m_800_1,590,3.89,2.0,3.89,2.0,7.78
output_sd3_m_800_1,591,1.88,3.2,1.88,3.0,5.64
output_sd3_m_800_1,592,3.78,2.5,3.89,2.0,7.78
output_sd3_m_800_1,593,2.5,3.2,2.22,3.0,6.66
output_sd3_m_800_1,594,4.5,4.2,4.5,4.0,18.0
output_sd3_m_800_1,595,2.5,3.5,2.5,4.0,10.0
output_sd3_m_800_1,596,2.15,4.2,2.0,4.0,8.0
output_sd3_m_800_1,597,3.89,3.5,3.89,4.0,15.56
output_sd3_m_800_1,598,3.44,3.8,3.12,4.0,12.48
output_sd3_m_800_1,599,1.25,2.5,2.5,2.0,5.0
output_sd3_m_800_1,600,2.5,4.2,2.5,4.0,10.0
output_sd3_m_800_1,601,0.72,2.3,1.11,2.0,2.22
output_sd3_m_800_1,602,3.33,1.5,3.33,2.0,6.66
output_sd3_m_800_1,603,1.75,4.2,1.5,4.0,6.0
output_sd3_m_800_1,604,3.35,2.5,3.0,2.0,6.0
output_sd3_m_800_1,605,2.5,3.5,2.5,4.0,10.0
output_sd3_m_800_1,606,3.5,3.2,3.5,3.0,10.5
output_sd3_m_800_1,607,2.25,3.8,2.0,4.0,8.0
output_sd3_m_800_1,608,2.5,1.5,2.5,2.0,5.0
output_sd3_m_800_1,609,4.17,2.0,3.89,2.0,7.78
output_sd3_m_800_1,610,3.0,3.2,3.5,3.0,10.5
output_sd3_m_800_1,611,0.5,2.0,0.56,2.0,1.12
output_sd3_m_800_1,612,2.78,3.2,2.78,3.0,8.34
output_sd3_m_800_1,613,2.78,3.2,2.78,3.0,8.34
output_sd3_m_800_1,614,2.5,4.8,2.5,5.0,12.5
output_sd3_m_800_1,615,1.85,3.8,2.0,4.0,8.0
output_sd3_m_800_1,616,4.0,2.5,4.0,2.0,8.0
output_sd3_m_800_1,617,3.0,4.0,3.0,4.0,12.0
output_sd3_m_800_1,618,2.0,2.0,2.0,2.0,4.0
output_sd3_m_800_1,619,2.78,4.2,2.78,4.0,11.12
output_sd3_m_800_1,620,4.0,3.2,4.0,3.0,12.0
output_sd3_m_800_1,621,0.91,1.0,0.91,1.0,0.91
output_sd3_m_800_1,622,1.11,3.5,1.11,4.0,4.44
output_sd3_m_800_1,623,4.09,2.5,4.09,2.0,8.18
output_sd3_m_800_1,624,3.7,2.5,2.22,2.0,4.44
output_sd3_m_800_1,625,3.27,2.8,3.18,3.0,9.54
output_sd3_m_800_1,626,2.28,4.3,3.33,4.0,13.32
output_sd3_m_800_1,627,2.5,4.2,2.5,4.0,10.0
output_sd3_m_800_1,628,2.5,4.2,2.5,4.0,10.0
output_sd3_m_800_1,629,0.87,2.5,0.56,2.0,1.12
output_sd3_m_800_1,630,4.0,4.2,4.0,4.0,16.0
output_sd3_m_800_1,631,4.0,2.5,4.0,2.0,8.0
output_sd3_m_800_1,632,4.12,3.2,4.5,3.0,13.5
output_sd3_m_800_1,633,4.4,3.8,4.5,4.0,18.0
output_sd3_m_800_1,634,4.0,4.2,4.0,4.0,16.0
output_sd3_m_800_1,635,3.5,3.2,3.5,3.0,10.5
output_sd3_m_800_1,636,4.0,3.8,4.0,4.0,16.0
output_sd3_m_800_1,637,1.5,1.5,1.5,2.0,3.0
output_sd3_m_800_1,638,3.89,1.85,3.89,2.0,7.78
output_sd3_m_800_1,639,1.89,3.2,1.67,3.0,5.01
output_sd3_m_800_1,640,3.17,2.0,3.33,2.0,6.66
output_sd3_m_800_1,641,1.44,3.5,2.22,4.0,8.88
output_sd3_m_800_1,642,3.75,2.8,3.5,3.0,10.5
output_sd3_m_800_1,643,1.28,2.1,1.67,2.0,3.34
output_sd3_m_800_1,644,3.0,4.2,3.0,4.0,12.0
output_sd3_m_800_1,645,3.5,4.5,3.5,4.0,14.0
output_sd3_m_800_1,646,3.5,4.2,3.5,4.0,14.0
output_sd3_m_800_1,647,2.5,2.0,2.5,2.0,5.0
output_sd3_m_800_1,648,0.78,4.2,1.11,4.0,4.44
output_sd3_m_800_1,649,3.0,2.0,3.0,2.0,6.0
output_sd3_m_800_1,650,3.64,3.2,3.64,3.0,10.92
output_sd3_m_800_1,651,1.11,3.5,1.11,4.0,4.44
output_sd3_m_800_1,652,2.46,3.2,2.22,3.0,6.66
output_sd3_m_800_1,653,2.97,2.0,1.67,2.0,3.34
output_sd3_m_800_1,654,3.0,3.2,3.0,3.0,9.0
output_sd3_m_800_1,655,2.5,3.8,2.5,4.0,10.0
output_sd3_m_800_1,656,2.5,3.5,2.5,4.0,10.0
output_sd3_m_800_1,657,2.78,3.2,2.78,3.0,8.34
output_sd3_m_800_1,658,3.0,5.0,3.0,5.0,15.0
output_sd3_m_800_1,659,2.75,3.8,2.5,4.0,10.0
output_sd3_m_800_1,660,1.82,2.0,3.64,2.0,7.28
output_sd3_m_800_1,661,2.2,2.0,2.0,2.0,4.0
output_sd3_m_800_1,662,2.78,3.2,2.78,3.0,8.34
output_sd3_m_800_1,663,2.64,3.2,4.09,3.0,12.27
output_sd3_m_800_1,664,3.2,3.2,3.5,3.0,10.5
output_sd3_m_800_1,665,2.27,3.5,2.27,4.0,9.08
output_sd3_m_800_1,666,4.21,3.2,3.33,3.0,9.99
output_sd3_m_800_1,667,3.56,2.5,3.33,2.0,6.66
output_sd3_m_800_1,668,4.33,4.2,3.5,4.0,14.0
output_sd3_m_800_1,669,3.5,4.2,3.5,4.0,14.0
output_sd3_m_800_1,670,2.33,2.5,3.33,2.0,6.66
output_sd3_m_800_1,671,3.6,3.8,3.5,4.0,14.0
output_sd3_m_800_1,672,3.5,3.2,3.5,3.0,10.5
output_sd3_m_800_1,673,3.0,3.8,3.0,4.0,12.0
output_sd3_m_800_1,674,3.74,3.2,3.33,3.0,9.99
output_sd3_m_800_1,675,3.5,3.2,3.5,3.0,10.5
output_sd3_m_800_1,676,2.1,2.5,3.5,2.0,7.0
output_sd3_m_800_1,677,3.18,3.5,3.18,4.0,12.72
output_sd3_m_800_1,678,4.75,3.8,4.5,4.0,18.0
output_sd3_m_800_1,679,3.64,3.5,3.64,4.0,14.56
output_sd3_m_800_1,680,4.09,4.0,4.09,4.0,16.36
output_sd3_m_800_1,681,1.8,3.2,2.0,3.0,6.0
output_sd3_m_800_1,682,1.0,3.2,1.0,3.0,3.0
output_sd3_m_800_1,683,3.18,3.2,3.18,3.0,9.54
output_sd3_m_800_1,684,2.22,1.5,2.22,2.0,4.44
output_sd3_m_800_1,685,2.67,3.8,2.78,4.0,11.12
output_sd3_m_800_1,686,4.55,4.2,4.55,4.0,18.2
output_sd3_m_800_1,687,2.78,2.5,2.78,2.0,5.56
output_sd3_m_800_1,688,2.9,3.2,3.5,3.0,10.5
output_sd3_m_800_1,689,3.5,3.8,3.5,4.0,14.0
output_sd3_m_800_1,690,2.5,4.2,2.5,4.0,10.0
output_sd3_m_800_1,691,3.55,4.8,2.5,5.0,12.5
output_sd3_m_800_1,692,1.91,4.2,1.82,4.0,7.28
output_sd3_m_800_1,693,4.09,4.2,4.09,4.0,16.36
output_sd3_m_800_1,694,3.42,3.5,2.22,4.0,8.88
output_sd3_m_800_1,695,1.5,2.8,1.5,3.0,4.5
output_sd3_m_800_1,696,3.9,4.2,4.0,4.0,16.0
output_sd3_m_800_1,697,3.0,4.2,3.0,4.0,12.0
output_sd3_m_800_1,698,2.77,2.5,2.78,2.0,5.56
output_sd3_m_800_1,699,3.5,2.5,4.0,2.0,8.0
output_sd3_m_800_1,700,3.0,3.2,3.0,3.0,9.0
output_sd3_m_800_1,701,2.5,3.2,2.5,3.0,7.5
output_sd3_m_800_1,702,3.64,4.2,3.64,4.0,14.56
output_sd3_m_800_1,703,2.5,3.8,2.5,4.0,10.0
output_sd3_m_800_1,704,0.75,2.5,1.0,2.0,2.0
output_sd3_m_800_1,705,2.27,3.8,2.27,4.0,9.08
output_sd3_m_800_1,706,2.0,2.0,2.0,2.0,4.0
output_sd3_m_800_1,707,2.73,3.8,2.73,4.0,10.92
output_sd3_m_800_1,708,3.39,3.8,3.0,4.0,12.0
output_sd3_m_800_1,709,3.73,3.5,3.64,4.0,14.56
output_sd3_m_800_1,710,3.41,2.5,2.73,2.0,5.46
output_sd3_m_800_1,711,2.9,4.2,3.0,4.0,12.0
output_sd3_m_800_1,712,1.27,4.8,0.91,5.0,4.55
output_sd3_m_800_1,713,2.5,3.8,2.5,4.0,10.0
output_sd3_m_800_1,714,3.5,3.0,3.5,3.0,10.5
output_sd3_m_800_1,715,3.18,4.2,3.18,4.0,12.72
output_sd3_m_800_1,716,3.32,2.5,2.73,2.0,5.46
output_sd3_m_800_1,717,3.0,2.0,3.0,2.0,6.0
output_sd3_m_800_1,718,2.8,2.2,2.0,2.0,4.0
output_sd3_m_800_1,719,3.0,2.8,3.0,3.0,9.0
output_sd3_m_800_1,720,3.0,4.2,3.0,4.0,12.0
output_sd3_m_800_1,721,0.41,2.5,0.91,2.0,1.82
output_sd3_m_800_1,722,2.5,3.2,2.5,3.0,7.5
output_sd3_m_800_1,723,2.5,3.8,2.27,4.0,9.08
output_sd3_m_800_1,724,1.5,4.2,2.5,4.0,10.0
output_sd3_m_800_1,725,2.27,2.0,2.73,2.0,5.46
output_sd3_m_800_1,726,1.95,2.8,3.0,3.0,9.0
output_sd3_m_800_1,727,4.38,4.2,3.5,4.0,14.0
output_sd3_m_800_1,728,0.65,2.5,0.5,2.0,1.0
output_sd3_m_800_1,729,1.82,4.2,1.82,4.0,7.28
output_sd3_m_800_1,730,2.42,2.5,2.0,2.0,4.0
output_sd3_m_800_1,731,1.59,3.2,1.36,3.0,4.08
output_sd3_m_800_1,732,1.82,4.2,1.82,4.0,7.28
output_sd3_m_800_1,733,3.2,3.5,3.18,4.0,12.72
output_sd3_m_800_1,734,3.25,3.0,3.0,3.0,9.0
output_sd3_m_800_1,735,2.7,2.3,3.5,2.0,7.0
output_sd3_m_800_1,736,1.5,2.0,1.5,2.0,3.0
output_sd3_m_800_1,737,1.18,2.5,1.36,2.0,2.72
output_sd3_m_800_1,738,1.36,4.2,1.36,4.0,5.44
output_sd3_m_800_1,739,1.75,2.5,2.0,2.0,4.0
output_sd3_m_800_1,740,2.0,3.2,2.0,3.0,6.0
output_sd3_m_800_1,741,2.0,2.3,3.18,2.0,6.36
output_sd3_m_800_1,742,2.25,3.8,1.5,4.0,6.0
output_sd3_m_800_1,743,2.5,4.2,2.5,4.0,10.0
output_sd3_m_800_1,744,2.95,4.2,3.18,4.0,12.72
output_sd3_m_800_1,745,4.09,4.2,4.09,4.0,16.36
output_sd3_m_800_1,746,3.5,2.8,3.5,3.0,10.5
output_sd3_m_800_1,747,2.73,2.5,2.73,2.0,5.46
output_sd3_m_800_1,748,2.0,2.0,2.0,2.0,4.0
output_sd3_m_800_1,749,1.5,3.2,1.5,3.0,4.5
output_sd3_m_800_1,750,3.0,3.2,3.0,3.0,9.0
output_sd3_m_800_1,751,2.5,2.8,2.5,3.0,7.5
output_sd3_m_800_1,752,0.97,5.0,1.0,5.0,5.0
output_sd3_m_800_1,753,2.4,4.2,2.0,4.0,8.0
output_sd3_m_800_1,754,3.5,3.2,3.5,3.0,10.5
output_sd3_m_800_1,755,2.5,2.0,3.0,2.0,6.0
output_sd3_m_800_1,756,3.5,2.0,3.5,2.0,7.0
output_sd3_m_800_1,757,3.64,4.2,3.64,4.0,14.56
output_sd3_m_800_1,758,2.6,2.5,3.0,2.0,6.0
output_sd3_m_800_1,759,2.73,2.8,2.73,3.0,8.19
output_sd3_m_800_1,760,4.0,4.2,3.64,4.0,14.56
output_sd3_m_800_1,761,3.41,3.2,3.64,3.0,10.92
output_sd3_m_800_1,762,4.09,1.5,4.09,2.0,8.18
output_sd3_m_800_1,763,3.02,2.5,2.0,2.0,4.0
output_sd3_m_800_1,764,3.64,2.0,3.64,2.0,7.28
output_sd3_m_800_1,765,2.64,3.5,3.18,4.0,12.72
output_sd3_m_800_1,766,3.41,2.5,3.64,2.0,7.28
output_sd3_m_800_1,767,1.0,3.5,2.0,4.0,8.0
output_sd3_m_800_1,768,3.64,2.5,3.64,2.0,7.28
output_sd3_m_800_1,769,3.64,2.0,3.64,2.0,7.28
output_sd3_m_800_1,770,2.73,3.8,2.73,4.0,10.92
output_sd3_m_800_1,771,1.89,2.5,3.5,2.0,7.0
output_sd3_m_800_1,772,4.45,3.2,4.09,3.0,12.27
output_sd3_m_800_1,773,3.0,4.2,3.0,4.0,12.0
output_sd3_m_800_1,774,1.5,4.2,1.5,4.0,6.0
output_sd3_m_800_1,775,2.0,4.2,2.0,4.0,8.0
output_sd3_m_800_1,776,4.0,2.5,4.0,2.0,8.0
output_sd3_m_800_1,777,2.5,3.5,2.0,4.0,8.0
output_sd3_m_800_1,778,1.7,3.2,2.0,3.0,6.0
output_sd3_m_800_1,779,4.5,2.5,4.5,2.0,9.0
output_sd3_m_800_1,780,2.96,3.2,2.5,3.0,7.5
output_sd3_m_800_1,781,4.09,4.2,4.09,4.0,16.36
output_sd3_m_800_1,782,3.02,3.5,3.0,4.0,12.0
output_sd3_m_800_1,783,3.5,2.8,3.5,3.0,10.5
output_sd3_m_800_1,784,3.19,3.2,2.5,3.0,7.5
output_sd3_m_800_1,785,3.18,3.5,3.18,4.0,12.72
output_sd3_m_800_1,786,2.5,2.0,2.5,2.0,5.0
output_sd3_m_800_1,787,2.0,3.2,2.0,3.0,6.0
output_sd3_m_800_1,788,1.18,2.0,2.5,2.0,5.0
output_sd3_m_800_1,789,4.45,4.2,4.09,4.0,16.36
output_sd3_m_800_1,790,4.5,4.2,4.5,4.0,18.0
output_sd3_m_800_1,791,2.0,3.5,2.0,4.0,8.0
output_sd3_m_800_1,792,2.73,4.3,2.73,4.0,10.92
output_sd3_m_800_1,793,3.0,4.2,3.0,4.0,12.0
output_sd3_m_800_1,794,0.91,2.5,0.91,2.0,1.82
output_sd3_m_800_1,795,2.8,2.0,3.0,2.0,6.0
output_sd3_m_800_1,796,2.73,2.0,2.73,2.0,5.46
output_sd3_m_800_1,797,3.5,2.0,3.5,2.0,7.0
output_sd3_m_800_1,798,2.25,3.2,2.0,3.0,6.0
output_sd3_m_800_1,799,2.0,3.2,2.0,3.0,6.0
output_sd3_m_800_2,0,5.0,4.0,5.0,4.0,20.0
output_sd3_m_800_2,1,4.33,3.2,5.0,3.0,15.0
output_sd3_m_800_2,2,5.0,4.3,5.0,4.0,20.0
output_sd3_m_800_2,3,5.0,4.6,5.0,5.0,25.0
output_sd3_m_800_2,4,2.5,4.2,2.5,4.0,10.0
output_sd3_m_800_2,10,5.0,2.0,5.0,2.0,10.0
output_sd3_m_800_2,11,2.17,3.8,3.33,4.0,13.32
output_sd3_m_800_2,12,5.0,5.0,5.0,5.0,25.0
output_sd3_m_800_2,13,5.0,3.8,5.0,4.0,20.0
output_sd3_m_800_2,14,5.0,3.5,5.0,4.0,20.0
output_sd3_m_800_2,15,5.0,4.8,5.0,5.0,25.0
output_sd3_m_800_2,16,4.75,3.8,5.0,4.0,20.0
output_sd3_m_800_2,17,5.0,3.2,5.0,3.0,15.0
output_sd3_m_800_2,18,5.0,4.8,5.0,5.0,25.0
output_sd3_m_800_2,19,5.0,5.0,5.0,5.0,25.0
output_sd3_m_800_2,20,5.0,3.5,5.0,4.0,20.0
output_sd3_m_800_2,21,3.0,4.5,3.0,4.0,12.0
output_sd3_m_800_2,22,5.0,4.6,5.0,5.0,25.0
output_sd3_m_800_2,23,5.0,3.2,5.0,3.0,15.0
output_sd3_m_800_2,24,5.0,3.2,5.0,3.0,15.0
output_sd3_m_800_2,25,5.0,4.5,5.0,4.0,20.0
output_sd3_m_800_2,26,3.08,3.8,3.33,4.0,13.32
output_sd3_m_800_2,27,2.88,2.5,3.75,2.0,7.5
output_sd3_m_800_2,28,4.0,3.5,4.0,4.0,16.0
output_sd3_m_800_2,29,5.0,2.0,5.0,2.0,10.0
output_sd3_m_800_2,30,3.33,2.5,3.33,2.0,6.66
output_sd3_m_800_2,31,5.0,4.2,5.0,4.0,20.0
output_sd3_m_800_2,32,1.58,3.2,1.67,3.0,5.01
output_sd3_m_800_2,33,3.85,4.2,4.0,4.0,16.0
output_sd3_m_800_2,34,3.33,4.2,3.33,4.0,13.32
output_sd3_m_800_2,35,3.33,4.5,3.33,4.0,13.32
output_sd3_m_800_2,36,1.5,2.5,1.67,2.0,3.34
output_sd3_m_800_2,37,3.33,2.8,3.33,3.0,9.99
output_sd3_m_800_2,38,3.33,4.2,3.33,4.0,13.32
output_sd3_m_800_2,39,3.33,3.5,3.33,4.0,13.32
output_sd3_m_800_2,40,1.67,3.5,1.67,4.0,6.68
output_sd3_m_800_2,41,3.75,2.5,3.75,2.0,7.5
output_sd3_m_800_2,100,4.17,4.2,4.17,4.0,16.68
output_sd3_m_800_2,101,5.0,4.2,5.0,4.0,20.0
output_sd3_m_800_2,102,5.0,3.2,5.0,3.0,15.0
output_sd3_m_800_2,103,5.0,3.5,5.0,4.0,20.0
output_sd3_m_800_2,104,3.5,2.5,3.33,2.0,6.66
output_sd3_m_800_2,105,4.07,4.8,5.0,5.0,25.0
output_sd3_m_800_2,106,5.0,4.0,5.0,4.0,20.0
output_sd3_m_800_2,107,5.0,4.2,5.0,4.0,20.0
output_sd3_m_800_2,108,4.0,4.2,4.0,4.0,16.0
output_sd3_m_800_2,109,3.75,3.8,3.33,4.0,13.32
output_sd3_m_800_2,110,5.0,3.5,5.0,4.0,20.0
output_sd3_m_800_2,111,4.17,4.2,4.17,4.0,16.68
output_sd3_m_800_2,112,4.17,4.9,4.17,5.0,20.85
output_sd3_m_800_2,113,3.0,4.0,3.0,4.0,12.0
output_sd3_m_800_2,114,4.0,2.8,4.0,3.0,12.0
output_sd3_m_800_2,115,5.0,4.2,5.0,4.0,20.0
output_sd3_m_800_2,116,2.4,3.5,4.0,4.0,16.0
output_sd3_m_800_2,117,5.0,4.2,5.0,4.0,20.0
output_sd3_m_800_2,118,3.0,3.8,3.0,4.0,12.0
output_sd3_m_800_2,119,5.0,3.5,5.0,4.0,20.0
output_sd3_m_800_2,120,5.0,4.9,5.0,5.0,25.0
output_sd3_m_800_2,121,2.1,2.5,3.0,2.0,6.0
output_sd3_m_800_2,122,0.0,0.0,2.0,0.0,0.0
output_sd3_m_800_2,123,5.0,4.2,5.0,4.0,20.0
output_sd3_m_800_2,124,3.33,2.0,4.17,2.0,8.34
output_sd3_m_800_2,125,4.65,3.2,5.0,3.0,15.0
output_sd3_m_800_2,126,1.25,3.0,1.25,3.0,3.75
output_sd3_m_800_2,127,3.0,2.5,3.0,2.0,6.0
output_sd3_m_800_2,128,2.85,2.8,3.0,3.0,9.0
output_sd3_m_800_2,129,2.0,2.8,2.0,3.0,6.0
output_sd3_m_800_2,130,1.0,3.5,1.0,4.0,4.0
output_sd3_m_800_2,131,2.0,3.0,2.0,3.0,6.0
output_sd3_m_800_2,132,4.0,3.5,4.0,4.0,16.0
output_sd3_m_800_2,133,4.0,4.5,4.0,4.0,16.0
output_sd3_m_800_2,134,4.0,2.5,4.0,2.0,8.0
output_sd3_m_800_2,135,4.0,2.5,4.0,2.0,8.0
output_sd3_m_800_2,136,3.0,3.2,3.0,3.0,9.0
output_sd3_m_800_2,137,1.75,2.5,2.5,2.0,5.0
output_sd3_m_800_2,138,4.17,4.2,4.17,4.0,16.68
output_sd3_m_800_2,139,3.0,2.5,3.0,2.0,6.0
output_sd3_m_800_2,140,1.0,5.0,1.0,5.0,5.0
output_sd3_m_800_2,141,1.67,2.5,1.67,2.0,3.34
output_sd3_m_800_2,142,4.0,3.5,4.0,4.0,16.0
output_sd3_m_800_2,143,5.0,4.0,5.0,4.0,20.0
output_sd3_m_800_2,144,4.0,3.8,4.0,4.0,16.0
output_sd3_m_800_2,145,3.57,4.2,3.57,4.0,14.28
output_sd3_m_800_2,146,4.17,4.2,4.17,4.0,16.68
output_sd3_m_800_2,147,5.0,2.0,5.0,2.0,10.0
output_sd3_m_800_2,148,5.0,4.5,5.0,4.0,20.0
output_sd3_m_800_2,149,3.0,3.2,3.0,3.0,9.0
output_sd3_m_800_2,150,5.0,3.2,5.0,3.0,15.0
output_sd3_m_800_2,151,5.0,3.8,5.0,4.0,20.0
output_sd3_m_800_2,152,5.0,3.8,5.0,4.0,20.0
output_sd3_m_800_2,153,4.0,2.5,4.0,2.0,8.0
output_sd3_m_800_2,154,5.0,4.0,5.0,4.0,20.0
output_sd3_m_800_2,155,5.0,5.0,5.0,5.0,25.0
output_sd3_m_800_2,156,4.0,4.5,4.0,4.0,16.0
output_sd3_m_800_2,157,3.95,3.5,4.0,4.0,16.0
output_sd3_m_800_2,158,4.17,4.8,4.17,5.0,20.85
output_sd3_m_800_2,159,2.0,4.2,2.0,4.0,8.0
output_sd3_m_800_2,160,4.0,3.5,4.0,4.0,16.0
output_sd3_m_800_2,161,4.0,3.5,4.0,4.0,16.0
output_sd3_m_800_2,162,5.0,4.2,5.0,4.0,20.0
output_sd3_m_800_2,163,2.0,1.5,2.0,2.0,4.0
output_sd3_m_800_2,164,3.33,3.5,3.33,4.0,13.32
output_sd3_m_800_2,165,1.75,2.5,5.0,2.0,10.0
output_sd3_m_800_2,166,5.0,2.5,4.0,2.0,8.0
output_sd3_m_800_2,167,3.0,2.0,3.0,2.0,6.0
output_sd3_m_800_2,168,5.0,3.8,5.0,4.0,20.0
output_sd3_m_800_2,169,5.0,3.5,5.0,4.0,20.0
output_sd3_m_800_2,170,4.0,3.5,4.0,4.0,16.0
output_sd3_m_800_2,171,5.0,2.5,5.0,2.0,10.0
output_sd3_m_800_2,172,5.0,4.2,5.0,4.0,20.0
output_sd3_m_800_2,173,3.0,3.2,3.0,3.0,9.0
output_sd3_m_800_2,174,4.17,5.0,4.17,5.0,20.85
output_sd3_m_800_2,175,4.0,4.2,4.0,4.0,16.0
output_sd3_m_800_2,176,2.5,3.8,2.5,4.0,10.0
output_sd3_m_800_2,177,3.21,4.2,5.0,4.0,20.0
output_sd3_m_800_2,178,0.0,0.0,5.0,0.0,0.0
output_sd3_m_800_2,179,4.0,3.8,4.0,4.0,16.0
output_sd3_m_800_2,180,3.0,3.2,3.0,3.0,9.0
output_sd3_m_800_2,181,4.17,4.2,4.17,4.0,16.68
output_sd3_m_800_2,182,3.8,2.8,2.5,3.0,7.5
output_sd3_m_800_2,183,5.0,3.8,5.0,4.0,20.0
output_sd3_m_800_2,184,4.17,3.6,4.17,4.0,16.68
output_sd3_m_800_2,185,3.0,4.2,3.0,4.0,12.0
output_sd3_m_800_2,186,5.0,4.0,5.0,4.0,20.0
output_sd3_m_800_2,187,4.3,2.8,5.0,3.0,15.0
output_sd3_m_800_2,188,1.79,2.5,3.33,2.0,6.66
output_sd3_m_800_2,189,4.0,3.5,4.0,4.0,16.0
output_sd3_m_800_2,190,4.1,2.5,5.0,2.0,10.0
output_sd3_m_800_2,191,4.0,2.8,5.0,3.0,15.0
output_sd3_m_800_2,192,2.0,3.0,2.0,3.0,6.0
output_sd3_m_800_2,193,5.0,2.8,5.0,3.0,15.0
output_sd3_m_800_2,194,4.0,3.0,4.0,3.0,12.0
output_sd3_m_800_2,195,5.0,4.0,5.0,4.0,20.0
output_sd3_m_800_2,196,0.83,4.8,0.83,5.0,4.15
output_sd3_m_800_2,197,5.0,4.2,5.0,4.0,20.0
output_sd3_m_800_2,198,5.0,3.5,5.0,4.0,20.0
output_sd3_m_800_2,199,3.7,3.2,4.0,3.0,12.0
output_sd3_m_800_2,200,2.0,4.2,2.0,4.0,8.0
output_sd3_m_800_2,201,4.17,2.0,4.17,2.0,8.34
output_sd3_m_800_2,202,0.83,4.2,0.83,4.0,3.32
output_sd3_m_800_2,203,5.0,3.5,5.0,4.0,20.0
output_sd3_m_800_2,204,5.0,5.0,5.0,5.0,25.0
output_sd3_m_800_2,205,4.17,3.2,4.17,3.0,12.51
output_sd3_m_800_2,206,3.0,3.0,3.0,3.0,9.0
output_sd3_m_800_2,207,4.29,3.5,4.29,4.0,17.16
output_sd3_m_800_2,208,4.17,4.0,4.17,4.0,16.68
output_sd3_m_800_2,209,5.0,3.5,5.0,4.0,20.0
output_sd3_m_800_2,210,4.5,3.2,4.17,3.0,12.51
output_sd3_m_800_2,211,4.17,4.2,4.17,4.0,16.68
output_sd3_m_800_2,212,3.12,4.2,3.12,4.0,12.48
output_sd3_m_800_2,213,5.0,5.0,5.0,5.0,25.0
output_sd3_m_800_2,214,5.0,5.0,5.0,5.0,25.0
output_sd3_m_800_2,215,3.57,4.2,3.57,4.0,14.28
output_sd3_m_800_2,216,3.33,4.2,3.33,4.0,13.32
output_sd3_m_800_2,217,2.5,2.5,2.5,2.0,5.0
output_sd3_m_800_2,218,3.93,4.5,3.57,4.0,14.28
output_sd3_m_800_2,219,2.5,4.2,2.5,4.0,10.0
output_sd3_m_800_2,220,3.57,4.2,3.57,4.0,14.28
output_sd3_m_800_2,221,4.17,3.5,4.17,4.0,16.68
output_sd3_m_800_2,222,4.14,4.2,4.29,4.0,17.16
output_sd3_m_800_2,223,1.67,2.5,1.67,2.0,3.34
output_sd3_m_800_2,224,3.75,4.2,3.75,4.0,15.0
output_sd3_m_800_2,225,4.29,2.0,4.29,2.0,8.58
output_sd3_m_800_2,226,5.0,3.5,5.0,4.0,20.0
output_sd3_m_800_2,227,5.0,3.8,5.0,4.0,20.0
output_sd3_m_800_2,228,5.0,4.9,5.0,5.0,25.0
output_sd3_m_800_2,229,4.17,4.8,4.17,5.0,20.85
output_sd3_m_800_2,230,1.12,2.5,2.5,2.0,5.0
output_sd3_m_800_2,231,4.29,3.8,4.29,4.0,17.16
output_sd3_m_800_2,232,5.0,4.8,5.0,5.0,25.0
output_sd3_m_800_2,233,5.0,5.0,5.0,5.0,25.0
output_sd3_m_800_2,234,3.75,2.0,4.17,2.0,8.34
output_sd3_m_800_2,235,2.86,3.2,4.29,3.0,12.87
output_sd3_m_800_2,236,4.29,3.2,4.29,3.0,12.87
output_sd3_m_800_2,237,4.17,5.0,4.17,5.0,20.85
output_sd3_m_800_2,238,3.0,3.2,3.0,3.0,9.0
output_sd3_m_800_2,239,4.17,2.5,4.17,2.0,8.34
output_sd3_m_800_2,240,3.0,4.8,3.0,5.0,15.0
output_sd3_m_800_2,241,4.29,3.8,4.29,4.0,17.16
output_sd3_m_800_2,242,4.17,2.0,4.17,2.0,8.34
output_sd3_m_800_2,243,4.29,2.0,4.29,2.0,8.58
output_sd3_m_800_2,244,3.0,4.2,3.0,4.0,12.0
output_sd3_m_800_2,245,2.88,2.5,3.33,2.0,6.66
output_sd3_m_800_2,246,4.33,4.2,4.0,4.0,16.0
output_sd3_m_800_2,247,4.17,3.8,4.17,4.0,16.68
output_sd3_m_800_2,248,5.0,3.5,5.0,4.0,20.0
output_sd3_m_800_2,249,3.33,4.5,3.33,4.0,13.32
output_sd3_m_800_2,250,1.67,2.5,1.67,2.0,3.34
output_sd3_m_800_2,251,2.0,3.5,2.0,4.0,8.0
output_sd3_m_800_2,252,1.85,2.5,2.0,2.0,4.0
output_sd3_m_800_2,253,3.5,2.5,3.33,2.0,6.66
output_sd3_m_800_2,254,5.0,5.0,5.0,5.0,25.0
output_sd3_m_800_2,255,4.29,2.5,4.29,2.0,8.58
output_sd3_m_800_2,256,4.14,3.0,4.29,3.0,12.87
output_sd3_m_800_2,257,2.86,3.5,2.86,4.0,11.44
output_sd3_m_800_2,258,4.0,4.8,4.0,5.0,20.0
output_sd3_m_800_2,259,2.0,2.8,2.0,3.0,6.0
output_sd3_m_800_2,260,1.0,1.8,1.0,2.0,2.0
output_sd3_m_800_2,261,3.89,3.2,3.33,3.0,9.99
output_sd3_m_800_2,262,4.5,2.5,4.0,2.0,8.0
output_sd3_m_800_2,263,1.43,4.8,1.43,5.0,7.15
output_sd3_m_800_2,264,4.29,3.2,4.29,3.0,12.87
output_sd3_m_800_2,265,4.0,2.5,4.0,2.0,8.0
output_sd3_m_800_2,266,3.0,3.8,3.0,4.0,12.0
output_sd3_m_800_2,267,4.29,2.5,4.29,2.0,8.58
output_sd3_m_800_2,268,4.0,3.5,4.0,4.0,16.0
output_sd3_m_800_2,269,2.5,3.5,2.5,4.0,10.0
output_sd3_m_800_2,270,5.0,3.0,5.0,3.0,15.0
output_sd3_m_800_2,271,4.29,2.2,4.29,2.0,8.58
output_sd3_m_800_2,272,2.0,2.5,5.0,2.0,10.0
output_sd3_m_800_2,273,3.33,3.5,3.33,4.0,13.32
output_sd3_m_800_2,274,2.71,3.7,2.14,4.0,8.56
output_sd3_m_800_2,275,4.5,3.2,4.38,3.0,13.14
output_sd3_m_800_2,276,3.33,3.2,3.33,3.0,9.99
output_sd3_m_800_2,277,3.12,4.8,3.12,5.0,15.6
output_sd3_m_800_2,278,3.33,2.5,3.33,2.0,6.66
output_sd3_m_800_2,279,5.0,3.5,5.0,4.0,20.0
output_sd3_m_800_2,280,2.5,3.5,2.5,4.0,10.0
output_sd3_m_800_2,281,3.33,4.5,3.33,4.0,13.32
output_sd3_m_800_2,282,5.0,3.8,5.0,4.0,20.0
output_sd3_m_800_2,283,2.5,2.5,2.5,2.0,5.0
output_sd3_m_800_2,284,2.5,2.5,2.5,2.0,5.0
output_sd3_m_800_2,285,4.17,2.5,4.17,2.0,8.34
output_sd3_m_800_2,286,4.5,4.3,4.0,4.0,16.0
output_sd3_m_800_2,287,4.17,3.5,4.17,4.0,16.68
output_sd3_m_800_2,288,3.0,1.8,3.0,2.0,6.0
output_sd3_m_800_2,289,3.5,3.8,3.0,4.0,12.0
output_sd3_m_800_2,290,2.5,4.9,1.67,5.0,8.35
output_sd3_m_800_2,291,5.0,3.8,5.0,4.0,20.0
output_sd3_m_800_2,292,5.0,5.0,5.0,5.0,25.0
output_sd3_m_800_2,293,5.0,4.8,5.0,5.0,25.0
output_sd3_m_800_2,294,4.29,3.2,4.29,3.0,12.87
output_sd3_m_800_2,295,4.17,3.2,4.17,3.0,12.51
output_sd3_m_800_2,296,4.17,4.2,4.17,4.0,16.68
output_sd3_m_800_2,297,2.86,4.2,2.86,4.0,11.44
output_sd3_m_800_2,298,3.33,2.8,3.33,3.0,9.99
output_sd3_m_800_2,299,3.93,4.2,4.29,4.0,17.16
output_sd3_m_800_2,300,2.5,3.5,2.5,4.0,10.0
output_sd3_m_800_2,301,3.75,3.2,3.75,3.0,11.25
output_sd3_m_800_2,302,1.67,4.5,1.67,4.0,6.68
output_sd3_m_800_2,303,3.33,2.0,4.44,2.0,8.88
output_sd3_m_800_2,304,0.0,0.0,4.29,0.0,0.0
output_sd3_m_800_2,305,3.33,4.2,3.33,4.0,13.32
output_sd3_m_800_2,306,1.67,2.8,1.67,3.0,5.01
output_sd3_m_800_2,307,3.33,4.2,3.33,4.0,13.32
output_sd3_m_800_2,308,4.44,3.5,4.44,4.0,17.76
output_sd3_m_800_2,309,0.83,3.5,0.83,4.0,3.32
output_sd3_m_800_2,310,4.17,3.8,4.17,4.0,16.68
output_sd3_m_800_2,311,2.12,4.5,5.0,4.0,20.0
output_sd3_m_800_2,312,3.75,2.0,3.75,2.0,7.5
output_sd3_m_800_2,313,3.75,2.8,3.75,3.0,11.25
output_sd3_m_800_2,314,3.26,3.2,2.5,3.0,7.5
output_sd3_m_800_2,315,4.38,3.5,4.38,4.0,17.52
output_sd3_m_800_2,316,4.17,2.5,4.17,2.0,8.34
output_sd3_m_800_2,317,4.44,4.2,4.44,4.0,17.76
output_sd3_m_800_2,318,4.17,2.5,4.17,2.0,8.34
output_sd3_m_800_2,319,3.93,4.2,3.57,4.0,14.28
output_sd3_m_800_2,320,4.38,3.5,4.38,4.0,17.52
output_sd3_m_800_2,321,2.86,1.8,2.86,2.0,5.72
output_sd3_m_800_2,322,4.17,3.0,4.17,3.0,12.51
output_sd3_m_800_2,323,2.86,4.2,2.86,4.0,11.44
output_sd3_m_800_2,324,2.71,2.5,3.57,2.0,7.14
output_sd3_m_800_2,325,2.78,3.5,2.78,4.0,11.12
output_sd3_m_800_2,326,1.67,4.8,1.67,5.0,8.35
output_sd3_m_800_2,327,2.14,1.8,2.14,2.0,4.28
output_sd3_m_800_2,328,2.15,2.5,2.5,2.0,5.0
output_sd3_m_800_2,329,4.38,3.2,4.38,3.0,13.14
output_sd3_m_800_2,330,1.5,1.5,2.5,2.0,5.0
output_sd3_m_800_2,331,0.0,1.5,0.0,2.0,0.0
output_sd3_m_800_2,332,5.0,4.3,5.0,4.0,20.0
output_sd3_m_800_2,333,5.0,4.5,5.0,4.0,20.0
output_sd3_m_800_2,334,5.0,3.2,5.0,3.0,15.0
output_sd3_m_800_2,335,2.14,3.8,2.14,4.0,8.56
output_sd3_m_800_2,336,2.17,4.2,3.33,4.0,13.32
output_sd3_m_800_2,337,3.12,4.2,3.12,4.0,12.48
output_sd3_m_800_2,338,4.29,3.2,4.29,3.0,12.87
output_sd3_m_800_2,339,1.88,3.2,1.88,3.0,5.64
output_sd3_m_800_2,340,4.92,3.2,5.0,3.0,15.0
output_sd3_m_800_2,341,3.75,3.5,3.75,4.0,15.0
output_sd3_m_800_2,342,3.75,3.2,3.75,3.0,11.25
output_sd3_m_800_2,343,2.78,3.5,2.78,4.0,11.12
output_sd3_m_800_2,344,5.0,4.8,5.0,5.0,25.0
output_sd3_m_800_2,345,5.0,2.0,5.0,2.0,10.0
output_sd3_m_800_2,346,4.38,4.2,4.38,4.0,17.52
output_sd3_m_800_2,347,3.33,2.0,3.33,2.0,6.66
output_sd3_m_800_2,348,2.31,3.8,3.12,4.0,12.48
output_sd3_m_800_2,349,4.38,3.5,4.38,4.0,17.52
output_sd3_m_800_2,350,2.86,2.0,2.86,2.0,5.72
output_sd3_m_800_2,351,2.0,2.5,3.12,2.0,6.24
output_sd3_m_800_2,352,5.0,4.7,5.0,5.0,25.0
output_sd3_m_800_2,353,3.33,2.8,3.33,3.0,9.99
output_sd3_m_800_2,354,3.33,3.5,3.33,4.0,13.32
output_sd3_m_800_2,355,4.38,4.2,4.38,4.0,17.52
output_sd3_m_800_2,356,3.12,4.2,3.12,4.0,12.48
output_sd3_m_800_2,357,3.89,4.5,3.89,4.0,15.56
output_sd3_m_800_2,358,4.38,3.5,4.38,4.0,17.52
output_sd3_m_800_2,359,4.29,2.0,5.0,2.0,10.0
output_sd3_m_800_2,360,4.29,3.8,4.29,4.0,17.16
output_sd3_m_800_2,361,5.0,3.8,5.0,4.0,20.0
output_sd3_m_800_2,362,5.0,4.2,5.0,4.0,20.0
output_sd3_m_800_2,363,2.5,3.2,3.33,3.0,9.99
output_sd3_m_800_2,364,3.57,3.2,3.57,3.0,10.71
output_sd3_m_800_2,365,0.0,1.5,0.0,2.0,0.0
output_sd3_m_800_2,366,4.17,2.5,4.17,2.0,8.34
output_sd3_m_800_2,367,4.29,4.8,4.29,5.0,21.45
output_sd3_m_800_2,368,4.44,4.2,4.44,4.0,17.76
output_sd3_m_800_2,369,3.93,2.5,3.57,2.0,7.14
output_sd3_m_800_2,370,3.33,3.8,3.33,4.0,13.32
output_sd3_m_800_2,371,5.0,4.9,5.0,5.0,25.0
output_sd3_m_800_2,372,3.38,3.5,3.12,4.0,12.48
output_sd3_m_800_2,373,2.86,2.8,2.86,3.0,8.58
output_sd3_m_800_2,374,4.44,3.2,4.44,3.0,13.32
output_sd3_m_800_2,375,0.83,1.5,4.17,2.0,8.34
output_sd3_m_800_2,376,3.0,3.2,3.33,3.0,9.99
output_sd3_m_800_2,377,1.62,2.5,5.0,2.0,10.0
output_sd3_m_800_2,378,5.0,3.5,5.0,4.0,20.0
output_sd3_m_800_2,379,3.58,4.8,3.33,5.0,16.65
output_sd3_m_800_2,380,4.38,4.8,4.38,5.0,21.9
output_sd3_m_800_2,381,3.94,3.0,3.75,3.0,11.25
output_sd3_m_800_2,382,1.67,4.2,1.67,4.0,6.68
output_sd3_m_800_2,383,3.44,3.2,3.12,3.0,9.36
output_sd3_m_800_2,384,3.57,4.2,3.57,4.0,14.28
output_sd3_m_800_2,385,5.0,4.8,5.0,5.0,25.0
output_sd3_m_800_2,386,3.75,2.8,3.75,3.0,11.25
output_sd3_m_800_2,387,4.0,2.8,4.38,3.0,13.14
output_sd3_m_800_2,388,3.75,2.0,3.75,2.0,7.5
output_sd3_m_800_2,389,2.5,2.8,2.5,3.0,7.5
output_sd3_m_800_2,390,3.25,3.5,4.38,4.0,17.52
output_sd3_m_800_2,391,2.0,3.2,2.86,3.0,8.58
output_sd3_m_800_2,392,4.14,3.2,2.5,3.0,7.5
output_sd3_m_800_2,393,4.44,4.6,4.44,5.0,22.2
output_sd3_m_800_2,394,3.12,3.8,3.12,4.0,12.48
output_sd3_m_800_2,395,2.92,4.2,2.5,4.0,10.0
output_sd3_m_800_2,396,4.38,3.8,4.38,4.0,17.52
output_sd3_m_800_2,397,3.89,2.5,3.89,2.0,7.78
output_sd3_m_800_2,398,1.75,2.2,3.12,2.0,6.24
output_sd3_m_800_2,399,3.57,3.5,3.57,4.0,14.28
output_sd3_m_800_2,400,3.38,3.2,3.12,3.0,9.36
output_sd3_m_800_2,401,3.5,4.2,3.5,4.0,14.0
output_sd3_m_800_2,402,2.5,4.8,2.5,5.0,12.5
output_sd3_m_800_2,403,3.0,4.2,3.0,4.0,12.0
output_sd3_m_800_2,404,5.0,3.8,5.0,4.0,20.0
output_sd3_m_800_2,405,3.19,2.5,3.12,2.0,6.24
output_sd3_m_800_2,407,2.78,2.5,2.78,2.0,5.56
output_sd3_m_800_2,408,4.44,4.2,4.44,4.0,17.76
output_sd3_m_800_2,412,3.12,3.2,3.12,3.0,9.36
output_sd3_m_800_2,414,2.81,2.5,2.5,2.0,5.0
output_sd3_m_800_2,417,2.86,3.2,2.86,3.0,8.58
output_sd3_m_800_2,418,3.33,3.5,3.33,4.0,13.32
