source,class_id,alignment_norm,authenticity_norm,composite_product_classmean,composite_harmonic_classmean
Sys_DiT_ref_class1000,0,0.78,0.65,0.48,0.66
Sys_DiT_ref_class1000,1,0.91,0.68,0.63,0.78
Sys_DiT_ref_class1000,2,0.93,0.85,0.8,0.89
Sys_DiT_ref_class1000,3,0.9,0.75,0.69,0.81
Sys_DiT_ref_class1000,4,0.92,0.68,0.63,0.78
Sys_DiT_ref_class1000,5,0.48,0.74,0.34,0.51
Sys_DiT_ref_class1000,6,0.83,0.76,0.64,0.79
Sys_DiT_ref_class1000,7,0.83,0.4,0.35,0.53
Sys_DiT_ref_class1000,8,0.72,0.43,0.3,0.49
Sys_DiT_ref_class1000,9,0.79,0.6,0.52,0.66
Sys_DiT_ref_class1000,10,0.75,0.7,0.58,0.72
Sys_DiT_ref_class1000,11,0.43,0.62,0.24,0.44
Sys_DiT_ref_class1000,12,0.84,0.64,0.55,0.72
Sys_DiT_ref_class1000,13,0.94,0.85,0.82,0.87
Sys_DiT_ref_class1000,14,0.93,0.65,0.6,0.75
Sys_DiT_ref_class1000,15,0.63,0.44,0.29,0.51
Sys_DiT_ref_class1000,16,0.97,0.66,0.64,0.75
Sys_DiT_ref_class1000,17,0.91,0.43,0.4,0.55
Sys_DiT_ref_class1000,18,0.63,0.32,0.2,0.42
Sys_DiT_ref_class1000,19,0.99,0.98,0.97,0.99
Sys_DiT_ref_class1000,20,0.77,0.4,0.3,0.51
Sys_DiT_ref_class1000,21,0.94,0.34,0.32,0.5
Sys_DiT_ref_class1000,22,0.81,0.64,0.53,0.69
Sys_DiT_ref_class1000,23,0.68,0.64,0.44,0.58
Sys_DiT_ref_class1000,24,0.97,0.93,0.91,0.95
Sys_DiT_ref_class1000,25,0.84,0.44,0.37,0.56
Sys_DiT_ref_class1000,26,0.76,0.56,0.4,0.58
Sys_DiT_ref_class1000,27,0.74,0.62,0.48,0.65
Sys_DiT_ref_class1000,28,0.71,0.57,0.41,0.62
Sys_DiT_ref_class1000,29,0.81,0.41,0.35,0.53
Sys_DiT_ref_class1000,30,0.8,0.66,0.56,0.72
Sys_DiT_ref_class1000,31,0.77,0.71,0.54,0.72
Sys_DiT_ref_class1000,32,0.54,0.53,0.35,0.5
Sys_DiT_ref_class1000,33,0.79,0.71,0.58,0.75
Sys_DiT_ref_class1000,34,0.91,0.79,0.73,0.84
Sys_DiT_ref_class1000,35,0.72,0.55,0.42,0.62
Sys_DiT_ref_class1000,36,0.74,0.54,0.41,0.6
Sys_DiT_ref_class1000,37,0.91,0.75,0.69,0.82
Sys_DiT_ref_class1000,38,0.36,0.32,0.14,0.32
Sys_DiT_ref_class1000,39,0.84,0.7,0.61,0.76
Sys_DiT_ref_class1000,40,0.8,0.62,0.51,0.69
Sys_DiT_ref_class1000,41,0.85,0.51,0.44,0.61
Sys_DiT_ref_class1000,42,0.77,0.7,0.61,0.73
Sys_DiT_ref_class1000,43,0.82,0.63,0.51,0.69
Sys_DiT_ref_class1000,44,0.58,0.72,0.43,0.62
Sys_DiT_ref_class1000,45,0.75,0.65,0.5,0.7
Sys_DiT_ref_class1000,46,0.43,0.54,0.22,0.38
Sys_DiT_ref_class1000,47,0.96,0.8,0.77,0.87
Sys_DiT_ref_class1000,48,0.76,0.75,0.58,0.72
Sys_DiT_ref_class1000,49,0.77,0.82,0.64,0.78
Sys_DiT_ref_class1000,50,0.71,0.6,0.45,0.64
Sys_DiT_ref_class1000,51,0.81,0.72,0.61,0.76
Sys_DiT_ref_class1000,52,0.76,0.76,0.6,0.74
Sys_DiT_ref_class1000,53,0.71,0.7,0.53,0.7
Sys_DiT_ref_class1000,54,0.64,0.57,0.42,0.59
Sys_DiT_ref_class1000,55,0.3,0.59,0.17,0.37
Sys_DiT_ref_class1000,56,0.91,0.82,0.76,0.86
Sys_DiT_ref_class1000,57,0.8,0.67,0.55,0.72
Sys_DiT_ref_class1000,58,0.77,0.74,0.57,0.75
Sys_DiT_ref_class1000,59,0.89,0.72,0.64,0.79
Sys_DiT_ref_class1000,60,0.7,0.6,0.43,0.63
Sys_DiT_ref_class1000,61,0.86,0.78,0.68,0.81
Sys_DiT_ref_class1000,62,0.8,0.63,0.53,0.68
Sys_DiT_ref_class1000,63,0.95,0.8,0.76,0.87
Sys_DiT_ref_class1000,64,0.64,0.72,0.46,0.64
Sys_DiT_ref_class1000,65,0.81,0.73,0.6,0.75
Sys_DiT_ref_class1000,66,0.88,0.77,0.73,0.81
Sys_DiT_ref_class1000,67,0.63,0.72,0.45,0.65
Sys_DiT_ref_class1000,68,0.8,0.67,0.58,0.72
Sys_DiT_ref_class1000,69,0.82,0.71,0.59,0.75
Sys_DiT_ref_class1000,70,0.69,0.68,0.5,0.68
Sys_DiT_ref_class1000,71,0.94,0.79,0.75,0.85
Sys_DiT_ref_class1000,72,0.86,0.77,0.67,0.8
Sys_DiT_ref_class1000,73,0.63,0.57,0.39,0.59
Sys_DiT_ref_class1000,74,0.72,0.93,0.68,0.8
Sys_DiT_ref_class1000,75,0.84,0.8,0.68,0.81
Sys_DiT_ref_class1000,76,0.89,0.76,0.68,0.82
Sys_DiT_ref_class1000,77,0.66,0.63,0.43,0.64
Sys_DiT_ref_class1000,78,0.76,0.48,0.38,0.58
Sys_DiT_ref_class1000,79,0.95,0.79,0.76,0.84
Sys_DiT_ref_class1000,80,0.93,0.36,0.34,0.51
Sys_DiT_ref_class1000,81,0.81,0.47,0.4,0.57
Sys_DiT_ref_class1000,82,0.64,0.57,0.36,0.56
Sys_DiT_ref_class1000,83,0.96,0.42,0.41,0.57
Sys_DiT_ref_class1000,84,0.86,0.54,0.49,0.65
Sys_DiT_ref_class1000,85,0.92,0.45,0.42,0.58
Sys_DiT_ref_class1000,86,0.84,0.3,0.25,0.44
Sys_DiT_ref_class1000,87,0.76,0.7,0.53,0.72
Sys_DiT_ref_class1000,88,0.94,0.64,0.6,0.73
Sys_DiT_ref_class1000,89,0.83,0.56,0.49,0.66
Sys_DiT_ref_class1000,90,0.81,0.68,0.57,0.73
Sys_DiT_ref_class1000,91,0.9,0.61,0.56,0.71
Sys_DiT_ref_class1000,92,0.8,0.44,0.37,0.56
Sys_DiT_ref_class1000,93,0.76,0.55,0.44,0.62
Sys_DiT_ref_class1000,94,0.86,0.62,0.54,0.7
Sys_DiT_ref_class1000,95,0.81,0.61,0.5,0.69
Sys_DiT_ref_class1000,96,0.8,0.41,0.35,0.52
Sys_DiT_ref_class1000,97,0.92,0.71,0.68,0.77
Sys_DiT_ref_class1000,98,0.8,0.79,0.67,0.78
Sys_DiT_ref_class1000,99,0.72,0.31,0.22,0.43
Sys_DiT_ref_class1000,100,0.8,0.53,0.43,0.62
Sys_DiT_ref_class1000,101,0.97,0.68,0.66,0.77
Sys_DiT_ref_class1000,102,0.67,0.41,0.3,0.49
Sys_DiT_ref_class1000,103,0.77,0.42,0.35,0.53
Sys_DiT_ref_class1000,104,0.78,0.47,0.38,0.57
Sys_DiT_ref_class1000,105,0.87,0.37,0.33,0.51
Sys_DiT_ref_class1000,106,0.84,0.67,0.58,0.73
Sys_DiT_ref_class1000,107,0.89,0.71,0.65,0.79
Sys_DiT_ref_class1000,108,0.94,0.76,0.71,0.84
Sys_DiT_ref_class1000,109,0.89,0.78,0.7,0.83
Sys_DiT_ref_class1000,110,0.97,0.61,0.59,0.74
Sys_DiT_ref_class1000,111,0.94,0.75,0.71,0.83
Sys_DiT_ref_class1000,112,0.88,0.84,0.75,0.86
Sys_DiT_ref_class1000,113,0.9,0.86,0.79,0.88
Sys_DiT_ref_class1000,114,0.86,0.79,0.71,0.83
Sys_DiT_ref_class1000,115,0.75,0.66,0.51,0.69
Sys_DiT_ref_class1000,116,0.85,0.77,0.68,0.8
Sys_DiT_ref_class1000,117,0.71,0.66,0.49,0.62
Sys_DiT_ref_class1000,118,0.74,0.63,0.46,0.67
Sys_DiT_ref_class1000,119,0.64,0.57,0.36,0.58
Sys_DiT_ref_class1000,120,0.58,0.51,0.36,0.52
Sys_DiT_ref_class1000,121,0.9,0.64,0.57,0.74
Sys_DiT_ref_class1000,122,0.67,0.46,0.33,0.53
Sys_DiT_ref_class1000,123,0.92,0.74,0.69,0.82
Sys_DiT_ref_class1000,124,0.65,0.41,0.31,0.5
Sys_DiT_ref_class1000,125,0.8,0.63,0.54,0.7
Sys_DiT_ref_class1000,126,0.92,0.85,0.78,0.88
Sys_DiT_ref_class1000,127,0.85,0.3,0.26,0.44
Sys_DiT_ref_class1000,128,0.86,0.66,0.61,0.73
Sys_DiT_ref_class1000,129,0.86,0.36,0.31,0.5
Sys_DiT_ref_class1000,130,0.85,0.54,0.47,0.64
Sys_DiT_ref_class1000,131,0.73,0.34,0.25,0.46
Sys_DiT_ref_class1000,132,0.64,0.32,0.21,0.42
Sys_DiT_ref_class1000,133,0.83,0.48,0.41,0.59
Sys_DiT_ref_class1000,134,0.8,0.45,0.35,0.53
Sys_DiT_ref_class1000,135,0.7,0.39,0.28,0.49
Sys_DiT_ref_class1000,136,0.59,0.3,0.18,0.4
Sys_DiT_ref_class1000,137,0.96,0.57,0.55,0.66
Sys_DiT_ref_class1000,138,0.94,0.55,0.52,0.66
Sys_DiT_ref_class1000,139,0.93,0.74,0.71,0.81
Sys_DiT_ref_class1000,140,0.92,0.32,0.29,0.47
Sys_DiT_ref_class1000,141,0.96,0.74,0.71,0.82
Sys_DiT_ref_class1000,142,0.91,0.4,0.36,0.55
Sys_DiT_ref_class1000,143,0.88,0.58,0.52,0.66
Sys_DiT_ref_class1000,144,0.85,0.44,0.38,0.56
Sys_DiT_ref_class1000,145,0.9,0.61,0.56,0.7
Sys_DiT_ref_class1000,146,0.95,0.76,0.72,0.82
Sys_DiT_ref_class1000,147,0.92,0.82,0.76,0.87
Sys_DiT_ref_class1000,148,0.97,0.65,0.64,0.76
Sys_DiT_ref_class1000,149,0.82,0.61,0.51,0.66
Sys_DiT_ref_class1000,150,0.82,0.47,0.39,0.58
Sys_DiT_ref_class1000,151,0.76,0.39,0.32,0.51
Sys_DiT_ref_class1000,152,0.76,0.43,0.31,0.47
Sys_DiT_ref_class1000,153,0.73,0.5,0.37,0.54
Sys_DiT_ref_class1000,154,0.89,0.45,0.4,0.59
Sys_DiT_ref_class1000,155,0.81,0.35,0.29,0.48
Sys_DiT_ref_class1000,156,0.88,0.47,0.42,0.59
Sys_DiT_ref_class1000,157,0.92,0.54,0.5,0.68
Sys_DiT_ref_class1000,158,0.63,0.43,0.27,0.48
Sys_DiT_ref_class1000,159,0.67,0.5,0.36,0.56
Sys_DiT_ref_class1000,160,0.85,0.57,0.51,0.66
Sys_DiT_ref_class1000,161,0.82,0.32,0.27,0.46
Sys_DiT_ref_class1000,162,0.8,0.47,0.41,0.58
Sys_DiT_ref_class1000,163,0.89,0.47,0.43,0.59
Sys_DiT_ref_class1000,164,0.84,0.32,0.27,0.46
Sys_DiT_ref_class1000,165,0.88,0.49,0.45,0.6
Sys_DiT_ref_class1000,166,0.86,0.44,0.39,0.55
Sys_DiT_ref_class1000,167,0.67,0.55,0.4,0.59
Sys_DiT_ref_class1000,168,0.72,0.37,0.26,0.48
Sys_DiT_ref_class1000,169,0.83,0.53,0.46,0.63
Sys_DiT_ref_class1000,170,0.68,0.49,0.38,0.56
Sys_DiT_ref_class1000,171,0.94,0.59,0.55,0.69
Sys_DiT_ref_class1000,172,0.57,0.41,0.3,0.47
Sys_DiT_ref_class1000,173,0.71,0.47,0.37,0.54
Sys_DiT_ref_class1000,174,0.73,0.32,0.23,0.43
Sys_DiT_ref_class1000,175,0.84,0.43,0.37,0.56
Sys_DiT_ref_class1000,176,0.8,0.7,0.62,0.74
Sys_DiT_ref_class1000,177,0.8,0.58,0.5,0.67
Sys_DiT_ref_class1000,178,0.57,0.29,0.17,0.37
Sys_DiT_ref_class1000,179,0.93,0.5,0.47,0.64
Sys_DiT_ref_class1000,180,0.85,0.41,0.36,0.55
Sys_DiT_ref_class1000,181,0.56,0.36,0.25,0.44
Sys_DiT_ref_class1000,182,0.89,0.49,0.44,0.6
Sys_DiT_ref_class1000,183,0.69,0.61,0.47,0.64
Sys_DiT_ref_class1000,184,0.78,0.32,0.24,0.44
Sys_DiT_ref_class1000,185,0.79,0.47,0.38,0.57
Sys_DiT_ref_class1000,186,0.96,0.5,0.48,0.63
Sys_DiT_ref_class1000,187,0.75,0.41,0.31,0.51
Sys_DiT_ref_class1000,188,0.74,0.38,0.25,0.45
Sys_DiT_ref_class1000,189,0.76,0.5,0.41,0.6
Sys_DiT_ref_class1000,190,0.73,0.35,0.26,0.47
Sys_DiT_ref_class1000,191,0.74,0.4,0.31,0.5
Sys_DiT_ref_class1000,192,0.75,0.51,0.4,0.59
Sys_DiT_ref_class1000,193,0.77,0.38,0.3,0.49
Sys_DiT_ref_class1000,194,0.51,0.45,0.25,0.47
Sys_DiT_ref_class1000,195,0.86,0.3,0.26,0.45
Sys_DiT_ref_class1000,196,0.69,0.41,0.31,0.51
Sys_DiT_ref_class1000,197,0.82,0.5,0.43,0.62
Sys_DiT_ref_class1000,198,0.76,0.37,0.28,0.48
Sys_DiT_ref_class1000,199,0.84,0.54,0.47,0.63
Sys_DiT_ref_class1000,200,0.77,0.34,0.26,0.47
Sys_DiT_ref_class1000,201,0.67,0.46,0.31,0.52
Sys_DiT_ref_class1000,202,0.87,0.45,0.4,0.56
Sys_DiT_ref_class1000,203,0.75,0.29,0.22,0.41
Sys_DiT_ref_class1000,204,0.83,0.57,0.49,0.65
Sys_DiT_ref_class1000,205,0.85,0.44,0.36,0.55
Sys_DiT_ref_class1000,206,0.86,0.71,0.64,0.77
Sys_DiT_ref_class1000,207,0.91,0.38,0.35,0.52
Sys_DiT_ref_class1000,208,0.52,0.29,0.19,0.34
Sys_DiT_ref_class1000,209,0.88,0.42,0.38,0.54
Sys_DiT_ref_class1000,210,0.9,0.8,0.72,0.84
Sys_DiT_ref_class1000,211,0.82,0.4,0.34,0.52
Sys_DiT_ref_class1000,212,0.74,0.33,0.24,0.45
Sys_DiT_ref_class1000,213,0.62,0.3,0.19,0.4
Sys_DiT_ref_class1000,214,0.76,0.37,0.3,0.49
Sys_DiT_ref_class1000,215,0.81,0.44,0.36,0.53
Sys_DiT_ref_class1000,216,0.91,0.65,0.59,0.74
Sys_DiT_ref_class1000,217,0.9,0.6,0.55,0.71
Sys_DiT_ref_class1000,218,0.56,0.25,0.15,0.34
Sys_DiT_ref_class1000,219,0.91,0.38,0.35,0.53
Sys_DiT_ref_class1000,220,0.68,0.41,0.28,0.48
Sys_DiT_ref_class1000,221,0.47,0.54,0.23,0.44
Sys_DiT_ref_class1000,222,0.68,0.44,0.34,0.53
Sys_DiT_ref_class1000,223,0.77,0.47,0.36,0.57
Sys_DiT_ref_class1000,224,0.78,0.39,0.31,0.5
Sys_DiT_ref_class1000,225,0.58,0.25,0.17,0.35
Sys_DiT_ref_class1000,226,0.77,0.33,0.26,0.46
Sys_DiT_ref_class1000,227,0.93,0.37,0.34,0.52
Sys_DiT_ref_class1000,228,0.84,0.52,0.46,0.63
Sys_DiT_ref_class1000,229,0.87,0.39,0.33,0.52
Sys_DiT_ref_class1000,230,0.83,0.29,0.24,0.43
Sys_DiT_ref_class1000,231,0.83,0.43,0.37,0.55
Sys_DiT_ref_class1000,232,0.87,0.38,0.34,0.52
Sys_DiT_ref_class1000,233,0.88,0.53,0.47,0.65
Sys_DiT_ref_class1000,234,0.89,0.47,0.43,0.6
Sys_DiT_ref_class1000,235,0.74,0.42,0.33,0.53
Sys_DiT_ref_class1000,236,0.64,0.47,0.37,0.54
Sys_DiT_ref_class1000,237,0.7,0.47,0.33,0.53
Sys_DiT_ref_class1000,238,0.74,0.44,0.34,0.53
Sys_DiT_ref_class1000,239,0.76,0.38,0.31,0.49
Sys_DiT_ref_class1000,240,0.7,0.38,0.27,0.48
Sys_DiT_ref_class1000,241,0.75,0.46,0.37,0.57
Sys_DiT_ref_class1000,242,0.67,0.28,0.2,0.38
Sys_DiT_ref_class1000,243,0.71,0.36,0.27,0.47
Sys_DiT_ref_class1000,244,0.86,0.39,0.34,0.53
Sys_DiT_ref_class1000,245,0.95,0.39,0.37,0.53
Sys_DiT_ref_class1000,246,0.9,0.65,0.61,0.75
Sys_DiT_ref_class1000,247,0.9,0.49,0.44,0.62
Sys_DiT_ref_class1000,248,0.76,0.41,0.33,0.52
Sys_DiT_ref_class1000,249,0.91,0.46,0.43,0.6
Sys_DiT_ref_class1000,250,0.94,0.4,0.38,0.55
Sys_DiT_ref_class1000,251,0.92,0.36,0.33,0.51
Sys_DiT_ref_class1000,252,0.76,0.49,0.42,0.58
Sys_DiT_ref_class1000,253,0.7,0.35,0.25,0.45
Sys_DiT_ref_class1000,254,0.91,0.3,0.27,0.45
Sys_DiT_ref_class1000,255,0.9,0.41,0.38,0.55
Sys_DiT_ref_class1000,256,0.94,0.35,0.33,0.5
Sys_DiT_ref_class1000,257,0.83,0.45,0.39,0.57
Sys_DiT_ref_class1000,258,0.87,0.48,0.41,0.6
Sys_DiT_ref_class1000,259,0.78,0.45,0.37,0.55
Sys_DiT_ref_class1000,260,0.94,0.49,0.47,0.61
Sys_DiT_ref_class1000,261,0.78,0.45,0.37,0.56
Sys_DiT_ref_class1000,262,0.77,0.35,0.28,0.48
Sys_DiT_ref_class1000,263,0.54,0.32,0.23,0.36
Sys_DiT_ref_class1000,264,0.2,0.5,0.12,0.15
Sys_DiT_ref_class1000,265,0.72,0.45,0.33,0.53
Sys_DiT_ref_class1000,266,0.69,0.46,0.35,0.55
Sys_DiT_ref_class1000,267,0.9,0.47,0.44,0.59
Sys_DiT_ref_class1000,268,0.82,0.44,0.37,0.56
Sys_DiT_ref_class1000,269,0.92,0.41,0.38,0.55
Sys_DiT_ref_class1000,270,0.65,0.5,0.32,0.54
Sys_DiT_ref_class1000,271,0.45,0.6,0.26,0.48
Sys_DiT_ref_class1000,272,0.8,0.7,0.62,0.74
Sys_DiT_ref_class1000,273,0.94,0.68,0.64,0.78
Sys_DiT_ref_class1000,274,0.75,0.42,0.31,0.52
Sys_DiT_ref_class1000,275,0.95,0.53,0.51,0.66
Sys_DiT_ref_class1000,276,0.92,0.62,0.59,0.73
Sys_DiT_ref_class1000,277,0.76,0.37,0.3,0.48
Sys_DiT_ref_class1000,278,0.54,0.51,0.32,0.49
Sys_DiT_ref_class1000,279,0.74,0.39,0.3,0.5
Sys_DiT_ref_class1000,280,0.75,0.51,0.39,0.56
Sys_DiT_ref_class1000,281,0.92,0.3,0.28,0.45
Sys_DiT_ref_class1000,282,0.5,0.4,0.25,0.39
Sys_DiT_ref_class1000,283,0.87,0.53,0.46,0.63
Sys_DiT_ref_class1000,284,0.7,0.3,0.21,0.41
Sys_DiT_ref_class1000,285,0.54,0.36,0.2,0.42
Sys_DiT_ref_class1000,286,0.8,0.41,0.33,0.53
Sys_DiT_ref_class1000,287,0.81,0.51,0.42,0.61
Sys_DiT_ref_class1000,288,0.7,0.39,0.27,0.48
Sys_DiT_ref_class1000,289,0.9,0.44,0.4,0.55
Sys_DiT_ref_class1000,290,0.76,0.34,0.27,0.46
Sys_DiT_ref_class1000,291,0.85,0.56,0.48,0.67
Sys_DiT_ref_class1000,292,0.74,0.32,0.25,0.44
Sys_DiT_ref_class1000,293,0.77,0.6,0.47,0.62
Sys_DiT_ref_class1000,294,0.91,0.62,0.58,0.71
Sys_DiT_ref_class1000,295,0.74,0.42,0.39,0.52
Sys_DiT_ref_class1000,296,0.92,0.62,0.57,0.73
Sys_DiT_ref_class1000,297,0.87,0.64,0.57,0.71
Sys_DiT_ref_class1000,298,0.66,0.5,0.4,0.54
Sys_DiT_ref_class1000,299,0.92,0.58,0.54,0.68
Sys_DiT_ref_class1000,300,0.91,0.83,0.78,0.86
Sys_DiT_ref_class1000,301,0.77,0.65,0.57,0.7
Sys_DiT_ref_class1000,302,0.98,0.88,0.86,0.92
Sys_DiT_ref_class1000,303,0.86,0.7,0.62,0.77
Sys_DiT_ref_class1000,304,0.76,0.66,0.54,0.7
Sys_DiT_ref_class1000,305,0.74,0.63,0.5,0.67
Sys_DiT_ref_class1000,306,0.96,0.82,0.79,0.88
Sys_DiT_ref_class1000,307,0.97,0.85,0.82,0.9
Sys_DiT_ref_class1000,308,0.95,0.8,0.77,0.86
Sys_DiT_ref_class1000,309,0.82,0.69,0.58,0.75
Sys_DiT_ref_class1000,310,0.65,0.61,0.45,0.62
Sys_DiT_ref_class1000,311,0.8,0.79,0.66,0.79
Sys_DiT_ref_class1000,312,0.82,0.64,0.55,0.72
Sys_DiT_ref_class1000,313,0.83,0.69,0.61,0.75
Sys_DiT_ref_class1000,314,0.9,0.63,0.57,0.73
Sys_DiT_ref_class1000,315,0.88,0.66,0.59,0.75
Sys_DiT_ref_class1000,316,0.79,0.79,0.71,0.79
Sys_DiT_ref_class1000,317,0.94,0.85,0.8,0.89
Sys_DiT_ref_class1000,318,0.96,0.79,0.76,0.85
Sys_DiT_ref_class1000,319,0.83,0.81,0.69,0.8
Sys_DiT_ref_class1000,320,0.86,0.82,0.77,0.84
Sys_DiT_ref_class1000,321,0.94,0.89,0.85,0.92
Sys_DiT_ref_class1000,322,0.97,0.87,0.85,0.92
Sys_DiT_ref_class1000,323,0.98,0.97,0.96,0.98
Sys_DiT_ref_class1000,324,0.75,0.69,0.52,0.71
Sys_DiT_ref_class1000,325,0.96,0.88,0.85,0.92
Sys_DiT_ref_class1000,326,0.8,0.67,0.56,0.73
Sys_DiT_ref_class1000,327,0.9,0.82,0.77,0.86
Sys_DiT_ref_class1000,328,0.88,0.68,0.6,0.76
Sys_DiT_ref_class1000,329,0.79,0.65,0.52,0.7
Sys_DiT_ref_class1000,330,0.81,0.6,0.49,0.68
Sys_DiT_ref_class1000,331,0.94,0.72,0.68,0.81
Sys_DiT_ref_class1000,332,0.85,0.42,0.36,0.55
Sys_DiT_ref_class1000,333,0.71,0.37,0.27,0.46
Sys_DiT_ref_class1000,334,0.84,0.51,0.44,0.61
Sys_DiT_ref_class1000,335,0.76,0.43,0.33,0.54
Sys_DiT_ref_class1000,336,0.8,0.66,0.57,0.72
Sys_DiT_ref_class1000,337,0.8,0.66,0.54,0.7
Sys_DiT_ref_class1000,338,0.89,0.67,0.63,0.73
Sys_DiT_ref_class1000,339,0.89,0.69,0.64,0.77
Sys_DiT_ref_class1000,340,0.96,0.59,0.57,0.7
Sys_DiT_ref_class1000,341,0.9,0.63,0.57,0.73
Sys_DiT_ref_class1000,342,0.89,0.61,0.56,0.72
Sys_DiT_ref_class1000,343,0.81,0.64,0.57,0.7
Sys_DiT_ref_class1000,344,0.9,0.78,0.71,0.83
Sys_DiT_ref_class1000,345,0.76,0.53,0.43,0.61
Sys_DiT_ref_class1000,346,0.85,0.55,0.49,0.65
Sys_DiT_ref_class1000,347,0.85,0.67,0.59,0.74
Sys_DiT_ref_class1000,348,0.78,0.55,0.47,0.62
Sys_DiT_ref_class1000,349,0.74,0.54,0.4,0.6
Sys_DiT_ref_class1000,350,0.89,0.49,0.43,0.61
Sys_DiT_ref_class1000,351,0.88,0.73,0.65,0.78
Sys_DiT_ref_class1000,352,0.86,0.48,0.41,0.6
Sys_DiT_ref_class1000,353,0.78,0.54,0.48,0.63
Sys_DiT_ref_class1000,354,0.93,0.78,0.73,0.84
Sys_DiT_ref_class1000,355,0.8,0.57,0.45,0.63
Sys_DiT_ref_class1000,356,0.81,0.38,0.32,0.51
Sys_DiT_ref_class1000,357,0.79,0.56,0.46,0.64
Sys_DiT_ref_class1000,358,0.86,0.51,0.46,0.62
Sys_DiT_ref_class1000,359,0.64,0.3,0.19,0.4
Sys_DiT_ref_class1000,360,0.69,0.58,0.47,0.61
Sys_DiT_ref_class1000,361,0.93,0.48,0.45,0.61
Sys_DiT_ref_class1000,362,0.86,0.42,0.36,0.56
Sys_DiT_ref_class1000,363,0.93,0.66,0.62,0.75
Sys_DiT_ref_class1000,364,0.85,0.36,0.31,0.5
Sys_DiT_ref_class1000,365,0.92,0.61,0.57,0.72
Sys_DiT_ref_class1000,366,0.92,0.72,0.68,0.79
Sys_DiT_ref_class1000,367,0.88,0.58,0.52,0.67
Sys_DiT_ref_class1000,368,0.67,0.38,0.27,0.43
Sys_DiT_ref_class1000,369,0.85,0.43,0.36,0.56
Sys_DiT_ref_class1000,370,0.9,0.41,0.36,0.55
Sys_DiT_ref_class1000,371,0.95,0.43,0.41,0.58
Sys_DiT_ref_class1000,372,0.85,0.59,0.52,0.69
Sys_DiT_ref_class1000,373,0.78,0.58,0.45,0.63
Sys_DiT_ref_class1000,374,0.85,0.42,0.37,0.55
Sys_DiT_ref_class1000,375,0.82,0.6,0.52,0.69
Sys_DiT_ref_class1000,376,0.86,0.51,0.44,0.62
Sys_DiT_ref_class1000,377,0.76,0.52,0.41,0.62
Sys_DiT_ref_class1000,378,0.95,0.53,0.51,0.65
Sys_DiT_ref_class1000,379,0.58,0.39,0.25,0.46
Sys_DiT_ref_class1000,380,0.82,0.35,0.29,0.48
Sys_DiT_ref_class1000,381,0.85,0.42,0.36,0.55
Sys_DiT_ref_class1000,382,0.88,0.58,0.51,0.68
Sys_DiT_ref_class1000,383,0.89,0.54,0.5,0.65
Sys_DiT_ref_class1000,384,0.89,0.39,0.35,0.53
Sys_DiT_ref_class1000,385,0.85,0.45,0.38,0.58
Sys_DiT_ref_class1000,386,0.87,0.72,0.64,0.79
Sys_DiT_ref_class1000,387,0.94,0.61,0.58,0.71
Sys_DiT_ref_class1000,388,0.96,0.44,0.43,0.56
Sys_DiT_ref_class1000,389,0.4,0.52,0.2,0.42
Sys_DiT_ref_class1000,390,0.73,0.58,0.46,0.65
Sys_DiT_ref_class1000,391,0.91,0.47,0.42,0.6
Sys_DiT_ref_class1000,392,0.82,0.61,0.52,0.69
Sys_DiT_ref_class1000,393,0.81,0.66,0.55,0.72
Sys_DiT_ref_class1000,394,0.87,0.62,0.55,0.72
Sys_DiT_ref_class1000,395,0.67,0.62,0.5,0.64
Sys_DiT_ref_class1000,396,0.95,0.71,0.68,0.81
Sys_DiT_ref_class1000,397,0.81,0.74,0.61,0.76
Sys_DiT_ref_class1000,398,0.74,0.56,0.46,0.58
Sys_DiT_ref_class1000,399,0.84,0.52,0.45,0.62
Sys_DiT_ref_class1000,400,0.77,0.55,0.53,0.64
Sys_DiT_ref_class1000,401,0.62,0.45,0.34,0.5
Sys_DiT_ref_class1000,402,0.61,0.48,0.33,0.52
Sys_DiT_ref_class1000,403,0.76,0.52,0.41,0.61
Sys_DiT_ref_class1000,404,0.9,0.62,0.57,0.72
Sys_DiT_ref_class1000,405,0.65,0.45,0.3,0.52
Sys_DiT_ref_class1000,406,0.91,0.67,0.62,0.77
Sys_DiT_ref_class1000,407,0.88,0.61,0.55,0.72
Sys_DiT_ref_class1000,408,0.91,0.66,0.6,0.76
Sys_DiT_ref_class1000,409,0.37,0.39,0.16,0.36
Sys_DiT_ref_class1000,410,0.55,0.39,0.23,0.45
Sys_DiT_ref_class1000,411,0.63,0.57,0.41,0.59
Sys_DiT_ref_class1000,412,0.85,0.61,0.53,0.69
Sys_DiT_ref_class1000,413,0.37,0.31,0.15,0.33
Sys_DiT_ref_class1000,414,0.88,0.6,0.55,0.71
Sys_DiT_ref_class1000,415,0.79,0.59,0.48,0.67
Sys_DiT_ref_class1000,416,0.48,0.31,0.17,0.3
Sys_DiT_ref_class1000,417,0.95,0.71,0.68,0.81
Sys_DiT_ref_class1000,418,0.63,0.61,0.45,0.6
Sys_DiT_ref_class1000,419,0.86,0.55,0.49,0.66
Sys_DiT_ref_class1000,420,0.5,0.4,0.24,0.43
Sys_DiT_ref_class1000,421,0.88,0.72,0.63,0.78
Sys_DiT_ref_class1000,422,0.8,0.37,0.3,0.49
Sys_DiT_ref_class1000,423,0.89,0.64,0.59,0.74
Sys_DiT_ref_class1000,424,0.62,0.38,0.23,0.45
Sys_DiT_ref_class1000,425,0.91,0.67,0.62,0.78
Sys_DiT_ref_class1000,426,0.59,0.57,0.39,0.56
Sys_DiT_ref_class1000,427,0.76,0.63,0.5,0.67
Sys_DiT_ref_class1000,428,0.44,0.48,0.28,0.38
Sys_DiT_ref_class1000,429,0.69,0.68,0.54,0.67
Sys_DiT_ref_class1000,430,0.27,0.28,0.07,0.23
Sys_DiT_ref_class1000,431,0.81,0.5,0.39,0.57
Sys_DiT_ref_class1000,432,0.74,0.45,0.34,0.53
Sys_DiT_ref_class1000,433,0.74,0.56,0.46,0.57
Sys_DiT_ref_class1000,434,0.47,0.54,0.3,0.47
Sys_DiT_ref_class1000,435,0.58,0.29,0.17,0.33
Sys_DiT_ref_class1000,436,0.65,0.6,0.4,0.55
Sys_DiT_ref_class1000,437,0.95,0.8,0.76,0.87
Sys_DiT_ref_class1000,438,0.63,0.55,0.33,0.52
Sys_DiT_ref_class1000,439,0.48,0.52,0.29,0.41
Sys_DiT_ref_class1000,440,0.76,0.48,0.38,0.59
Sys_DiT_ref_class1000,441,0.89,0.7,0.65,0.78
Sys_DiT_ref_class1000,442,0.33,0.69,0.21,0.36
Sys_DiT_ref_class1000,443,0.97,0.77,0.75,0.85
Sys_DiT_ref_class1000,444,0.48,0.45,0.26,0.38
Sys_DiT_ref_class1000,445,0.75,0.41,0.33,0.52
Sys_DiT_ref_class1000,446,0.76,0.55,0.43,0.63
Sys_DiT_ref_class1000,447,0.59,0.47,0.35,0.5
Sys_DiT_ref_class1000,448,0.81,0.56,0.47,0.65
Sys_DiT_ref_class1000,449,0.44,0.51,0.3,0.43
Sys_DiT_ref_class1000,450,0.95,0.64,0.6,0.76
Sys_DiT_ref_class1000,451,0.91,0.69,0.63,0.78
Sys_DiT_ref_class1000,452,0.86,0.72,0.62,0.74
Sys_DiT_ref_class1000,453,0.91,0.68,0.62,0.78
Sys_DiT_ref_class1000,454,0.64,0.43,0.32,0.49
Sys_DiT_ref_class1000,455,0.66,0.46,0.3,0.49
Sys_DiT_ref_class1000,456,0.38,0.3,0.11,0.21
Sys_DiT_ref_class1000,457,0.83,0.61,0.54,0.69
Sys_DiT_ref_class1000,458,0.61,0.42,0.26,0.49
Sys_DiT_ref_class1000,459,0.63,0.34,0.23,0.42
Sys_DiT_ref_class1000,460,0.58,0.8,0.44,0.56
Sys_DiT_ref_class1000,461,0.88,0.55,0.49,0.66
Sys_DiT_ref_class1000,462,0.67,0.65,0.48,0.63
Sys_DiT_ref_class1000,463,0.35,0.31,0.13,0.27
Sys_DiT_ref_class1000,464,0.4,0.43,0.2,0.38
Sys_DiT_ref_class1000,465,0.87,0.66,0.58,0.74
Sys_DiT_ref_class1000,466,0.92,0.67,0.62,0.77
Sys_DiT_ref_class1000,467,0.62,0.42,0.29,0.45
Sys_DiT_ref_class1000,468,0.88,0.62,0.55,0.72
Sys_DiT_ref_class1000,469,0.62,0.58,0.42,0.55
Sys_DiT_ref_class1000,470,0.51,0.54,0.28,0.47
Sys_DiT_ref_class1000,471,0.66,0.52,0.38,0.57
Sys_DiT_ref_class1000,472,0.55,0.52,0.28,0.49
Sys_DiT_ref_class1000,473,0.79,0.66,0.54,0.71
Sys_DiT_ref_class1000,474,0.73,0.39,0.31,0.5
Sys_DiT_ref_class1000,475,0.92,0.75,0.7,0.83
Sys_DiT_ref_class1000,476,0.96,0.55,0.53,0.68
Sys_DiT_ref_class1000,477,0.66,0.6,0.43,0.59
Sys_DiT_ref_class1000,478,0.59,0.36,0.23,0.44
Sys_DiT_ref_class1000,479,0.85,0.71,0.66,0.75
Sys_DiT_ref_class1000,480,0.84,0.55,0.46,0.66
Sys_DiT_ref_class1000,481,0.64,0.44,0.3,0.52
Sys_DiT_ref_class1000,482,0.66,0.42,0.29,0.51
Sys_DiT_ref_class1000,483,0.73,0.65,0.53,0.68
Sys_DiT_ref_class1000,484,0.89,0.61,0.55,0.72
Sys_DiT_ref_class1000,485,0.64,0.56,0.4,0.58
Sys_DiT_ref_class1000,486,0.89,0.45,0.41,0.57
Sys_DiT_ref_class1000,487,0.36,0.34,0.14,0.34
Sys_DiT_ref_class1000,488,0.63,0.58,0.43,0.56
Sys_DiT_ref_class1000,489,0.51,0.45,0.3,0.45
Sys_DiT_ref_class1000,490,0.96,0.81,0.78,0.88
Sys_DiT_ref_class1000,491,0.66,0.55,0.38,0.59
Sys_DiT_ref_class1000,492,0.78,0.73,0.58,0.73
Sys_DiT_ref_class1000,493,0.52,0.64,0.33,0.55
Sys_DiT_ref_class1000,494,0.43,0.51,0.31,0.42
Sys_DiT_ref_class1000,495,0.85,0.71,0.61,0.77
Sys_DiT_ref_class1000,496,0.86,0.72,0.62,0.78
Sys_DiT_ref_class1000,497,0.86,0.6,0.53,0.7
Sys_DiT_ref_class1000,498,0.61,0.47,0.3,0.51
Sys_DiT_ref_class1000,499,0.86,0.68,0.61,0.74
Sys_DiT_ref_class1000,500,0.54,0.61,0.42,0.54
Sys_DiT_ref_class1000,501,0.89,0.41,0.38,0.54
Sys_DiT_ref_class1000,502,0.8,0.57,0.44,0.63
Sys_DiT_ref_class1000,503,0.92,0.68,0.64,0.78
Sys_DiT_ref_class1000,504,0.77,0.64,0.55,0.69
Sys_DiT_ref_class1000,505,0.82,0.58,0.54,0.66
Sys_DiT_ref_class1000,506,0.16,0.59,0.11,0.23
Sys_DiT_ref_class1000,507,0.57,0.45,0.25,0.47
Sys_DiT_ref_class1000,508,0.53,0.44,0.29,0.47
Sys_DiT_ref_class1000,509,0.75,0.52,0.41,0.61
Sys_DiT_ref_class1000,510,0.84,0.57,0.49,0.67
Sys_DiT_ref_class1000,511,0.85,0.52,0.47,0.63
Sys_DiT_ref_class1000,512,0.48,0.43,0.27,0.43
Sys_DiT_ref_class1000,513,0.55,0.65,0.37,0.5
Sys_DiT_ref_class1000,514,0.74,0.45,0.34,0.54
Sys_DiT_ref_class1000,515,0.62,0.51,0.37,0.54
Sys_DiT_ref_class1000,516,0.81,0.77,0.66,0.78
Sys_DiT_ref_class1000,517,0.06,0.65,0.04,0.09
Sys_DiT_ref_class1000,518,0.68,0.52,0.44,0.58
Sys_DiT_ref_class1000,519,0.68,0.52,0.43,0.58
Sys_DiT_ref_class1000,520,0.83,0.5,0.42,0.61
Sys_DiT_ref_class1000,521,0.65,0.57,0.41,0.57
Sys_DiT_ref_class1000,522,0.9,0.58,0.53,0.69
Sys_DiT_ref_class1000,523,0.39,0.46,0.22,0.29
Sys_DiT_ref_class1000,524,0.77,0.58,0.46,0.64
Sys_DiT_ref_class1000,525,0.83,0.73,0.64,0.77
Sys_DiT_ref_class1000,526,0.69,0.48,0.37,0.55
Sys_DiT_ref_class1000,527,0.66,0.59,0.39,0.59
Sys_DiT_ref_class1000,528,0.81,0.65,0.56,0.72
Sys_DiT_ref_class1000,529,0.79,0.6,0.49,0.66
Sys_DiT_ref_class1000,530,0.55,0.47,0.28,0.48
Sys_DiT_ref_class1000,531,0.42,0.35,0.16,0.38
Sys_DiT_ref_class1000,532,0.68,0.52,0.38,0.59
Sys_DiT_ref_class1000,533,0.66,0.79,0.52,0.68
Sys_DiT_ref_class1000,534,0.44,0.36,0.18,0.34
Sys_DiT_ref_class1000,535,0.81,0.55,0.48,0.65
Sys_DiT_ref_class1000,536,0.71,0.77,0.54,0.65
Sys_DiT_ref_class1000,537,0.54,0.24,0.16,0.33
Sys_DiT_ref_class1000,538,0.8,0.65,0.56,0.69
Sys_DiT_ref_class1000,539,0.69,0.6,0.42,0.61
Sys_DiT_ref_class1000,540,0.81,0.45,0.38,0.56
Sys_DiT_ref_class1000,541,0.89,0.71,0.63,0.79
Sys_DiT_ref_class1000,542,0.82,0.38,0.3,0.49
Sys_DiT_ref_class1000,543,0.35,0.41,0.21,0.33
Sys_DiT_ref_class1000,544,0.9,0.68,0.62,0.78
Sys_DiT_ref_class1000,545,0.73,0.6,0.51,0.64
Sys_DiT_ref_class1000,546,0.8,0.56,0.45,0.65
Sys_DiT_ref_class1000,547,0.83,0.61,0.52,0.7
Sys_DiT_ref_class1000,548,0.92,0.66,0.61,0.76
Sys_DiT_ref_class1000,549,0.36,0.35,0.15,0.32
Sys_DiT_ref_class1000,550,0.94,0.55,0.52,0.68
Sys_DiT_ref_class1000,551,0.89,0.52,0.48,0.64
Sys_DiT_ref_class1000,552,0.93,0.43,0.4,0.55
Sys_DiT_ref_class1000,553,0.86,0.54,0.5,0.65
Sys_DiT_ref_class1000,554,0.97,0.47,0.46,0.62
Sys_DiT_ref_class1000,555,0.97,0.38,0.37,0.54
Sys_DiT_ref_class1000,556,0.64,0.55,0.38,0.51
Sys_DiT_ref_class1000,557,0.65,0.41,0.29,0.49
Sys_DiT_ref_class1000,558,0.5,0.31,0.17,0.34
Sys_DiT_ref_class1000,559,0.72,0.47,0.37,0.49
Sys_DiT_ref_class1000,560,0.67,0.58,0.39,0.53
Sys_DiT_ref_class1000,561,0.81,0.64,0.55,0.71
Sys_DiT_ref_class1000,562,0.9,0.69,0.63,0.77
Sys_DiT_ref_class1000,563,0.8,0.55,0.46,0.64
Sys_DiT_ref_class1000,564,0.97,0.62,0.61,0.75
Sys_DiT_ref_class1000,565,0.94,0.68,0.64,0.79
Sys_DiT_ref_class1000,566,0.75,0.45,0.43,0.55
Sys_DiT_ref_class1000,567,0.84,0.7,0.59,0.75
Sys_DiT_ref_class1000,568,0.75,0.48,0.39,0.57
Sys_DiT_ref_class1000,569,0.83,0.56,0.46,0.65
Sys_DiT_ref_class1000,570,0.61,0.7,0.42,0.64
Sys_DiT_ref_class1000,571,0.55,0.45,0.25,0.47
Sys_DiT_ref_class1000,572,0.79,0.65,0.52,0.7
Sys_DiT_ref_class1000,573,0.66,0.45,0.3,0.52
Sys_DiT_ref_class1000,574,0.77,0.55,0.46,0.63
Sys_DiT_ref_class1000,575,0.9,0.49,0.44,0.61
Sys_DiT_ref_class1000,576,0.9,0.55,0.5,0.67
Sys_DiT_ref_class1000,577,0.87,0.57,0.51,0.66
Sys_DiT_ref_class1000,578,0.89,0.35,0.32,0.5
Sys_DiT_ref_class1000,579,0.66,0.62,0.38,0.52
Sys_DiT_ref_class1000,580,0.66,0.41,0.28,0.49
Sys_DiT_ref_class1000,581,0.81,0.55,0.45,0.63
Sys_DiT_ref_class1000,582,0.34,0.51,0.14,0.28
Sys_DiT_ref_class1000,583,0.73,0.61,0.45,0.65
Sys_DiT_ref_class1000,584,0.37,0.39,0.15,0.33
Sys_DiT_ref_class1000,585,0.39,0.34,0.18,0.32
Sys_DiT_ref_class1000,586,0.9,0.71,0.67,0.79
Sys_DiT_ref_class1000,587,0.45,0.41,0.26,0.42
Sys_DiT_ref_class1000,588,0.64,0.4,0.28,0.48
Sys_DiT_ref_class1000,589,0.66,0.26,0.19,0.36
Sys_DiT_ref_class1000,590,0.65,0.49,0.35,0.55
Sys_DiT_ref_class1000,591,0.8,0.64,0.53,0.71
Sys_DiT_ref_class1000,592,0.77,0.41,0.33,0.53
Sys_DiT_ref_class1000,593,0.91,0.59,0.54,0.7
Sys_DiT_ref_class1000,594,0.71,0.45,0.35,0.53
Sys_DiT_ref_class1000,595,0.74,0.55,0.44,0.62
Sys_DiT_ref_class1000,596,0.55,0.51,0.35,0.53
Sys_DiT_ref_class1000,597,0.86,0.63,0.59,0.72
Sys_DiT_ref_class1000,598,0.86,0.71,0.61,0.77
Sys_DiT_ref_class1000,599,0.59,0.46,0.31,0.46
Sys_DiT_ref_class1000,600,0.48,0.72,0.35,0.49
Sys_DiT_ref_class1000,601,0.59,0.43,0.24,0.45
Sys_DiT_ref_class1000,602,0.54,0.36,0.19,0.37
Sys_DiT_ref_class1000,603,0.71,0.47,0.31,0.52
Sys_DiT_ref_class1000,604,0.86,0.57,0.51,0.66
Sys_DiT_ref_class1000,605,0.24,0.31,0.09,0.22
Sys_DiT_ref_class1000,606,0.96,0.7,0.67,0.8
Sys_DiT_ref_class1000,607,0.91,0.76,0.69,0.82
Sys_DiT_ref_class1000,608,0.5,0.41,0.28,0.44
Sys_DiT_ref_class1000,609,0.92,0.68,0.63,0.77
Sys_DiT_ref_class1000,610,0.84,0.39,0.33,0.53
Sys_DiT_ref_class1000,611,0.77,0.43,0.34,0.55
Sys_DiT_ref_class1000,612,0.93,0.73,0.68,0.82
Sys_DiT_ref_class1000,613,0.81,0.59,0.51,0.68
Sys_DiT_ref_class1000,614,0.87,0.4,0.36,0.52
Sys_DiT_ref_class1000,615,0.83,0.58,0.47,0.65
Sys_DiT_ref_class1000,616,0.94,0.82,0.78,0.87
Sys_DiT_ref_class1000,617,0.58,0.29,0.19,0.35
Sys_DiT_ref_class1000,618,0.48,0.5,0.33,0.44
Sys_DiT_ref_class1000,619,0.94,0.77,0.73,0.84
Sys_DiT_ref_class1000,620,0.38,0.41,0.21,0.34
Sys_DiT_ref_class1000,621,0.65,0.5,0.38,0.55
Sys_DiT_ref_class1000,622,0.79,0.53,0.43,0.61
Sys_DiT_ref_class1000,623,0.83,0.72,0.62,0.77
Sys_DiT_ref_class1000,624,0.85,0.47,0.43,0.59
Sys_DiT_ref_class1000,625,0.86,0.57,0.49,0.68
Sys_DiT_ref_class1000,626,0.82,0.52,0.43,0.63
Sys_DiT_ref_class1000,627,0.87,0.57,0.5,0.67
Sys_DiT_ref_class1000,628,0.9,0.55,0.5,0.68
Sys_DiT_ref_class1000,629,0.47,0.38,0.27,0.37
Sys_DiT_ref_class1000,630,0.82,0.6,0.52,0.69
Sys_DiT_ref_class1000,631,0.58,0.43,0.24,0.47
Sys_DiT_ref_class1000,632,0.93,0.64,0.6,0.75
Sys_DiT_ref_class1000,633,0.93,0.74,0.69,0.82
Sys_DiT_ref_class1000,634,0.41,0.51,0.22,0.43
Sys_DiT_ref_class1000,635,0.58,0.47,0.31,0.52
Sys_DiT_ref_class1000,636,0.66,0.68,0.43,0.64
Sys_DiT_ref_class1000,637,0.28,0.45,0.12,0.27
Sys_DiT_ref_class1000,638,0.73,0.45,0.36,0.54
Sys_DiT_ref_class1000,639,0.4,0.32,0.13,0.34
Sys_DiT_ref_class1000,640,0.56,0.61,0.36,0.57
Sys_DiT_ref_class1000,641,0.58,0.33,0.24,0.37
Sys_DiT_ref_class1000,642,0.83,0.55,0.46,0.64
Sys_DiT_ref_class1000,643,0.82,0.6,0.53,0.68
Sys_DiT_ref_class1000,644,0.79,0.59,0.5,0.67
Sys_DiT_ref_class1000,645,0.77,0.3,0.23,0.43
Sys_DiT_ref_class1000,646,0.52,0.72,0.41,0.53
Sys_DiT_ref_class1000,647,0.75,0.63,0.48,0.68
Sys_DiT_ref_class1000,648,0.78,0.49,0.41,0.6
Sys_DiT_ref_class1000,649,0.94,0.75,0.71,0.84
Sys_DiT_ref_class1000,650,0.72,0.57,0.43,0.62
Sys_DiT_ref_class1000,651,0.79,0.56,0.45,0.63
Sys_DiT_ref_class1000,652,0.6,0.34,0.22,0.39
Sys_DiT_ref_class1000,653,0.67,0.59,0.43,0.61
Sys_DiT_ref_class1000,654,0.89,0.55,0.5,0.65
Sys_DiT_ref_class1000,655,0.77,0.34,0.28,0.46
Sys_DiT_ref_class1000,656,0.39,0.28,0.14,0.31
Sys_DiT_ref_class1000,657,0.82,0.6,0.51,0.69
Sys_DiT_ref_class1000,658,0.91,0.92,0.85,0.91
Sys_DiT_ref_class1000,659,0.84,0.8,0.69,0.81
Sys_DiT_ref_class1000,660,0.83,0.65,0.55,0.73
Sys_DiT_ref_class1000,661,0.91,0.62,0.57,0.73
Sys_DiT_ref_class1000,662,0.33,0.37,0.12,0.26
Sys_DiT_ref_class1000,663,0.63,0.49,0.32,0.53
Sys_DiT_ref_class1000,664,0.71,0.53,0.41,0.6
Sys_DiT_ref_class1000,665,0.61,0.51,0.33,0.55
Sys_DiT_ref_class1000,666,0.88,0.64,0.58,0.74
Sys_DiT_ref_class1000,667,0.64,0.42,0.28,0.48
Sys_DiT_ref_class1000,668,0.82,0.57,0.47,0.65
Sys_DiT_ref_class1000,669,0.96,0.81,0.78,0.87
Sys_DiT_ref_class1000,670,0.96,0.6,0.57,0.73
Sys_DiT_ref_class1000,671,0.49,0.34,0.19,0.35
Sys_DiT_ref_class1000,672,0.88,0.63,0.56,0.73
Sys_DiT_ref_class1000,673,0.31,0.28,0.13,0.25
Sys_DiT_ref_class1000,674,0.89,0.71,0.64,0.79
Sys_DiT_ref_class1000,675,0.64,0.45,0.33,0.52
Sys_DiT_ref_class1000,676,0.79,0.44,0.36,0.56
Sys_DiT_ref_class1000,677,0.58,0.59,0.42,0.55
Sys_DiT_ref_class1000,678,0.92,0.53,0.48,0.66
Sys_DiT_ref_class1000,679,0.88,0.68,0.62,0.76
Sys_DiT_ref_class1000,680,0.6,0.46,0.3,0.41
Sys_DiT_ref_class1000,681,0.47,0.36,0.2,0.4
Sys_DiT_ref_class1000,682,0.83,0.84,0.71,0.83
Sys_DiT_ref_class1000,683,0.65,0.45,0.31,0.52
Sys_DiT_ref_class1000,684,0.54,0.43,0.28,0.43
Sys_DiT_ref_class1000,685,0.77,0.38,0.3,0.51
Sys_DiT_ref_class1000,686,0.75,0.53,0.42,0.61
Sys_DiT_ref_class1000,687,0.93,0.59,0.54,0.7
Sys_DiT_ref_class1000,688,0.95,0.61,0.58,0.73
Sys_DiT_ref_class1000,689,0.92,0.48,0.44,0.59
Sys_DiT_ref_class1000,690,0.66,0.37,0.25,0.47
Sys_DiT_ref_class1000,691,0.69,0.7,0.51,0.68
Sys_DiT_ref_class1000,692,0.63,0.45,0.3,0.51
Sys_DiT_ref_class1000,693,0.84,0.59,0.52,0.68
Sys_DiT_ref_class1000,694,0.91,0.72,0.67,0.8
Sys_DiT_ref_class1000,695,0.71,0.53,0.45,0.59
Sys_DiT_ref_class1000,696,0.69,0.49,0.35,0.56
Sys_DiT_ref_class1000,697,0.59,0.51,0.29,0.48
Sys_DiT_ref_class1000,698,0.38,0.35,0.18,0.33
Sys_DiT_ref_class1000,699,0.96,0.68,0.66,0.79
Sys_DiT_ref_class1000,700,0.66,0.52,0.4,0.58
Sys_DiT_ref_class1000,701,0.93,0.72,0.67,0.81
Sys_DiT_ref_class1000,702,0.6,0.35,0.22,0.43
Sys_DiT_ref_class1000,703,0.88,0.66,0.59,0.75
Sys_DiT_ref_class1000,704,0.7,0.46,0.36,0.52
Sys_DiT_ref_class1000,705,0.83,0.53,0.45,0.64
Sys_DiT_ref_class1000,706,0.88,0.42,0.37,0.56
Sys_DiT_ref_class1000,707,0.78,0.53,0.42,0.61
Sys_DiT_ref_class1000,708,0.75,0.7,0.54,0.7
Sys_DiT_ref_class1000,709,0.74,0.52,0.4,0.6
Sys_DiT_ref_class1000,710,0.49,0.44,0.25,0.42
Sys_DiT_ref_class1000,711,0.73,0.55,0.41,0.62
Sys_DiT_ref_class1000,712,0.97,0.69,0.68,0.8
Sys_DiT_ref_class1000,713,0.76,0.56,0.47,0.64
Sys_DiT_ref_class1000,714,0.79,0.64,0.56,0.7
Sys_DiT_ref_class1000,715,0.93,0.61,0.57,0.72
Sys_DiT_ref_class1000,716,0.52,0.48,0.27,0.49
Sys_DiT_ref_class1000,717,0.95,0.75,0.72,0.84
Sys_DiT_ref_class1000,718,0.59,0.58,0.36,0.56
Sys_DiT_ref_class1000,719,0.9,0.75,0.69,0.82
Sys_DiT_ref_class1000,720,0.69,0.55,0.4,0.58
Sys_DiT_ref_class1000,721,0.91,0.8,0.73,0.85
Sys_DiT_ref_class1000,722,0.74,0.53,0.41,0.53
Sys_DiT_ref_class1000,723,0.73,0.73,0.5,0.61
Sys_DiT_ref_class1000,724,0.59,0.66,0.38,0.6
Sys_DiT_ref_class1000,725,0.97,0.69,0.67,0.79
Sys_DiT_ref_class1000,726,0.81,0.72,0.62,0.76
Sys_DiT_ref_class1000,727,0.85,0.58,0.54,0.69
Sys_DiT_ref_class1000,728,0.73,0.53,0.38,0.57
Sys_DiT_ref_class1000,729,0.67,0.47,0.37,0.52
Sys_DiT_ref_class1000,730,0.65,0.44,0.31,0.5
Sys_DiT_ref_class1000,731,0.69,0.37,0.3,0.44
Sys_DiT_ref_class1000,732,0.83,0.64,0.55,0.72
Sys_DiT_ref_class1000,733,0.83,0.39,0.35,0.52
Sys_DiT_ref_class1000,734,0.59,0.52,0.32,0.51
Sys_DiT_ref_class1000,735,0.97,0.63,0.62,0.73
Sys_DiT_ref_class1000,736,0.83,0.59,0.49,0.68
Sys_DiT_ref_class1000,737,0.71,0.45,0.32,0.54
Sys_DiT_ref_class1000,738,0.89,0.76,0.67,0.82
Sys_DiT_ref_class1000,739,0.94,0.56,0.53,0.68
Sys_DiT_ref_class1000,740,0.68,0.41,0.32,0.49
Sys_DiT_ref_class1000,741,0.93,0.71,0.66,0.8
Sys_DiT_ref_class1000,742,0.77,0.47,0.37,0.57
Sys_DiT_ref_class1000,743,0.74,0.52,0.41,0.6
Sys_DiT_ref_class1000,744,0.83,0.57,0.48,0.67
Sys_DiT_ref_class1000,745,0.72,0.57,0.46,0.63
Sys_DiT_ref_class1000,746,0.79,0.51,0.41,0.61
Sys_DiT_ref_class1000,747,0.91,0.41,0.37,0.55
Sys_DiT_ref_class1000,748,0.95,0.62,0.59,0.74
Sys_DiT_ref_class1000,749,0.76,0.44,0.32,0.53
Sys_DiT_ref_class1000,750,0.69,0.46,0.32,0.55
Sys_DiT_ref_class1000,751,0.77,0.48,0.37,0.58
Sys_DiT_ref_class1000,752,0.25,0.28,0.12,0.23
Sys_DiT_ref_class1000,753,0.93,0.59,0.55,0.7
Sys_DiT_ref_class1000,754,0.7,0.4,0.28,0.5
Sys_DiT_ref_class1000,755,0.92,0.69,0.65,0.79
Sys_DiT_ref_class1000,756,0.81,0.54,0.43,0.62
Sys_DiT_ref_class1000,757,0.91,0.61,0.57,0.73
Sys_DiT_ref_class1000,758,0.39,0.41,0.21,0.35
Sys_DiT_ref_class1000,759,0.83,0.63,0.54,0.7
Sys_DiT_ref_class1000,760,0.77,0.52,0.46,0.62
Sys_DiT_ref_class1000,761,0.52,0.45,0.35,0.47
Sys_DiT_ref_class1000,762,0.67,0.32,0.23,0.43
Sys_DiT_ref_class1000,763,0.58,0.38,0.33,0.42
Sys_DiT_ref_class1000,764,0.64,0.43,0.3,0.51
Sys_DiT_ref_class1000,765,0.92,0.6,0.55,0.71
Sys_DiT_ref_class1000,766,0.86,0.64,0.57,0.74
Sys_DiT_ref_class1000,767,0.39,0.6,0.22,0.35
Sys_DiT_ref_class1000,768,0.58,0.29,0.19,0.37
Sys_DiT_ref_class1000,769,0.56,0.59,0.38,0.52
Sys_DiT_ref_class1000,770,0.76,0.57,0.44,0.64
Sys_DiT_ref_class1000,771,0.55,0.39,0.23,0.4
Sys_DiT_ref_class1000,772,0.41,0.46,0.22,0.34
Sys_DiT_ref_class1000,773,0.8,0.77,0.65,0.78
Sys_DiT_ref_class1000,774,0.85,0.62,0.54,0.72
Sys_DiT_ref_class1000,775,0.91,0.63,0.59,0.74
Sys_DiT_ref_class1000,776,0.6,0.51,0.36,0.54
Sys_DiT_ref_class1000,777,0.57,0.58,0.35,0.55
Sys_DiT_ref_class1000,778,0.66,0.44,0.27,0.48
Sys_DiT_ref_class1000,779,0.64,0.45,0.31,0.52
Sys_DiT_ref_class1000,780,0.95,0.66,0.62,0.77
Sys_DiT_ref_class1000,781,0.73,0.35,0.26,0.47
Sys_DiT_ref_class1000,782,0.85,0.53,0.46,0.65
Sys_DiT_ref_class1000,783,0.93,0.78,0.73,0.83
Sys_DiT_ref_class1000,784,0.65,0.49,0.37,0.56
Sys_DiT_ref_class1000,785,0.83,0.74,0.68,0.78
Sys_DiT_ref_class1000,786,0.96,0.62,0.59,0.74
Sys_DiT_ref_class1000,787,0.72,0.62,0.45,0.59
Sys_DiT_ref_class1000,788,0.31,0.29,0.11,0.25
Sys_DiT_ref_class1000,789,0.7,0.66,0.53,0.65
Sys_DiT_ref_class1000,790,0.81,0.62,0.52,0.69
Sys_DiT_ref_class1000,791,0.42,0.33,0.17,0.34
Sys_DiT_ref_class1000,792,0.9,0.73,0.66,0.81
Sys_DiT_ref_class1000,793,0.94,0.54,0.51,0.65
Sys_DiT_ref_class1000,794,0.94,0.62,0.59,0.74
Sys_DiT_ref_class1000,795,0.43,0.4,0.19,0.34
Sys_DiT_ref_class1000,796,0.96,0.67,0.65,0.77
Sys_DiT_ref_class1000,797,0.83,0.6,0.5,0.67
Sys_DiT_ref_class1000,798,0.68,0.41,0.31,0.5
Sys_DiT_ref_class1000,799,0.93,0.64,0.61,0.75
Sys_DiT_ref_class1000,800,0.84,0.59,0.5,0.69
Sys_DiT_ref_class1000,801,0.71,0.44,0.35,0.49
Sys_DiT_ref_class1000,802,0.78,0.58,0.48,0.66
Sys_DiT_ref_class1000,803,0.67,0.43,0.37,0.52
Sys_DiT_ref_class1000,804,0.62,0.35,0.23,0.43
Sys_DiT_ref_class1000,805,0.63,0.43,0.31,0.49
Sys_DiT_ref_class1000,806,0.79,0.79,0.69,0.79
Sys_DiT_ref_class1000,807,0.7,0.54,0.41,0.6
Sys_DiT_ref_class1000,808,0.79,0.45,0.36,0.55
Sys_DiT_ref_class1000,809,0.72,0.55,0.44,0.62
Sys_DiT_ref_class1000,810,0.81,0.64,0.52,0.7
Sys_DiT_ref_class1000,811,0.54,0.62,0.32,0.49
Sys_DiT_ref_class1000,812,0.94,0.74,0.69,0.82
Sys_DiT_ref_class1000,813,0.52,0.64,0.46,0.52
Sys_DiT_ref_class1000,814,0.86,0.56,0.5,0.67
Sys_DiT_ref_class1000,815,0.77,0.64,0.54,0.69
Sys_DiT_ref_class1000,816,0.94,0.73,0.68,0.82
Sys_DiT_ref_class1000,817,0.96,0.52,0.5,0.66
Sys_DiT_ref_class1000,818,0.43,0.51,0.28,0.44
Sys_DiT_ref_class1000,819,0.73,0.3,0.22,0.42
Sys_DiT_ref_class1000,820,0.92,0.74,0.69,0.82
Sys_DiT_ref_class1000,821,0.77,0.63,0.55,0.69
Sys_DiT_ref_class1000,822,0.95,0.48,0.45,0.63
Sys_DiT_ref_class1000,823,0.52,0.51,0.29,0.49
Sys_DiT_ref_class1000,824,0.63,0.63,0.41,0.6
Sys_DiT_ref_class1000,825,0.85,0.82,0.71,0.83
Sys_DiT_ref_class1000,826,0.55,0.39,0.24,0.45
Sys_DiT_ref_class1000,827,0.76,0.47,0.38,0.57
Sys_DiT_ref_class1000,828,0.88,0.71,0.63,0.77
Sys_DiT_ref_class1000,829,0.76,0.5,0.43,0.6
Sys_DiT_ref_class1000,830,0.57,0.38,0.22,0.44
Sys_DiT_ref_class1000,831,0.88,0.62,0.55,0.73
Sys_DiT_ref_class1000,832,0.97,0.81,0.79,0.87
Sys_DiT_ref_class1000,833,0.94,0.81,0.77,0.87
Sys_DiT_ref_class1000,834,0.72,0.4,0.29,0.46
Sys_DiT_ref_class1000,835,0.85,0.72,0.62,0.77
Sys_DiT_ref_class1000,836,0.57,0.64,0.35,0.53
Sys_DiT_ref_class1000,837,0.8,0.67,0.59,0.72
Sys_DiT_ref_class1000,838,0.45,0.3,0.14,0.31
Sys_DiT_ref_class1000,839,0.44,0.59,0.25,0.46
Sys_DiT_ref_class1000,840,0.45,0.5,0.23,0.35
Sys_DiT_ref_class1000,841,0.65,0.43,0.29,0.47
Sys_DiT_ref_class1000,842,0.94,0.3,0.28,0.44
Sys_DiT_ref_class1000,843,0.69,0.53,0.38,0.58
Sys_DiT_ref_class1000,844,0.5,0.45,0.24,0.44
Sys_DiT_ref_class1000,845,0.81,0.57,0.48,0.64
Sys_DiT_ref_class1000,846,0.8,0.65,0.53,0.71
Sys_DiT_ref_class1000,847,0.87,0.6,0.54,0.71
Sys_DiT_ref_class1000,848,0.56,0.49,0.26,0.49
Sys_DiT_ref_class1000,849,0.72,0.49,0.43,0.58
Sys_DiT_ref_class1000,850,0.9,0.72,0.66,0.8
Sys_DiT_ref_class1000,851,0.83,0.5,0.43,0.62
Sys_DiT_ref_class1000,852,0.76,0.62,0.53,0.68
Sys_DiT_ref_class1000,853,0.97,0.71,0.7,0.8
Sys_DiT_ref_class1000,854,0.95,0.82,0.79,0.88
Sys_DiT_ref_class1000,855,0.94,0.59,0.56,0.71
Sys_DiT_ref_class1000,856,0.52,0.48,0.29,0.48
Sys_DiT_ref_class1000,857,0.92,0.61,0.57,0.73
Sys_DiT_ref_class1000,858,0.87,0.6,0.53,0.7
Sys_DiT_ref_class1000,859,0.66,0.37,0.27,0.47
Sys_DiT_ref_class1000,860,0.63,0.5,0.32,0.55
Sys_DiT_ref_class1000,861,0.87,0.63,0.54,0.71
Sys_DiT_ref_class1000,862,0.78,0.43,0.35,0.48
Sys_DiT_ref_class1000,863,0.88,0.74,0.66,0.8
Sys_DiT_ref_class1000,864,0.73,0.51,0.41,0.58
Sys_DiT_ref_class1000,865,0.46,0.32,0.17,0.36
Sys_DiT_ref_class1000,866,0.87,0.67,0.59,0.75
Sys_DiT_ref_class1000,867,0.69,0.36,0.27,0.46
Sys_DiT_ref_class1000,868,0.77,0.65,0.51,0.7
Sys_DiT_ref_class1000,869,0.67,0.71,0.51,0.68
Sys_DiT_ref_class1000,870,0.84,0.53,0.46,0.64
Sys_DiT_ref_class1000,871,0.9,0.59,0.53,0.7
Sys_DiT_ref_class1000,872,0.84,0.64,0.55,0.72
Sys_DiT_ref_class1000,873,0.75,0.68,0.61,0.7
Sys_DiT_ref_class1000,874,0.9,0.65,0.59,0.74
Sys_DiT_ref_class1000,875,0.67,0.67,0.41,0.56
Sys_DiT_ref_class1000,876,0.44,0.35,0.15,0.29
Sys_DiT_ref_class1000,877,0.83,0.55,0.46,0.63
Sys_DiT_ref_class1000,878,0.72,0.6,0.46,0.66
Sys_DiT_ref_class1000,879,0.76,0.54,0.44,0.62
Sys_DiT_ref_class1000,880,0.78,0.32,0.28,0.42
Sys_DiT_ref_class1000,881,0.59,0.44,0.29,0.48
Sys_DiT_ref_class1000,882,0.35,0.28,0.14,0.29
Sys_DiT_ref_class1000,883,0.86,0.7,0.6,0.77
Sys_DiT_ref_class1000,884,0.88,0.67,0.62,0.76
Sys_DiT_ref_class1000,885,0.92,0.87,0.82,0.9
Sys_DiT_ref_class1000,886,0.7,0.53,0.36,0.59
Sys_DiT_ref_class1000,887,0.77,0.34,0.27,0.47
Sys_DiT_ref_class1000,888,0.78,0.68,0.59,0.69
Sys_DiT_ref_class1000,889,0.55,0.34,0.2,0.4
Sys_DiT_ref_class1000,890,0.31,0.3,0.1,0.23
Sys_DiT_ref_class1000,891,0.77,0.5,0.39,0.58
Sys_DiT_ref_class1000,892,0.47,0.43,0.23,0.41
Sys_DiT_ref_class1000,893,0.7,0.7,0.49,0.62
Sys_DiT_ref_class1000,894,0.81,0.51,0.44,0.6
Sys_DiT_ref_class1000,895,0.83,0.71,0.62,0.76
Sys_DiT_ref_class1000,896,0.68,0.43,0.3,0.52
Sys_DiT_ref_class1000,897,0.81,0.57,0.5,0.67
Sys_DiT_ref_class1000,898,0.49,0.44,0.27,0.44
Sys_DiT_ref_class1000,899,0.92,0.57,0.52,0.67
Sys_DiT_ref_class1000,900,0.97,0.67,0.65,0.77
Sys_DiT_ref_class1000,901,0.94,0.65,0.62,0.76
Sys_DiT_ref_class1000,902,0.46,0.31,0.2,0.32
Sys_DiT_ref_class1000,903,0.53,0.41,0.27,0.46
Sys_DiT_ref_class1000,904,0.93,0.8,0.74,0.85
Sys_DiT_ref_class1000,905,0.39,0.58,0.23,0.45
Sys_DiT_ref_class1000,906,0.37,0.45,0.2,0.38
Sys_DiT_ref_class1000,907,0.76,0.46,0.36,0.55
Sys_DiT_ref_class1000,908,0.94,0.86,0.83,0.89
Sys_DiT_ref_class1000,909,0.93,0.78,0.74,0.84
Sys_DiT_ref_class1000,910,0.6,0.57,0.47,0.55
Sys_DiT_ref_class1000,911,0.65,0.65,0.4,0.53
Sys_DiT_ref_class1000,912,0.39,0.83,0.32,0.42
Sys_DiT_ref_class1000,913,0.78,0.54,0.43,0.63
Sys_DiT_ref_class1000,914,0.15,0.61,0.08,0.21
Sys_DiT_ref_class1000,915,0.95,0.77,0.72,0.85
Sys_DiT_ref_class1000,916,0.74,0.29,0.21,0.41
Sys_DiT_ref_class1000,917,0.58,0.45,0.26,0.47
Sys_DiT_ref_class1000,918,0.38,0.32,0.15,0.34
Sys_DiT_ref_class1000,919,0.35,0.23,0.08,0.27
Sys_DiT_ref_class1000,920,0.81,0.65,0.59,0.7
Sys_DiT_ref_class1000,921,0.28,0.39,0.12,0.3
Sys_DiT_ref_class1000,922,0.13,0.23,0.04,0.15
Sys_DiT_ref_class1000,923,0.81,0.7,0.59,0.74
Sys_DiT_ref_class1000,924,0.76,0.6,0.48,0.66
Sys_DiT_ref_class1000,925,0.54,0.64,0.35,0.57
Sys_DiT_ref_class1000,926,0.67,0.72,0.48,0.67
Sys_DiT_ref_class1000,927,0.94,0.77,0.72,0.84
Sys_DiT_ref_class1000,928,0.66,0.5,0.4,0.55
Sys_DiT_ref_class1000,929,0.41,0.52,0.25,0.45
Sys_DiT_ref_class1000,930,0.38,0.73,0.28,0.46
Sys_DiT_ref_class1000,931,0.92,0.75,0.7,0.82
Sys_DiT_ref_class1000,932,0.64,0.66,0.5,0.64
Sys_DiT_ref_class1000,933,0.73,0.61,0.47,0.63
Sys_DiT_ref_class1000,934,0.67,0.54,0.42,0.56
Sys_DiT_ref_class1000,935,0.7,0.72,0.56,0.7
Sys_DiT_ref_class1000,936,0.99,0.99,0.98,0.99
Sys_DiT_ref_class1000,937,0.8,0.8,0.66,0.79
Sys_DiT_ref_class1000,938,0.78,0.76,0.59,0.75
Sys_DiT_ref_class1000,939,0.93,0.71,0.67,0.79
Sys_DiT_ref_class1000,940,0.97,0.82,0.8,0.89
Sys_DiT_ref_class1000,941,0.97,0.82,0.8,0.88
Sys_DiT_ref_class1000,942,0.86,0.75,0.66,0.76
Sys_DiT_ref_class1000,943,0.93,0.72,0.68,0.81
Sys_DiT_ref_class1000,944,0.76,0.74,0.58,0.74
Sys_DiT_ref_class1000,945,0.97,0.75,0.73,0.84
Sys_DiT_ref_class1000,946,0.9,0.79,0.71,0.84
Sys_DiT_ref_class1000,947,0.8,0.66,0.54,0.72
Sys_DiT_ref_class1000,948,0.92,0.65,0.61,0.74
Sys_DiT_ref_class1000,949,0.73,0.67,0.56,0.7
Sys_DiT_ref_class1000,950,0.98,0.87,0.86,0.91
Sys_DiT_ref_class1000,951,0.58,0.6,0.44,0.59
Sys_DiT_ref_class1000,952,0.95,0.89,0.85,0.92
Sys_DiT_ref_class1000,953,0.86,0.74,0.68,0.8
Sys_DiT_ref_class1000,954,0.65,0.66,0.47,0.65
Sys_DiT_ref_class1000,955,0.9,0.78,0.7,0.81
Sys_DiT_ref_class1000,956,0.86,0.74,0.66,0.79
Sys_DiT_ref_class1000,957,0.88,0.77,0.68,0.81
Sys_DiT_ref_class1000,958,0.84,0.8,0.71,0.82
Sys_DiT_ref_class1000,959,0.86,0.65,0.58,0.74
Sys_DiT_ref_class1000,960,0.78,0.72,0.58,0.72
Sys_DiT_ref_class1000,961,0.76,0.63,0.5,0.66
Sys_DiT_ref_class1000,962,0.49,0.61,0.3,0.51
Sys_DiT_ref_class1000,963,0.94,0.76,0.73,0.84
Sys_DiT_ref_class1000,964,0.78,0.65,0.5,0.7
Sys_DiT_ref_class1000,965,0.67,0.63,0.46,0.64
Sys_DiT_ref_class1000,966,0.78,0.57,0.47,0.64
Sys_DiT_ref_class1000,967,0.66,0.7,0.49,0.62
Sys_DiT_ref_class1000,968,0.87,0.62,0.52,0.65
Sys_DiT_ref_class1000,969,0.9,0.61,0.57,0.72
Sys_DiT_ref_class1000,970,0.82,0.67,0.61,0.72
Sys_DiT_ref_class1000,971,0.9,0.68,0.61,0.77
Sys_DiT_ref_class1000,972,0.88,0.82,0.72,0.85
Sys_DiT_ref_class1000,973,0.79,0.65,0.51,0.69
Sys_DiT_ref_class1000,974,0.88,0.78,0.68,0.82
Sys_DiT_ref_class1000,975,0.6,0.51,0.33,0.53
Sys_DiT_ref_class1000,976,0.83,0.8,0.71,0.81
Sys_DiT_ref_class1000,977,0.82,0.8,0.72,0.81
Sys_DiT_ref_class1000,978,0.72,0.55,0.41,0.61
Sys_DiT_ref_class1000,979,0.66,0.89,0.6,0.71
Sys_DiT_ref_class1000,980,0.82,0.67,0.57,0.73
Sys_DiT_ref_class1000,981,0.48,0.28,0.15,0.34
Sys_DiT_ref_class1000,982,0.62,0.22,0.15,0.33
Sys_DiT_ref_class1000,983,0.81,0.52,0.41,0.59
Sys_DiT_ref_class1000,984,0.97,0.79,0.76,0.86
Sys_DiT_ref_class1000,985,0.8,0.78,0.64,0.77
Sys_DiT_ref_class1000,986,0.91,0.84,0.77,0.87
Sys_DiT_ref_class1000,987,0.53,0.55,0.29,0.51
Sys_DiT_ref_class1000,988,0.79,0.64,0.5,0.67
Sys_DiT_ref_class1000,989,0.81,0.71,0.6,0.75
Sys_DiT_ref_class1000,990,0.83,0.68,0.6,0.75
Sys_DiT_ref_class1000,991,0.93,0.89,0.83,0.9
Sys_DiT_ref_class1000,992,0.93,0.75,0.69,0.83
Sys_DiT_ref_class1000,993,0.97,0.79,0.77,0.86
Sys_DiT_ref_class1000,994,0.87,0.78,0.69,0.82
Sys_DiT_ref_class1000,995,0.96,0.7,0.67,0.8
Sys_DiT_ref_class1000,996,0.75,0.66,0.5,0.7
Sys_DiT_ref_class1000,997,0.9,0.76,0.69,0.82
Sys_DiT_ref_class1000,998,0.53,0.52,0.35,0.5
Sys_DiT_ref_class1000,999,0.49,0.44,0.33,0.45
User_DiT_1,4,1.0,0.8,0.8,0.88
User_DiT_1,7,0.92,0.68,0.62,0.76
User_DiT_1,10,0.66,0.8,0.55,0.69
User_DiT_1,25,0.93,0.76,0.73,0.83
User_DiT_1,35,0.92,0.76,0.7,0.83
User_DiT_1,39,0.95,0.76,0.73,0.84
User_DiT_1,49,1.0,0.84,0.84,0.91
User_DiT_1,51,0.8,0.8,0.76,0.78
User_DiT_1,52,0.86,0.76,0.7,0.79
User_DiT_1,64,0.72,0.72,0.52,0.71
User_DiT_1,80,0.82,0.52,0.52,0.62
User_DiT_1,97,1.0,0.88,0.88,0.93
User_DiT_1,106,0.97,0.68,0.65,0.79
User_DiT_1,116,1.0,0.88,0.88,0.93
User_DiT_1,118,0.72,0.64,0.48,0.66
User_DiT_1,129,0.77,0.64,0.5,0.69
User_DiT_1,144,0.93,0.6,0.56,0.72
User_DiT_1,147,1.0,0.8,0.8,0.88
User_DiT_1,150,0.88,0.76,0.66,0.8
User_DiT_1,156,1.0,0.64,0.64,0.77
User_DiT_1,159,0.49,0.4,0.24,0.4
User_DiT_1,281,1.0,0.44,0.44,0.61
User_DiT_1,300,0.93,0.92,0.86,0.92
User_DiT_1,322,0.94,0.8,0.77,0.86
User_DiT_1,330,0.91,0.8,0.74,0.84
User_DiT_1,333,1.0,0.52,0.52,0.67
User_DiT_1,339,0.88,0.84,0.74,0.84
User_DiT_1,347,1.0,0.8,0.8,0.87
User_DiT_1,356,0.91,0.48,0.44,0.62
User_DiT_1,365,0.85,0.76,0.64,0.78
User_DiT_1,370,0.97,0.64,0.63,0.75
User_DiT_1,389,0.4,0.44,0.17,0.39
User_DiT_1,392,0.91,0.76,0.7,0.82
User_DiT_1,394,0.95,0.56,0.55,0.68
User_DiT_1,396,0.97,0.8,0.78,0.88
User_DiT_1,400,0.98,0.4,0.39,0.54
User_DiT_1,405,0.67,0.52,0.34,0.49
User_DiT_1,406,0.93,0.72,0.65,0.79
User_DiT_1,413,0.57,0.52,0.31,0.47
User_DiT_1,415,0.83,0.48,0.4,0.6
User_DiT_1,419,0.62,0.36,0.27,0.41
User_DiT_1,421,0.74,0.56,0.43,0.63
User_DiT_1,426,0.59,0.44,0.26,0.49
User_DiT_1,429,0.8,0.96,0.76,0.78
User_DiT_1,432,0.73,0.36,0.28,0.45
User_DiT_1,443,0.62,0.68,0.46,0.56
User_DiT_1,446,0.69,0.6,0.41,0.61
User_DiT_1,453,0.68,0.44,0.33,0.51
User_DiT_1,461,0.91,0.88,0.8,0.89
User_DiT_1,477,0.36,0.56,0.2,0.34
User_DiT_1,479,0.34,0.6,0.24,0.35
User_DiT_1,481,0.48,0.48,0.3,0.45
User_DiT_1,488,0.83,0.76,0.72,0.79
User_DiT_1,499,0.8,0.6,0.44,0.56
User_DiT_1,529,0.85,0.44,0.38,0.56
User_DiT_1,535,0.85,0.56,0.48,0.66
User_DiT_1,554,0.0,0.52,0.0,0.0
User_DiT_1,567,0.95,0.56,0.53,0.7
User_DiT_1,575,0.83,0.36,0.3,0.48
User_DiT_1,585,0.37,0.36,0.18,0.25
User_DiT_1,590,0.83,0.6,0.51,0.69
User_DiT_1,605,0.54,0.4,0.28,0.41
User_DiT_1,606,0.57,0.56,0.34,0.46
User_DiT_1,626,0.66,0.56,0.39,0.57
User_DiT_1,632,0.75,0.48,0.36,0.55
User_DiT_1,633,0.81,0.64,0.51,0.67
User_DiT_1,634,0.21,0.56,0.12,0.22
User_DiT_1,645,0.91,0.52,0.47,0.65
User_DiT_1,654,0.75,0.6,0.46,0.57
User_DiT_1,679,0.49,0.56,0.28,0.49
User_DiT_1,687,1.0,0.92,0.92,0.96
User_DiT_1,730,0.84,0.6,0.52,0.68
User_DiT_1,743,0.53,0.64,0.41,0.48
User_DiT_1,746,0.53,0.4,0.22,0.4
User_DiT_1,755,0.68,0.72,0.57,0.67
User_DiT_1,756,0.85,0.56,0.47,0.66
User_DiT_1,806,1.0,0.92,0.92,0.96
User_DiT_1,810,0.72,0.64,0.47,0.67
User_DiT_1,819,0.78,0.52,0.42,0.6
User_DiT_1,836,0.12,0.44,0.06,0.15
User_DiT_1,903,0.66,0.76,0.5,0.62
User_DiT_1,917,0.65,0.4,0.26,0.42
User_DiT_1,919,0.42,0.24,0.1,0.29
User_DiT_1,920,0.78,0.56,0.44,0.63
User_DiT_1,922,0.34,0.2,0.07,0.21
User_DiT_1,928,0.71,0.68,0.48,0.6
User_DiT_1,931,0.88,0.68,0.6,0.73
User_DiT_1,943,0.86,0.76,0.68,0.8
User_DiT_1,952,0.97,0.92,0.89,0.93
User_DiT_1,960,0.94,0.68,0.66,0.79
User_DiT_1,962,0.98,0.72,0.71,0.82
User_DiT_1,968,0.91,0.64,0.61,0.74
User_DiT_1,971,0.87,0.48,0.42,0.59
User_DiT_1,972,0.72,0.6,0.45,0.58
User_DiT_1,981,0.71,0.36,0.25,0.46
User_DiT_1,982,0.45,0.32,0.14,0.31
User_DiT_1,983,0.98,0.64,0.62,0.77
User_DiT_1,985,0.72,0.76,0.58,0.67
User_DiT_1,991,0.98,0.88,0.86,0.92
User_DiT_1,999,0.82,0.52,0.45,0.6
User_DiT_2,4,1.0,0.76,0.76,0.86
User_DiT_2,7,0.92,0.72,0.67,0.79
User_DiT_2,10,0.82,0.8,0.65,0.79
User_DiT_2,25,0.97,0.76,0.74,0.85
User_DiT_2,35,0.84,0.72,0.62,0.77
User_DiT_2,39,0.87,0.56,0.49,0.67
User_DiT_2,49,0.98,0.84,0.82,0.9
User_DiT_2,51,0.8,0.76,0.72,0.76
User_DiT_2,52,0.8,0.76,0.66,0.75
User_DiT_2,64,0.79,0.68,0.58,0.7
User_DiT_2,80,0.91,0.56,0.5,0.67
User_DiT_2,97,1.0,0.92,0.92,0.95
User_DiT_2,106,1.0,0.72,0.72,0.83
User_DiT_2,116,1.0,0.8,0.8,0.88
User_DiT_2,118,0.79,0.52,0.43,0.61
User_DiT_2,129,0.71,0.56,0.41,0.62
User_DiT_2,144,0.93,0.56,0.52,0.69
User_DiT_2,147,1.0,0.76,0.76,0.86
User_DiT_2,150,0.88,0.56,0.48,0.65
User_DiT_2,156,1.0,0.64,0.64,0.77
User_DiT_2,159,0.49,0.48,0.31,0.45
User_DiT_2,281,0.97,0.56,0.55,0.7
User_DiT_2,300,0.95,0.8,0.76,0.85
User_DiT_2,322,0.89,0.72,0.67,0.78
User_DiT_2,330,0.88,0.8,0.73,0.83
User_DiT_2,333,0.97,0.56,0.55,0.68
User_DiT_2,339,0.95,0.72,0.68,0.8
User_DiT_2,347,1.0,0.68,0.68,0.79
User_DiT_2,356,0.94,0.44,0.41,0.59
User_DiT_2,365,0.85,0.68,0.55,0.72
User_DiT_2,370,0.97,0.6,0.59,0.71
User_DiT_2,389,0.36,0.56,0.19,0.41
User_DiT_2,392,0.91,0.72,0.67,0.8
User_DiT_2,394,1.0,0.52,0.52,0.66
User_DiT_2,396,1.0,0.8,0.8,0.89
User_DiT_2,400,0.8,0.36,0.2,0.31
User_DiT_2,405,0.76,0.6,0.51,0.66
User_DiT_2,406,1.0,0.76,0.76,0.86
User_DiT_2,413,0.68,0.48,0.39,0.52
User_DiT_2,415,0.63,0.52,0.35,0.55
User_DiT_2,419,0.95,0.6,0.56,0.69
User_DiT_2,421,0.78,0.44,0.35,0.55
User_DiT_2,426,0.61,0.4,0.26,0.47
User_DiT_2,429,0.8,0.8,0.6,0.67
User_DiT_2,432,0.77,0.4,0.34,0.51
User_DiT_2,443,0.8,0.76,0.67,0.77
User_DiT_2,446,0.74,0.48,0.32,0.5
User_DiT_2,453,0.58,0.52,0.37,0.54
User_DiT_2,461,0.87,0.84,0.73,0.85
User_DiT_2,477,0.41,0.48,0.21,0.37
User_DiT_2,479,0.41,0.48,0.22,0.34
User_DiT_2,481,0.47,0.44,0.27,0.42
User_DiT_2,488,0.95,0.8,0.76,0.86
User_DiT_2,499,0.94,0.6,0.55,0.71
User_DiT_2,529,0.85,0.44,0.37,0.55
User_DiT_2,535,0.79,0.56,0.44,0.65
User_DiT_2,554,0.0,0.48,0.0,0.0
User_DiT_2,567,0.88,0.6,0.55,0.71
User_DiT_2,575,0.83,0.4,0.33,0.53
User_DiT_2,585,0.57,0.36,0.27,0.37
User_DiT_2,590,0.86,0.6,0.52,0.69
User_DiT_2,605,0.49,0.4,0.24,0.37
User_DiT_2,606,0.46,0.44,0.22,0.4
User_DiT_2,626,0.65,0.6,0.43,0.59
User_DiT_2,632,0.64,0.52,0.36,0.51
User_DiT_2,633,0.76,0.64,0.51,0.68
User_DiT_2,634,0.22,0.48,0.14,0.23
User_DiT_2,645,0.98,0.48,0.47,0.64
User_DiT_2,654,1.0,0.6,0.6,0.73
User_DiT_2,679,0.54,0.56,0.31,0.52
User_DiT_2,687,1.0,0.8,0.8,0.88
User_DiT_2,730,0.89,0.6,0.54,0.7
User_DiT_2,743,0.68,0.76,0.57,0.66
User_DiT_2,746,0.53,0.44,0.22,0.41
User_DiT_2,755,0.98,0.68,0.66,0.75
User_DiT_2,756,0.85,0.64,0.55,0.72
User_DiT_2,806,0.8,0.88,0.76,0.78
User_DiT_2,810,0.67,0.6,0.4,0.62
User_DiT_2,819,0.81,0.44,0.36,0.55
User_DiT_2,836,0.12,0.32,0.03,0.13
User_DiT_2,903,0.71,0.72,0.55,0.71
User_DiT_2,917,0.77,0.4,0.31,0.51
User_DiT_2,919,0.42,0.28,0.12,0.32
User_DiT_2,920,0.61,0.52,0.31,0.54
User_DiT_2,922,0.11,0.2,0.02,0.08
User_DiT_2,928,0.64,0.68,0.43,0.57
User_DiT_2,931,0.95,0.68,0.66,0.77
User_DiT_2,943,0.86,0.68,0.6,0.75
User_DiT_2,952,0.96,0.92,0.88,0.93
User_DiT_2,960,0.94,0.68,0.66,0.79
User_DiT_2,962,0.98,0.76,0.75,0.85
User_DiT_2,968,0.89,0.76,0.67,0.79
User_DiT_2,971,0.7,0.52,0.42,0.55
User_DiT_2,972,0.71,0.56,0.43,0.57
User_DiT_2,981,0.83,0.36,0.3,0.5
User_DiT_2,982,0.5,0.32,0.18,0.35
User_DiT_2,983,0.98,0.64,0.63,0.77
User_DiT_2,985,0.72,0.76,0.58,0.67
User_DiT_2,991,0.94,0.88,0.82,0.9
User_DiT_2,999,0.82,0.52,0.45,0.6
User_DiT_3,4,0.98,0.8,0.79,0.88
User_DiT_3,7,0.92,0.76,0.7,0.83
User_DiT_3,10,0.65,0.72,0.51,0.65
User_DiT_3,25,0.9,0.72,0.65,0.78
User_DiT_3,35,0.88,0.8,0.7,0.83
User_DiT_3,39,0.9,0.6,0.56,0.71
User_DiT_3,49,0.98,0.8,0.78,0.87
User_DiT_3,51,0.8,0.84,0.8,0.8
User_DiT_3,52,0.82,0.8,0.68,0.79
User_DiT_3,64,0.84,0.68,0.57,0.73
User_DiT_3,80,0.62,0.48,0.36,0.47
User_DiT_3,97,1.0,0.88,0.88,0.93
User_DiT_3,106,0.97,0.68,0.65,0.78
User_DiT_3,116,1.0,0.84,0.84,0.91
User_DiT_3,118,0.73,0.68,0.54,0.7
User_DiT_3,129,0.77,0.64,0.5,0.69
User_DiT_3,144,0.93,0.52,0.49,0.66
User_DiT_3,147,1.0,0.76,0.76,0.85
User_DiT_3,150,0.88,0.68,0.59,0.74
User_DiT_3,156,1.0,0.64,0.64,0.77
User_DiT_3,159,0.44,0.36,0.19,0.34
User_DiT_3,281,0.97,0.64,0.63,0.76
User_DiT_3,300,0.93,0.96,0.89,0.94
User_DiT_3,322,0.97,0.84,0.83,0.89
User_DiT_3,330,0.91,0.8,0.74,0.84
User_DiT_3,333,0.97,0.6,0.59,0.73
User_DiT_3,339,0.85,0.88,0.75,0.85
User_DiT_3,347,1.0,0.8,0.8,0.88
User_DiT_3,356,0.94,0.48,0.46,0.62
User_DiT_3,365,0.86,0.64,0.54,0.7
User_DiT_3,370,1.0,0.52,0.52,0.66
User_DiT_3,389,0.36,0.52,0.19,0.42
User_DiT_3,392,0.94,0.72,0.68,0.81
User_DiT_3,394,0.88,0.52,0.48,0.64
User_DiT_3,396,1.0,0.88,0.88,0.93
User_DiT_3,400,0.96,0.32,0.31,0.46
User_DiT_3,405,0.68,0.6,0.43,0.62
User_DiT_3,406,1.0,0.72,0.72,0.83
User_DiT_3,413,0.7,0.52,0.38,0.54
User_DiT_3,415,0.84,0.44,0.37,0.57
User_DiT_3,419,0.8,0.56,0.48,0.58
User_DiT_3,421,0.73,0.52,0.4,0.55
User_DiT_3,426,0.6,0.4,0.25,0.47
User_DiT_3,429,0.8,0.88,0.68,0.73
User_DiT_3,432,0.81,0.44,0.37,0.56
User_DiT_3,443,0.8,0.64,0.56,0.7
User_DiT_3,446,0.82,0.6,0.46,0.63
User_DiT_3,453,0.55,0.44,0.26,0.45
User_DiT_3,461,0.93,0.92,0.86,0.92
User_DiT_3,477,0.39,0.4,0.17,0.31
User_DiT_3,479,0.36,0.52,0.18,0.31
User_DiT_3,481,0.43,0.48,0.29,0.43
User_DiT_3,488,0.83,0.72,0.67,0.77
User_DiT_3,499,0.8,0.52,0.44,0.56
User_DiT_3,529,0.81,0.4,0.33,0.51
User_DiT_3,535,0.79,0.6,0.47,0.67
User_DiT_3,554,0.0,0.64,0.0,0.0
User_DiT_3,567,0.94,0.64,0.61,0.76
User_DiT_3,575,0.69,0.4,0.28,0.42
User_DiT_3,585,0.47,0.4,0.24,0.36
User_DiT_3,590,0.86,0.56,0.48,0.67
User_DiT_3,605,0.55,0.48,0.34,0.48
User_DiT_3,606,0.57,0.56,0.34,0.46
User_DiT_3,626,0.77,0.6,0.5,0.65
User_DiT_3,632,0.64,0.56,0.39,0.54
User_DiT_3,633,0.76,0.68,0.53,0.71
User_DiT_3,634,0.23,0.52,0.14,0.26
User_DiT_3,645,0.75,0.44,0.34,0.48
User_DiT_3,654,0.95,0.68,0.65,0.77
User_DiT_3,679,0.56,0.64,0.35,0.58
User_DiT_3,687,1.0,0.8,0.8,0.88
User_DiT_3,730,0.8,0.52,0.44,0.6
User_DiT_3,743,0.53,0.72,0.41,0.48
User_DiT_3,746,0.7,0.6,0.43,0.62
User_DiT_3,755,0.82,0.56,0.52,0.64
User_DiT_3,756,0.9,0.6,0.54,0.71
User_DiT_3,806,0.98,0.92,0.9,0.94
User_DiT_3,810,0.7,0.68,0.49,0.69
User_DiT_3,819,0.78,0.52,0.42,0.6
User_DiT_3,836,0.06,0.4,0.01,0.03
User_DiT_3,903,0.57,0.68,0.4,0.51
User_DiT_3,917,0.79,0.48,0.38,0.59
User_DiT_3,919,0.42,0.2,0.08,0.26
User_DiT_3,920,0.8,0.56,0.47,0.65
User_DiT_3,922,0.18,0.2,0.04,0.11
User_DiT_3,928,0.62,0.68,0.41,0.56
User_DiT_3,931,0.93,0.72,0.67,0.78
User_DiT_3,943,0.86,0.68,0.6,0.75
User_DiT_3,952,0.97,0.88,0.85,0.92
User_DiT_3,960,1.0,0.56,0.56,0.69
User_DiT_3,962,0.98,0.72,0.71,0.82
User_DiT_3,968,0.86,0.76,0.67,0.79
User_DiT_3,971,0.7,0.64,0.49,0.61
User_DiT_3,972,0.77,0.48,0.4,0.56
User_DiT_3,981,0.68,0.36,0.26,0.46
User_DiT_3,982,0.45,0.36,0.17,0.34
User_DiT_3,983,0.98,0.56,0.55,0.7
User_DiT_3,985,0.72,0.8,0.62,0.69
User_DiT_3,991,0.96,0.88,0.84,0.91
User_DiT_3,999,1.0,0.6,0.6,0.74
