image_id,source,alignment_score,authenticity_score,class_id
0,User_DiT_1,5.0,4.0,4
0,User_DiT_2,5.0,4.0,4
0,User_DiT_3,5.0,5.0,4
0,Sys_DiT_noref_1,4.85,2.15,4
0,Sys_DiT_noref_2,4.65,3.85,4
0,Sys_DiT_noref_3,4.85,4.72,4
1,User_DiT_1,5.0,4.0,4
1,User_DiT_2,5.0,3.0,4
1,User_DiT_3,5.0,4.0,4
1,Sys_DiT_noref_1,4.85,3.2,4
1,Sys_DiT_noref_2,4.85,4.2,4
1,Sys_DiT_noref_3,4.12,2.85,4
2,User_DiT_1,5.0,5.0,4
2,User_DiT_2,5.0,4.0,4
2,User_DiT_3,5.0,4.0,4
2,Sys_DiT_noref_1,4.68,3.85,4
2,Sys_DiT_noref_2,4.65,3.85,4
2,Sys_DiT_noref_3,4.85,4.62,4
3,User_DiT_1,5.0,4.0,4
3,User_DiT_2,5.0,4.0,4
3,User_DiT_3,5.0,4.0,4
3,Sys_DiT_noref_1,4.85,4.72,4
3,Sys_DiT_noref_2,4.85,3.2,4
3,Sys_DiT_noref_3,4.12,3.85,4
4,User_DiT_1,5.0,3.0,4
4,User_DiT_2,5.0,4.0,4
4,User_DiT_3,4.38,3.0,4
4,Sys_DiT_noref_1,4.68,3.85,4
4,Sys_DiT_noref_2,4.65,3.85,4
4,Sys_DiT_noref_3,4.65,3.85,4
5,User_DiT_1,4.44,4.0,7
5,User_DiT_2,4.38,2.0,7
5,User_DiT_3,4.38,4.0,7
5,Sys_DiT_noref_1,4.65,3.85,7
5,Sys_DiT_noref_2,4.62,3.85,7
5,Sys_DiT_noref_3,4.65,3.85,7
6,User_DiT_1,5.0,2.0,7
6,User_DiT_2,5.0,5.0,7
6,User_DiT_3,5.0,5.0,7
6,Sys_DiT_noref_1,4.85,3.2,7
6,Sys_DiT_noref_2,4.12,3.65,7
6,Sys_DiT_noref_3,4.92,4.65,7
7,User_DiT_1,4.44,4.0,7
7,User_DiT_2,4.44,4.0,7
7,User_DiT_3,4.44,4.0,7
7,Sys_DiT_noref_1,4.65,3.85,7
7,Sys_DiT_noref_2,4.12,3.85,7
7,Sys_DiT_noref_3,4.65,3.85,7
8,User_DiT_1,4.17,4.0,7
8,User_DiT_2,4.17,4.0,7
8,User_DiT_3,4.17,3.0,7
8,Sys_DiT_noref_1,4.85,3.2,7
8,Sys_DiT_noref_2,4.85,3.72,7
8,Sys_DiT_noref_3,4.85,4.62,7
9,User_DiT_1,5.0,3.0,7
9,User_DiT_2,5.0,3.0,7
9,User_DiT_3,5.0,3.0,7
9,Sys_DiT_noref_1,4.62,3.15,7
9,Sys_DiT_noref_2,4.62,3.85,7
9,Sys_DiT_noref_3,4.62,3.85,7
10,User_DiT_1,3.89,4.0,10
10,User_DiT_2,3.89,4.0,10
10,User_DiT_3,3.89,4.0,10
10,Sys_DiT_noref_1,4.85,3.72,10
10,Sys_DiT_noref_2,2.85,3.4,10
10,Sys_DiT_noref_3,4.85,3.92,10
11,User_DiT_1,4.0,5.0,10
11,User_DiT_2,4.0,5.0,10
11,User_DiT_3,4.0,5.0,10
11,Sys_DiT_noref_1,4.92,4.98,10
11,Sys_DiT_noref_2,4.92,4.98,10
11,Sys_DiT_noref_3,4.85,3.2,10
12,User_DiT_1,0.56,3.0,10
12,User_DiT_2,3.57,3.0,10
12,User_DiT_3,0.56,2.0,10
12,Sys_DiT_noref_1,3.82,1.47,10
12,Sys_DiT_noref_2,3.42,2.85,10
12,Sys_DiT_noref_3,4.72,4.15,10
13,User_DiT_1,4.0,3.0,10
13,User_DiT_2,5.0,3.0,10
13,User_DiT_3,4.0,2.0,10
13,Sys_DiT_noref_1,4.85,3.65,10
13,Sys_DiT_noref_2,4.65,3.85,10
13,Sys_DiT_noref_3,4.85,4.9,10
14,User_DiT_1,4.0,5.0,10
14,User_DiT_2,4.0,5.0,10
14,User_DiT_3,3.89,5.0,10
14,Sys_DiT_noref_1,5.0,5.0,10
14,Sys_DiT_noref_2,4.95,4.98,10
14,Sys_DiT_noref_3,5.0,5.0,10
15,User_DiT_1,5.0,4.0,25
15,User_DiT_2,5.0,5.0,25
15,User_DiT_3,5.0,2.0,25
15,Sys_DiT_noref_1,4.65,3.85,25
15,Sys_DiT_noref_2,4.85,4.72,25
15,Sys_DiT_noref_3,4.65,4.12,25
16,User_DiT_1,5.0,5.0,25
16,User_DiT_2,5.0,4.0,25
16,User_DiT_3,5.0,5.0,25
16,Sys_DiT_noref_1,4.85,4.12,25
16,Sys_DiT_noref_2,4.92,4.98,25
16,Sys_DiT_noref_3,4.85,4.92,25
17,User_DiT_1,5.0,4.0,25
17,User_DiT_2,5.0,3.0,25
17,User_DiT_3,4.17,4.0,25
17,Sys_DiT_noref_1,3.65,2.85,25
17,Sys_DiT_noref_2,4.12,2.65,25
17,Sys_DiT_noref_3,4.12,3.85,25
18,User_DiT_1,5.0,4.0,25
18,User_DiT_2,5.0,4.0,25
18,User_DiT_3,5.0,4.0,25
18,Sys_DiT_noref_1,4.85,3.65,25
18,Sys_DiT_noref_2,4.15,3.85,25
18,Sys_DiT_noref_3,4.12,2.85,25
19,User_DiT_1,3.33,2.0,25
19,User_DiT_2,4.29,3.0,25
19,User_DiT_3,3.33,3.0,25
19,Sys_DiT_noref_1,4.65,4.2,25
19,Sys_DiT_noref_2,4.12,3.85,25
19,Sys_DiT_noref_3,4.35,3.85,25
20,User_DiT_1,5.0,4.0,35
20,User_DiT_2,5.0,4.0,35
20,User_DiT_3,5.0,4.0,35
20,Sys_DiT_noref_1,4.85,3.92,35
20,Sys_DiT_noref_2,4.85,4.92,35
20,Sys_DiT_noref_3,4.85,3.72,35
21,User_DiT_1,4.0,4.0,35
21,User_DiT_2,3.0,3.0,35
21,User_DiT_3,4.0,3.0,35
21,Sys_DiT_noref_1,3.42,3.85,35
21,Sys_DiT_noref_2,3.42,2.85,35
21,Sys_DiT_noref_3,3.42,2.18,35
22,User_DiT_1,5.0,4.0,35
22,User_DiT_2,4.0,4.0,35
22,User_DiT_3,4.0,5.0,35
22,Sys_DiT_noref_1,4.12,3.85,35
22,Sys_DiT_noref_2,4.72,4.15,35
22,Sys_DiT_noref_3,4.65,4.12,35
23,User_DiT_1,5.0,4.0,35
23,User_DiT_2,5.0,4.0,35
23,User_DiT_3,5.0,4.0,35
23,Sys_DiT_noref_1,3.42,2.15,35
23,Sys_DiT_noref_2,3.65,2.85,35
23,Sys_DiT_noref_3,4.12,3.85,35
24,User_DiT_1,4.0,3.0,35
24,User_DiT_2,4.0,3.0,35
24,User_DiT_3,4.0,4.0,35
24,Sys_DiT_noref_1,4.65,3.85,35
24,Sys_DiT_noref_2,3.15,3.85,35
24,Sys_DiT_noref_3,4.65,3.85,35
25,User_DiT_1,5.0,4.0,39
25,User_DiT_2,5.0,3.0,39
25,User_DiT_3,5.0,4.0,39
25,Sys_DiT_noref_1,4.85,4.92,39
25,Sys_DiT_noref_2,4.72,3.85,39
25,Sys_DiT_noref_3,4.85,4.92,39
26,User_DiT_1,3.75,3.0,39
26,User_DiT_2,3.89,2.0,39
26,User_DiT_3,3.89,2.0,39
26,Sys_DiT_noref_1,2.15,2.85,39
26,Sys_DiT_noref_2,2.15,2.85,39
26,Sys_DiT_noref_3,3.42,2.85,39
27,User_DiT_1,5.0,5.0,39
27,User_DiT_2,3.57,3.0,39
27,User_DiT_3,3.57,2.0,39
27,Sys_DiT_noref_1,3.85,4.62,39
27,Sys_DiT_noref_2,4.12,4.65,39
27,Sys_DiT_noref_3,3.45,2.85,39
28,User_DiT_1,5.0,3.0,39
28,User_DiT_2,4.17,2.0,39
28,User_DiT_3,5.0,3.0,39
28,Sys_DiT_noref_1,2.85,4.2,39
28,Sys_DiT_noref_2,3.85,4.92,39
28,Sys_DiT_noref_3,3.42,4.15,39
29,User_DiT_1,5.0,4.0,39
29,User_DiT_2,5.0,4.0,39
29,User_DiT_3,5.0,4.0,39
29,Sys_DiT_noref_1,4.62,4.91,39
29,Sys_DiT_noref_2,3.42,2.85,39
29,Sys_DiT_noref_3,2.15,4.92,39
30,User_DiT_1,5.0,4.0,49
30,User_DiT_2,5.0,4.0,49
30,User_DiT_3,5.0,4.0,49
30,Sys_DiT_noref_1,4.85,3.6,49
30,Sys_DiT_noref_2,4.85,3.92,49
30,Sys_DiT_noref_3,4.85,4.9,49
31,User_DiT_1,5.0,5.0,49
31,User_DiT_2,5.0,5.0,49
31,User_DiT_3,5.0,5.0,49
31,Sys_DiT_noref_1,4.85,4.2,49
31,Sys_DiT_noref_2,4.92,4.98,49
31,Sys_DiT_noref_3,4.85,4.92,49
32,User_DiT_1,5.0,5.0,49
32,User_DiT_2,5.0,5.0,49
32,User_DiT_3,5.0,4.0,49
32,Sys_DiT_noref_1,4.85,4.62,49
32,Sys_DiT_noref_2,4.65,3.85,49
32,Sys_DiT_noref_3,4.15,3.85,49
33,User_DiT_1,5.0,3.0,49
33,User_DiT_2,5.0,3.0,49
33,User_DiT_3,5.0,3.0,49
33,Sys_DiT_noref_1,1.85,2.4,49
33,Sys_DiT_noref_2,1.85,3.2,49
33,Sys_DiT_noref_3,2.15,3.8,49
34,User_DiT_1,5.0,4.0,49
34,User_DiT_2,4.38,4.0,49
34,User_DiT_3,4.38,4.0,49
34,Sys_DiT_noref_1,2.85,3.1,49
34,Sys_DiT_noref_2,3.42,2.85,49
34,Sys_DiT_noref_3,3.42,2.15,49
35,User_DiT_1,5.0,5.0,51
35,User_DiT_2,5.0,5.0,51
35,User_DiT_3,5.0,5.0,51
35,Sys_DiT_noref_1,4.92,4.98,51
35,Sys_DiT_noref_2,5.0,5.0,51
35,Sys_DiT_noref_3,4.92,4.98,51
36,User_DiT_1,0.0,1.0,51
36,User_DiT_2,0.0,1.0,51
36,User_DiT_3,0.0,1.0,51
36,Sys_DiT_noref_1,0.15,0.85,51
36,Sys_DiT_noref_2,0.15,0.85,51
36,Sys_DiT_noref_3,1.85,2.4,51
37,User_DiT_1,5.0,4.0,51
37,User_DiT_2,5.0,4.0,51
37,User_DiT_3,5.0,5.0,51
37,Sys_DiT_noref_1,4.85,3.15,51
37,Sys_DiT_noref_2,4.15,4.85,51
37,Sys_DiT_noref_3,5.0,5.0,51
38,User_DiT_1,5.0,5.0,51
38,User_DiT_2,5.0,5.0,51
38,User_DiT_3,5.0,5.0,51
38,Sys_DiT_noref_1,4.92,4.85,51
38,Sys_DiT_noref_2,4.92,4.95,51
38,Sys_DiT_noref_3,4.25,5.0,51
39,User_DiT_1,5.0,5.0,51
39,User_DiT_2,5.0,4.0,51
39,User_DiT_3,5.0,5.0,51
39,Sys_DiT_noref_1,4.92,4.85,51
39,Sys_DiT_noref_2,4.85,3.75,51
39,Sys_DiT_noref_3,4.85,3.75,51
40,User_DiT_1,5.0,5.0,52
40,User_DiT_2,5.0,4.0,52
40,User_DiT_3,5.0,4.0,52
40,Sys_DiT_noref_1,4.35,4.82,52
40,Sys_DiT_noref_2,4.35,4.12,52
40,Sys_DiT_noref_3,4.35,3.85,52
41,User_DiT_1,5.0,4.0,52
41,User_DiT_2,4.17,5.0,52
41,User_DiT_3,4.17,5.0,52
41,Sys_DiT_noref_1,4.65,3.85,52
41,Sys_DiT_noref_2,4.85,3.6,52
41,Sys_DiT_noref_3,4.65,4.85,52
42,User_DiT_1,5.0,5.0,52
42,User_DiT_2,5.0,5.0,52
42,User_DiT_3,5.0,5.0,52
42,Sys_DiT_noref_1,4.72,3.85,52
42,Sys_DiT_noref_2,4.98,5.0,52
42,Sys_DiT_noref_3,4.92,4.95,52
43,User_DiT_1,5.0,3.0,52
43,User_DiT_2,5.0,3.0,52
43,User_DiT_3,5.0,3.0,52
43,Sys_DiT_noref_1,2.85,1.2,52
43,Sys_DiT_noref_2,4.85,3.6,52
43,Sys_DiT_noref_3,4.65,2.85,52
44,User_DiT_1,1.43,2.0,52
44,User_DiT_2,0.71,2.0,52
44,User_DiT_3,1.43,3.0,52
44,Sys_DiT_noref_1,1.24,1.85,52
44,Sys_DiT_noref_2,1.15,0.85,52
44,Sys_DiT_noref_3,1.42,3.65,52
45,User_DiT_1,4.29,4.0,64
45,User_DiT_2,5.0,5.0,64
45,User_DiT_3,5.0,4.0,64
45,Sys_DiT_noref_1,4.85,4.92,64
45,Sys_DiT_noref_2,4.85,4.2,64
45,Sys_DiT_noref_3,4.85,4.92,64
46,User_DiT_1,2.86,3.0,64
46,User_DiT_2,4.29,2.0,64
46,User_DiT_3,4.29,2.0,64
46,Sys_DiT_noref_1,3.42,2.15,64
46,Sys_DiT_noref_2,2.85,1.65,64
46,Sys_DiT_noref_3,3.45,1.82,64
47,User_DiT_1,4.29,3.0,64
47,User_DiT_2,5.0,5.0,64
47,User_DiT_3,4.29,3.0,64
47,Sys_DiT_noref_1,4.62,3.85,64
47,Sys_DiT_noref_2,4.85,4.92,64
47,Sys_DiT_noref_3,3.45,1.85,64
48,User_DiT_1,3.75,4.0,64
48,User_DiT_2,2.5,1.0,64
48,User_DiT_3,2.5,4.0,64
48,Sys_DiT_noref_1,2.15,3.8,64
48,Sys_DiT_noref_2,1.85,4.2,64
48,Sys_DiT_noref_3,2.85,3.1,64
49,User_DiT_1,2.86,4.0,64
49,User_DiT_2,2.86,4.0,64
49,User_DiT_3,5.0,4.0,64
49,Sys_DiT_noref_1,2.85,3.65,64
49,Sys_DiT_noref_2,2.15,3.85,64
49,Sys_DiT_noref_3,2.85,1.65,64
50,User_DiT_1,5.0,3.0,80
50,User_DiT_2,5.0,2.0,80
50,User_DiT_3,5.0,3.0,80
50,Sys_DiT_noref_1,4.25,2.85,80
50,Sys_DiT_noref_2,4.65,3.82,80
50,Sys_DiT_noref_3,4.65,3.82,80
51,User_DiT_1,5.0,2.0,80
51,User_DiT_2,5.0,3.0,80
51,User_DiT_3,5.0,2.0,80
51,Sys_DiT_noref_1,4.85,3.65,80
51,Sys_DiT_noref_2,4.65,2.85,80
51,Sys_DiT_noref_3,4.65,2.85,80
52,User_DiT_1,0.62,0.0,80
52,User_DiT_2,4.29,2.0,80
52,User_DiT_3,0.62,1.0,80
52,Sys_DiT_noref_1,4.12,2.85,80
52,Sys_DiT_noref_2,4.12,2.85,80
52,Sys_DiT_noref_3,2.85,1.25,80
53,User_DiT_1,5.0,4.0,80
53,User_DiT_2,5.0,3.0,80
53,User_DiT_3,5.0,4.0,80
53,Sys_DiT_noref_1,4.85,3.2,80
53,Sys_DiT_noref_2,4.85,3.75,80
53,Sys_DiT_noref_3,4.65,3.82,80
54,User_DiT_1,5.0,4.0,80
54,User_DiT_2,3.57,4.0,80
54,User_DiT_3,0.0,2.0,80
54,Sys_DiT_noref_1,4.65,3.85,80
54,Sys_DiT_noref_2,4.65,3.85,80
54,Sys_DiT_noref_3,4.65,3.85,80
55,User_DiT_1,5.0,5.0,97
55,User_DiT_2,5.0,5.0,97
55,User_DiT_3,5.0,4.0,97
55,Sys_DiT_noref_1,4.92,5.0,97
55,Sys_DiT_noref_2,4.92,5.0,97
55,Sys_DiT_noref_3,5.0,5.0,97
56,User_DiT_1,5.0,5.0,97
56,User_DiT_2,5.0,5.0,97
56,User_DiT_3,5.0,5.0,97
56,Sys_DiT_noref_1,4.95,5.0,97
56,Sys_DiT_noref_2,4.85,4.92,97
56,Sys_DiT_noref_3,4.98,4.99,97
57,User_DiT_1,5.0,3.0,97
57,User_DiT_2,5.0,3.0,97
57,User_DiT_3,5.0,4.0,97
57,Sys_DiT_noref_1,4.72,3.85,97
57,Sys_DiT_noref_2,4.15,2.85,97
57,Sys_DiT_noref_3,4.12,2.85,97
58,User_DiT_1,5.0,4.0,97
58,User_DiT_2,5.0,5.0,97
58,User_DiT_3,5.0,4.0,97
58,Sys_DiT_noref_1,4.92,5.0,97
58,Sys_DiT_noref_2,4.92,4.98,97
58,Sys_DiT_noref_3,4.72,4.85,97
59,User_DiT_1,5.0,5.0,97
59,User_DiT_2,5.0,5.0,97
59,User_DiT_3,5.0,5.0,97
59,Sys_DiT_noref_1,4.98,5.0,97
59,Sys_DiT_noref_2,4.85,4.92,97
59,Sys_DiT_noref_3,4.85,3.65,97
60,User_DiT_1,5.0,4.0,106
60,User_DiT_2,5.0,4.0,106
60,User_DiT_3,5.0,2.0,106
60,Sys_DiT_noref_1,4.65,3.85,106
60,Sys_DiT_noref_2,4.65,3.85,106
60,Sys_DiT_noref_3,4.85,4.2,106
61,User_DiT_1,5.0,3.0,106
61,User_DiT_2,5.0,4.0,106
61,User_DiT_3,5.0,4.0,106
61,Sys_DiT_noref_1,4.65,2.85,106
61,Sys_DiT_noref_2,4.65,3.2,106
61,Sys_DiT_noref_3,4.85,3.7,106
62,User_DiT_1,5.0,3.0,106
62,User_DiT_2,5.0,4.0,106
62,User_DiT_3,5.0,3.0,106
62,Sys_DiT_noref_1,4.85,3.92,106
62,Sys_DiT_noref_2,4.35,3.82,106
62,Sys_DiT_noref_3,4.65,3.85,106
63,User_DiT_1,4.17,4.0,106
63,User_DiT_2,5.0,3.0,106
63,User_DiT_3,4.17,4.0,106
63,Sys_DiT_noref_1,2.85,3.6,106
63,Sys_DiT_noref_2,3.85,4.12,106
63,Sys_DiT_noref_3,3.85,2.15,106
64,User_DiT_1,5.0,3.0,106
64,User_DiT_2,5.0,3.0,106
64,User_DiT_3,5.0,4.0,106
64,Sys_DiT_noref_1,4.65,3.85,106
64,Sys_DiT_noref_2,4.12,3.15,106
64,Sys_DiT_noref_3,4.85,4.9,106
65,User_DiT_1,5.0,4.0,116
65,User_DiT_2,5.0,4.0,116
65,User_DiT_3,5.0,4.0,116
65,Sys_DiT_noref_1,2.85,3.12,116
65,Sys_DiT_noref_2,3.85,4.12,116
65,Sys_DiT_noref_3,2.85,2.1,116
66,User_DiT_1,5.0,5.0,116
66,User_DiT_2,5.0,5.0,116
66,User_DiT_3,5.0,5.0,116
66,Sys_DiT_noref_1,4.98,4.95,116
66,Sys_DiT_noref_2,4.92,4.85,116
66,Sys_DiT_noref_3,5.0,4.95,116
67,User_DiT_1,5.0,4.0,116
67,User_DiT_2,5.0,3.0,116
67,User_DiT_3,5.0,4.0,116
67,Sys_DiT_noref_1,4.85,4.62,116
67,Sys_DiT_noref_2,4.85,4.6,116
67,Sys_DiT_noref_3,4.85,3.65,116
68,User_DiT_1,5.0,5.0,116
68,User_DiT_2,5.0,4.0,116
68,User_DiT_3,5.0,4.0,116
68,Sys_DiT_noref_1,4.92,4.85,116
68,Sys_DiT_noref_2,4.65,3.85,116
68,Sys_DiT_noref_3,4.92,4.85,116
69,User_DiT_1,5.0,4.0,116
69,User_DiT_2,5.0,4.0,116
69,User_DiT_3,5.0,4.0,116
69,Sys_DiT_noref_1,3.45,3.82,116
69,Sys_DiT_noref_2,3.82,4.63,116
69,Sys_DiT_noref_3,3.82,4.91,116
70,User_DiT_1,3.33,2.0,118
70,User_DiT_2,4.29,3.0,118
70,User_DiT_3,3.57,3.0,118
70,Sys_DiT_noref_1,2.85,3.62,118
70,Sys_DiT_noref_2,2.15,3.85,118
70,Sys_DiT_noref_3,2.85,3.42,118
71,User_DiT_1,2.14,4.0,118
71,User_DiT_2,2.86,3.0,118
71,User_DiT_3,2.14,3.0,118
71,Sys_DiT_noref_1,3.85,2.15,118
71,Sys_DiT_noref_2,3.45,1.82,118
71,Sys_DiT_noref_3,4.12,3.65,118
72,User_DiT_1,2.5,2.0,118
72,User_DiT_2,2.5,1.0,118
72,User_DiT_3,2.5,2.0,118
72,Sys_DiT_noref_1,2.15,1.85,118
72,Sys_DiT_noref_2,2.85,1.42,118
72,Sys_DiT_noref_3,2.85,1.45,118
73,User_DiT_1,5.0,4.0,118
73,User_DiT_2,5.0,4.0,118
73,User_DiT_3,5.0,5.0,118
73,Sys_DiT_noref_1,4.12,3.85,118
73,Sys_DiT_noref_2,4.85,4.72,118
73,Sys_DiT_noref_3,4.85,4.72,118
74,User_DiT_1,5.0,4.0,118
74,User_DiT_2,5.0,2.0,118
74,User_DiT_3,5.0,4.0,118
74,Sys_DiT_noref_1,3.42,2.85,118
74,Sys_DiT_noref_2,2.14,3.82,118
74,Sys_DiT_noref_3,2.15,3.42,118
75,User_DiT_1,3.57,2.0,129
75,User_DiT_2,3.57,2.0,129
75,User_DiT_3,3.57,2.0,129
75,Sys_DiT_noref_1,3.45,2.65,129
75,Sys_DiT_noref_2,3.82,1.9,129
75,Sys_DiT_noref_3,3.82,2.65,129
76,User_DiT_1,4.29,3.0,129
76,User_DiT_2,2.86,2.0,129
76,User_DiT_3,4.29,3.0,129
76,Sys_DiT_noref_1,3.85,2.15,129
76,Sys_DiT_noref_2,3.85,1.42,129
76,Sys_DiT_noref_3,4.12,2.85,129
77,User_DiT_1,4.29,4.0,129
77,User_DiT_2,4.29,4.0,129
77,User_DiT_3,4.29,4.0,129
77,Sys_DiT_noref_1,4.65,3.8,129
77,Sys_DiT_noref_2,4.85,3.72,129
77,Sys_DiT_noref_3,4.65,3.82,129
78,User_DiT_1,3.57,3.0,129
78,User_DiT_2,3.57,2.0,129
78,User_DiT_3,3.57,3.0,129
78,Sys_DiT_noref_1,4.15,2.85,129
78,Sys_DiT_noref_2,4.15,2.85,129
78,Sys_DiT_noref_3,4.12,1.85,129
79,User_DiT_1,3.57,4.0,129
79,User_DiT_2,3.57,4.0,129
79,User_DiT_3,3.57,4.0,129
79,Sys_DiT_noref_1,4.72,3.85,129
79,Sys_DiT_noref_2,4.12,2.85,129
79,Sys_DiT_noref_3,4.65,3.2,129
80,User_DiT_1,4.44,3.0,144
80,User_DiT_2,4.44,3.0,144
80,User_DiT_3,4.44,2.0,144
80,Sys_DiT_noref_1,4.12,3.85,144
80,Sys_DiT_noref_2,4.12,3.85,144
80,Sys_DiT_noref_3,3.85,2.15,144
81,User_DiT_1,5.0,4.0,144
81,User_DiT_2,5.0,4.0,144
81,User_DiT_3,5.0,3.0,144
81,Sys_DiT_noref_1,4.85,3.2,144
81,Sys_DiT_noref_2,4.65,2.85,144
81,Sys_DiT_noref_3,4.65,3.8,144
82,User_DiT_1,4.44,3.0,144
82,User_DiT_2,4.44,3.0,144
82,User_DiT_3,4.38,2.0,144
82,Sys_DiT_noref_1,4.65,3.85,144
82,Sys_DiT_noref_2,4.12,3.85,144
82,Sys_DiT_noref_3,4.12,2.85,144
83,User_DiT_1,5.0,2.0,144
83,User_DiT_2,5.0,2.0,144
83,User_DiT_3,5.0,3.0,144
83,Sys_DiT_noref_1,4.65,2.85,144
83,Sys_DiT_noref_2,4.65,2.85,144
83,Sys_DiT_noref_3,4.65,2.85,144
84,User_DiT_1,4.38,3.0,144
84,User_DiT_2,4.38,2.0,144
84,User_DiT_3,4.38,3.0,144
84,Sys_DiT_noref_1,4.12,2.85,144
84,Sys_DiT_noref_2,4.25,3.15,144
84,Sys_DiT_noref_3,4.12,2.85,144
85,User_DiT_1,5.0,3.0,147
85,User_DiT_2,5.0,3.0,147
85,User_DiT_3,5.0,2.0,147
85,Sys_DiT_noref_1,4.12,3.65,147
85,Sys_DiT_noref_2,3.85,2.15,147
85,Sys_DiT_noref_3,3.85,1.92,147
86,User_DiT_1,5.0,4.0,147
86,User_DiT_2,5.0,4.0,147
86,User_DiT_3,5.0,4.0,147
86,Sys_DiT_noref_1,4.85,4.2,147
86,Sys_DiT_noref_2,4.82,3.65,147
86,Sys_DiT_noref_3,4.92,4.65,147
87,User_DiT_1,5.0,4.0,147
87,User_DiT_2,5.0,4.0,147
87,User_DiT_3,5.0,4.0,147
87,Sys_DiT_noref_1,4.85,4.6,147
87,Sys_DiT_noref_2,4.82,4.15,147
87,Sys_DiT_noref_3,4.85,4.2,147
88,User_DiT_1,5.0,4.0,147
88,User_DiT_2,5.0,4.0,147
88,User_DiT_3,5.0,5.0,147
88,Sys_DiT_noref_1,4.85,4.62,147
88,Sys_DiT_noref_2,4.85,4.2,147
88,Sys_DiT_noref_3,4.85,4.62,147
89,User_DiT_1,5.0,5.0,147
89,User_DiT_2,5.0,4.0,147
89,User_DiT_3,5.0,4.0,147
89,Sys_DiT_noref_1,3.85,4.92,147
89,Sys_DiT_noref_2,4.15,5.0,147
89,Sys_DiT_noref_3,3.85,4.92,147
90,User_DiT_1,5.0,3.0,150
90,User_DiT_2,5.0,2.0,150
90,User_DiT_3,5.0,3.0,150
90,Sys_DiT_noref_1,4.85,4.72,150
90,Sys_DiT_noref_2,4.85,4.72,150
90,Sys_DiT_noref_3,4.85,3.92,150
91,User_DiT_1,5.0,3.0,150
91,User_DiT_2,5.0,2.0,150
91,User_DiT_3,5.0,2.0,150
91,Sys_DiT_noref_1,4.12,2.85,150
91,Sys_DiT_noref_2,4.12,2.85,150
91,Sys_DiT_noref_3,4.12,2.85,150
92,User_DiT_1,3.57,4.0,150
92,User_DiT_2,3.57,4.0,150
92,User_DiT_3,3.57,4.0,150
92,Sys_DiT_noref_1,3.42,2.85,150
92,Sys_DiT_noref_2,4.72,3.85,150
92,Sys_DiT_noref_3,4.12,3.85,150
93,User_DiT_1,4.17,5.0,150
93,User_DiT_2,4.17,4.0,150
93,User_DiT_3,4.17,5.0,150
93,Sys_DiT_noref_1,4.85,4.2,150
93,Sys_DiT_noref_2,4.85,3.72,150
93,Sys_DiT_noref_3,4.92,5.0,150
94,User_DiT_1,4.38,4.0,150
94,User_DiT_2,4.38,2.0,150
94,User_DiT_3,4.38,3.0,150
94,Sys_DiT_noref_1,4.12,3.65,150
94,Sys_DiT_noref_2,4.65,3.85,150
94,Sys_DiT_noref_3,4.65,3.2,150
95,User_DiT_1,5.0,4.0,156
95,User_DiT_2,5.0,4.0,156
95,User_DiT_3,5.0,3.0,156
95,Sys_DiT_noref_1,4.65,2.85,156
95,Sys_DiT_noref_2,4.65,3.8,156
95,Sys_DiT_noref_3,4.62,2.85,156
96,User_DiT_1,5.0,3.0,156
96,User_DiT_2,5.0,3.0,156
96,User_DiT_3,5.0,4.0,156
96,Sys_DiT_noref_1,4.85,3.92,156
96,Sys_DiT_noref_2,4.65,3.85,156
96,Sys_DiT_noref_3,4.85,3.75,156
97,User_DiT_1,5.0,2.0,156
97,User_DiT_2,5.0,4.0,156
97,User_DiT_3,5.0,3.0,156
97,Sys_DiT_noref_1,4.85,3.72,156
97,Sys_DiT_noref_2,4.85,4.2,156
97,Sys_DiT_noref_3,4.12,3.85,156
98,User_DiT_1,5.0,3.0,156
98,User_DiT_2,5.0,2.0,156
98,User_DiT_3,5.0,2.0,156
98,Sys_DiT_noref_1,3.65,2.85,156
98,Sys_DiT_noref_2,4.65,3.85,156
98,Sys_DiT_noref_3,4.85,4.2,156
99,User_DiT_1,5.0,4.0,156
99,User_DiT_2,5.0,3.0,156
99,User_DiT_3,5.0,4.0,156
99,Sys_DiT_noref_1,4.85,3.65,156
99,Sys_DiT_noref_2,4.68,2.35,156
99,Sys_DiT_noref_3,4.85,4.1,156
100,User_DiT_1,2.0,3.0,159
100,User_DiT_2,2.0,1.0,159
100,User_DiT_3,2.0,1.0,159
100,Sys_DiT_noref_1,1.25,0.85,159
100,Sys_DiT_noref_2,3.85,2.65,159
100,Sys_DiT_noref_3,3.82,2.15,159
101,User_DiT_1,3.12,2.0,159
101,User_DiT_2,3.12,4.0,159
101,User_DiT_3,3.12,2.0,159
101,Sys_DiT_noref_1,1.85,3.72,159
101,Sys_DiT_noref_2,1.85,2.4,159
101,Sys_DiT_noref_3,1.85,3.2,159
102,User_DiT_1,5.0,3.0,159
102,User_DiT_2,5.0,4.0,159
102,User_DiT_3,5.0,3.0,159
102,Sys_DiT_noref_1,2.85,3.42,159
102,Sys_DiT_noref_2,3.85,1.92,159
102,Sys_DiT_noref_3,4.65,3.8,159
103,User_DiT_1,0.0,1.0,159
103,User_DiT_2,0.0,1.0,159
103,User_DiT_3,0.83,1.0,159
103,Sys_DiT_noref_1,2.15,1.85,159
103,Sys_DiT_noref_2,1.85,1.2,159
103,Sys_DiT_noref_3,1.85,1.2,159
104,User_DiT_1,2.14,1.0,159
104,User_DiT_2,2.14,2.0,159
104,User_DiT_3,0.0,2.0,159
104,Sys_DiT_noref_1,4.82,3.65,159
104,Sys_DiT_noref_2,1.85,1.2,159
104,Sys_DiT_noref_3,4.65,2.85,159
105,User_DiT_1,5.0,2.0,281
105,User_DiT_2,4.29,2.0,281
105,User_DiT_3,4.29,2.0,281
105,Sys_DiT_noref_1,4.12,3.85,281
105,Sys_DiT_noref_2,4.12,2.85,281
105,Sys_DiT_noref_3,4.85,2.3,281
106,User_DiT_1,5.0,2.0,281
106,User_DiT_2,5.0,3.0,281
106,User_DiT_3,5.0,4.0,281
106,Sys_DiT_noref_1,4.82,3.15,281
106,Sys_DiT_noref_2,4.72,4.15,281
106,Sys_DiT_noref_3,4.85,4.2,281
107,User_DiT_1,5.0,2.0,281
107,User_DiT_2,5.0,4.0,281
107,User_DiT_3,5.0,3.0,281
107,Sys_DiT_noref_1,4.65,3.8,281
107,Sys_DiT_noref_2,4.12,2.85,281
107,Sys_DiT_noref_3,4.72,2.85,281
108,User_DiT_1,5.0,2.0,281
108,User_DiT_2,5.0,2.0,281
108,User_DiT_3,5.0,4.0,281
108,Sys_DiT_noref_1,4.12,3.85,281
108,Sys_DiT_noref_2,4.85,3.75,281
108,Sys_DiT_noref_3,4.12,2.85,281
109,User_DiT_1,5.0,3.0,281
109,User_DiT_2,5.0,3.0,281
109,User_DiT_3,5.0,3.0,281
109,Sys_DiT_noref_1,3.85,2.15,281
109,Sys_DiT_noref_2,3.85,2.15,281
109,Sys_DiT_noref_3,4.12,3.85,281
110,User_DiT_1,5.0,5.0,300
110,User_DiT_2,5.0,5.0,300
110,User_DiT_3,5.0,5.0,300
110,Sys_DiT_noref_1,5.0,5.0,300
110,Sys_DiT_noref_2,5.0,5.0,300
110,Sys_DiT_noref_3,5.0,5.0,300
111,User_DiT_1,4.38,4.0,300
111,User_DiT_2,4.38,4.0,300
111,User_DiT_3,4.38,5.0,300
111,Sys_DiT_noref_1,4.85,4.92,300
111,Sys_DiT_noref_2,4.65,4.2,300
111,Sys_DiT_noref_3,4.85,4.2,300
112,User_DiT_1,5.0,5.0,300
112,User_DiT_2,5.0,5.0,300
112,User_DiT_3,5.0,5.0,300
112,Sys_DiT_noref_1,5.0,5.0,300
112,Sys_DiT_noref_2,5.0,5.0,300
112,Sys_DiT_noref_3,5.0,5.0,300
113,User_DiT_1,4.38,5.0,300
113,User_DiT_2,5.0,2.0,300
113,User_DiT_3,4.38,5.0,300
113,Sys_DiT_noref_1,4.98,4.85,300
113,Sys_DiT_noref_2,4.98,4.85,300
113,Sys_DiT_noref_3,4.15,3.85,300
114,User_DiT_1,4.38,4.0,300
114,User_DiT_2,4.38,4.0,300
114,User_DiT_3,4.38,4.0,300
114,Sys_DiT_noref_1,4.65,3.85,300
114,Sys_DiT_noref_2,3.85,2.4,300
114,Sys_DiT_noref_3,4.65,4.2,300
115,User_DiT_1,5.0,5.0,322
115,User_DiT_2,5.0,4.0,322
115,User_DiT_3,5.0,4.0,322
115,Sys_DiT_noref_1,4.92,4.95,322
115,Sys_DiT_noref_2,4.72,3.85,322
115,Sys_DiT_noref_3,4.95,4.98,322
116,User_DiT_1,5.0,3.0,322
116,User_DiT_2,5.0,5.0,322
116,User_DiT_3,5.0,5.0,322
116,Sys_DiT_noref_1,4.98,5.0,322
116,Sys_DiT_noref_2,4.72,3.85,322
116,Sys_DiT_noref_3,4.92,4.98,322
117,User_DiT_1,3.57,3.0,322
117,User_DiT_2,3.57,2.0,322
117,User_DiT_3,4.17,2.0,322
117,Sys_DiT_noref_1,3.42,2.15,322
117,Sys_DiT_noref_2,3.42,1.68,322
117,Sys_DiT_noref_3,3.42,1.85,322
118,User_DiT_1,5.0,4.0,322
118,User_DiT_2,3.57,2.0,322
118,User_DiT_3,5.0,5.0,322
118,Sys_DiT_noref_1,4.75,3.85,322
118,Sys_DiT_noref_2,4.92,4.85,322
118,Sys_DiT_noref_3,4.15,3.85,322
119,User_DiT_1,5.0,5.0,322
119,User_DiT_2,5.0,5.0,322
119,User_DiT_3,5.0,5.0,322
119,Sys_DiT_noref_1,4.92,4.95,322
119,Sys_DiT_noref_2,4.92,4.85,322
119,Sys_DiT_noref_3,4.92,4.95,322
120,User_DiT_1,3.75,4.0,330
120,User_DiT_2,3.75,2.0,330
120,User_DiT_3,3.75,3.0,330
120,Sys_DiT_noref_1,4.85,4.92,330
120,Sys_DiT_noref_2,4.15,4.6,330
120,Sys_DiT_noref_3,4.12,3.85,330
121,User_DiT_1,5.0,5.0,330
121,User_DiT_2,5.0,5.0,330
121,User_DiT_3,5.0,5.0,330
121,Sys_DiT_noref_1,4.92,4.85,330
121,Sys_DiT_noref_2,4.92,4.85,330
121,Sys_DiT_noref_3,4.12,3.85,330
122,User_DiT_1,5.0,3.0,330
122,User_DiT_2,4.29,4.0,330
122,User_DiT_3,5.0,3.0,330
122,Sys_DiT_noref_1,3.85,2.15,330
122,Sys_DiT_noref_2,3.85,4.15,330
122,Sys_DiT_noref_3,4.65,2.85,330
123,User_DiT_1,4.0,3.0,330
123,User_DiT_2,4.0,4.0,330
123,User_DiT_3,4.0,4.0,330
123,Sys_DiT_noref_1,4.15,4.6,330
123,Sys_DiT_noref_2,3.42,4.15,330
123,Sys_DiT_noref_3,3.85,4.15,330
124,User_DiT_1,5.0,5.0,330
124,User_DiT_2,5.0,5.0,330
124,User_DiT_3,5.0,5.0,330
124,Sys_DiT_noref_1,5.0,5.0,330
124,Sys_DiT_noref_2,4.92,4.95,330
124,Sys_DiT_noref_3,4.92,5.0,330
125,User_DiT_1,5.0,4.0,333
125,User_DiT_2,5.0,4.0,333
125,User_DiT_3,5.0,4.0,333
125,Sys_DiT_noref_1,4.85,4.2,333
125,Sys_DiT_noref_2,4.15,2.85,333
125,Sys_DiT_noref_3,4.85,4.2,333
126,User_DiT_1,5.0,2.0,333
126,User_DiT_2,5.0,4.0,333
126,User_DiT_3,5.0,2.0,333
126,Sys_DiT_noref_1,4.65,3.85,333
126,Sys_DiT_noref_2,4.65,3.85,333
126,Sys_DiT_noref_3,4.15,2.85,333
127,User_DiT_1,5.0,2.0,333
127,User_DiT_2,5.0,2.0,333
127,User_DiT_3,5.0,4.0,333
127,Sys_DiT_noref_1,4.65,3.85,333
127,Sys_DiT_noref_2,4.65,3.85,333
127,Sys_DiT_noref_3,4.85,3.2,333
128,User_DiT_1,5.0,3.0,333
128,User_DiT_2,5.0,3.0,333
128,User_DiT_3,5.0,3.0,333
128,Sys_DiT_noref_1,4.62,1.85,333
128,Sys_DiT_noref_2,4.72,3.85,333
128,Sys_DiT_noref_3,4.65,2.85,333
129,User_DiT_1,5.0,2.0,333
129,User_DiT_2,4.17,1.0,333
129,User_DiT_3,4.17,2.0,333
129,Sys_DiT_noref_1,4.15,1.85,333
129,Sys_DiT_noref_2,4.15,2.85,333
129,Sys_DiT_noref_3,3.15,1.85,333
130,User_DiT_1,5.0,3.0,339
130,User_DiT_2,5.0,4.0,339
130,User_DiT_3,4.38,5.0,339
130,Sys_DiT_noref_1,4.15,4.28,339
130,Sys_DiT_noref_2,4.12,2.85,339
130,Sys_DiT_noref_3,4.92,4.15,339
131,User_DiT_1,2.5,4.0,339
131,User_DiT_2,4.38,4.0,339
131,User_DiT_3,2.5,4.0,339
131,Sys_DiT_noref_1,4.85,4.2,339
131,Sys_DiT_noref_2,4.85,4.2,339
131,Sys_DiT_noref_3,4.65,4.2,339
132,User_DiT_1,5.0,4.0,339
132,User_DiT_2,5.0,2.0,339
132,User_DiT_3,5.0,4.0,339
132,Sys_DiT_noref_1,4.12,3.65,339
132,Sys_DiT_noref_2,3.82,3.15,339
132,Sys_DiT_noref_3,3.82,2.15,339
133,User_DiT_1,4.38,5.0,339
133,User_DiT_2,4.38,4.0,339
133,User_DiT_3,4.38,5.0,339
133,Sys_DiT_noref_1,4.65,3.85,339
133,Sys_DiT_noref_2,4.65,3.85,339
133,Sys_DiT_noref_3,4.65,4.1,339
134,User_DiT_1,5.0,5.0,339
134,User_DiT_2,5.0,4.0,339
134,User_DiT_3,5.0,4.0,339
134,Sys_DiT_noref_1,4.85,3.9,339
134,Sys_DiT_noref_2,4.92,4.65,339
134,Sys_DiT_noref_3,4.98,4.95,339
135,User_DiT_1,5.0,5.0,347
135,User_DiT_2,5.0,5.0,347
135,User_DiT_3,5.0,5.0,347
135,Sys_DiT_noref_1,4.98,4.97,347
135,Sys_DiT_noref_2,5.0,5.0,347
135,Sys_DiT_noref_3,4.98,4.99,347
136,User_DiT_1,5.0,5.0,347
136,User_DiT_2,5.0,3.0,347
136,User_DiT_3,5.0,5.0,347
136,Sys_DiT_noref_1,5.0,5.0,347
136,Sys_DiT_noref_2,4.82,3.65,347
136,Sys_DiT_noref_3,4.85,4.2,347
137,User_DiT_1,5.0,4.0,347
137,User_DiT_2,5.0,4.0,347
137,User_DiT_3,5.0,4.0,347
137,Sys_DiT_noref_1,4.85,3.8,347
137,Sys_DiT_noref_2,4.82,3.65,347
137,Sys_DiT_noref_3,4.15,3.85,347
138,User_DiT_1,5.0,4.0,347
138,User_DiT_2,5.0,3.0,347
138,User_DiT_3,5.0,3.0,347
138,Sys_DiT_noref_1,4.65,3.85,347
138,Sys_DiT_noref_2,4.12,2.68,347
138,Sys_DiT_noref_3,4.65,3.85,347
139,User_DiT_1,5.0,2.0,347
139,User_DiT_2,5.0,2.0,347
139,User_DiT_3,5.0,3.0,347
139,Sys_DiT_noref_1,3.85,2.65,347
139,Sys_DiT_noref_2,4.12,2.85,347
139,Sys_DiT_noref_3,4.12,2.85,347
140,User_DiT_1,4.38,2.0,356
140,User_DiT_2,4.38,2.0,356
140,User_DiT_3,4.44,2.0,356
140,Sys_DiT_noref_1,2.85,3.42,356
140,Sys_DiT_noref_2,2.85,1.2,356
140,Sys_DiT_noref_3,2.85,3.1,356
141,User_DiT_1,4.17,3.0,356
141,User_DiT_2,4.17,3.0,356
141,User_DiT_3,4.17,2.0,356
141,Sys_DiT_noref_1,4.12,2.35,356
141,Sys_DiT_noref_2,4.12,3.85,356
141,Sys_DiT_noref_3,3.12,1.85,356
142,User_DiT_1,5.0,3.0,356
142,User_DiT_2,5.0,2.0,356
142,User_DiT_3,5.0,2.0,356
142,Sys_DiT_noref_1,3.85,2.15,356
142,Sys_DiT_noref_2,3.85,2.15,356
142,Sys_DiT_noref_3,3.85,2.15,356
143,User_DiT_1,4.17,2.0,356
143,User_DiT_2,5.0,2.0,356
143,User_DiT_3,5.0,4.0,356
143,Sys_DiT_noref_1,4.82,4.65,356
143,Sys_DiT_noref_2,4.62,3.85,356
143,Sys_DiT_noref_3,4.62,3.85,356
144,User_DiT_1,5.0,2.0,356
144,User_DiT_2,5.0,2.0,356
144,User_DiT_3,5.0,2.0,356
144,Sys_DiT_noref_1,4.35,2.85,356
144,Sys_DiT_noref_2,4.82,4.65,356
144,Sys_DiT_noref_3,4.12,2.85,356
145,User_DiT_1,3.57,5.0,365
145,User_DiT_2,3.57,5.0,365
145,User_DiT_3,3.57,5.0,365
145,Sys_DiT_noref_1,4.12,2.85,365
145,Sys_DiT_noref_2,4.12,2.85,365
145,Sys_DiT_noref_3,4.68,3.72,365
146,User_DiT_1,5.0,4.0,365
146,User_DiT_2,5.0,2.0,365
146,User_DiT_3,5.0,2.0,365
146,Sys_DiT_noref_1,4.85,4.72,365
146,Sys_DiT_noref_2,4.65,4.12,365
146,Sys_DiT_noref_3,4.65,4.1,365
147,User_DiT_1,4.29,2.0,365
147,User_DiT_2,4.29,3.0,365
147,User_DiT_3,4.17,2.0,365
147,Sys_DiT_noref_1,4.85,3.75,365
147,Sys_DiT_noref_2,4.12,2.85,365
147,Sys_DiT_noref_3,3.42,1.85,365
148,User_DiT_1,3.33,4.0,365
148,User_DiT_2,3.33,4.0,365
148,User_DiT_3,3.75,3.0,365
148,Sys_DiT_noref_1,4.85,4.2,365
148,Sys_DiT_noref_2,3.85,2.65,365
148,Sys_DiT_noref_3,4.12,2.85,365
149,User_DiT_1,5.0,4.0,365
149,User_DiT_2,5.0,3.0,365
149,User_DiT_3,5.0,4.0,365
149,Sys_DiT_noref_1,4.85,4.2,365
149,Sys_DiT_noref_2,4.85,4.92,365
149,Sys_DiT_noref_3,4.85,4.72,365
150,User_DiT_1,5.0,3.0,370
150,User_DiT_2,5.0,2.0,370
150,User_DiT_3,5.0,2.0,370
150,Sys_DiT_noref_1,4.65,3.85,370
150,Sys_DiT_noref_2,4.12,2.85,370
150,Sys_DiT_noref_3,4.65,2.75,370
151,User_DiT_1,5.0,4.0,370
151,User_DiT_2,5.0,4.0,370
151,User_DiT_3,5.0,2.0,370
151,Sys_DiT_noref_1,4.85,4.92,370
151,Sys_DiT_noref_2,4.85,3.65,370
151,Sys_DiT_noref_3,4.85,3.2,370
152,User_DiT_1,4.17,2.0,370
152,User_DiT_2,4.17,2.0,370
152,User_DiT_3,5.0,2.0,370
152,Sys_DiT_noref_1,4.63,2.85,370
152,Sys_DiT_noref_2,3.85,2.15,370
152,Sys_DiT_noref_3,4.35,2.85,370
153,User_DiT_1,5.0,5.0,370
153,User_DiT_2,5.0,5.0,370
153,User_DiT_3,5.0,5.0,370
153,Sys_DiT_noref_1,4.92,4.98,370
153,Sys_DiT_noref_2,4.92,4.98,370
153,Sys_DiT_noref_3,4.62,3.85,370
154,User_DiT_1,5.0,2.0,370
154,User_DiT_2,5.0,2.0,370
154,User_DiT_3,5.0,2.0,370
154,Sys_DiT_noref_1,1.85,1.2,370
154,Sys_DiT_noref_2,2.15,1.85,370
154,Sys_DiT_noref_3,1.85,1.42,370
155,User_DiT_1,1.67,3.0,389
155,User_DiT_2,2.78,2.0,389
155,User_DiT_3,1.67,2.0,389
155,Sys_DiT_noref_1,1.42,1.85,389
155,Sys_DiT_noref_2,1.25,3.65,389
155,Sys_DiT_noref_3,1.25,1.85,389
156,User_DiT_1,2.78,3.0,389
156,User_DiT_2,1.67,3.0,389
156,User_DiT_3,1.67,3.0,389
156,Sys_DiT_noref_1,1.15,1.85,389
156,Sys_DiT_noref_2,1.85,1.6,389
156,Sys_DiT_noref_3,1.25,2.85,389
157,User_DiT_1,1.67,2.0,389
157,User_DiT_2,1.67,4.0,389
157,User_DiT_3,1.67,2.0,389
157,Sys_DiT_noref_1,1.25,2.85,389
157,Sys_DiT_noref_2,0.12,0.85,389
157,Sys_DiT_noref_3,0.0,1.85,389
158,User_DiT_1,1.11,2.0,389
158,User_DiT_2,1.11,3.0,389
158,User_DiT_3,1.67,3.0,389
158,Sys_DiT_noref_1,1.25,2.85,389
158,Sys_DiT_noref_2,1.25,2.85,389
158,Sys_DiT_noref_3,1.25,0.85,389
159,User_DiT_1,2.78,1.0,389
159,User_DiT_2,1.67,2.0,389
159,User_DiT_3,2.22,3.0,389
159,Sys_DiT_noref_1,1.42,2.85,389
159,Sys_DiT_noref_2,1.85,2.15,389
159,Sys_DiT_noref_3,1.25,1.85,389
160,User_DiT_1,5.0,5.0,392
160,User_DiT_2,5.0,5.0,392
160,User_DiT_3,5.0,4.0,392
160,Sys_DiT_noref_1,4.85,3.65,392
160,Sys_DiT_noref_2,4.85,4.92,392
160,Sys_DiT_noref_3,4.85,4.92,392
161,User_DiT_1,5.0,3.0,392
161,User_DiT_2,5.0,4.0,392
161,User_DiT_3,5.0,4.0,392
161,Sys_DiT_noref_1,4.82,3.65,392
161,Sys_DiT_noref_2,4.85,3.72,392
161,Sys_DiT_noref_3,4.85,3.2,392
162,User_DiT_1,3.57,4.0,392
162,User_DiT_2,3.57,2.0,392
162,User_DiT_3,4.29,3.0,392
162,Sys_DiT_noref_1,1.85,3.2,392
162,Sys_DiT_noref_2,1.85,3.62,392
162,Sys_DiT_noref_3,2.15,3.85,392
163,User_DiT_1,4.29,3.0,392
163,User_DiT_2,4.29,4.0,392
163,User_DiT_3,4.29,4.0,392
163,Sys_DiT_noref_1,4.15,3.85,392
163,Sys_DiT_noref_2,4.15,3.85,392
163,Sys_DiT_noref_3,3.42,2.15,392
164,User_DiT_1,5.0,4.0,392
164,User_DiT_2,5.0,3.0,392
164,User_DiT_3,5.0,3.0,392
164,Sys_DiT_noref_1,4.72,3.85,392
164,Sys_DiT_noref_2,4.85,3.62,392
164,Sys_DiT_noref_3,4.85,2.72,392
165,User_DiT_1,5.0,2.0,394
165,User_DiT_2,5.0,2.0,394
165,User_DiT_3,5.0,2.0,394
165,Sys_DiT_noref_1,2.15,1.82,394
165,Sys_DiT_noref_2,1.25,2.85,394
165,Sys_DiT_noref_3,3.45,1.82,394
166,User_DiT_1,5.0,4.0,394
166,User_DiT_2,5.0,3.0,394
166,User_DiT_3,5.0,4.0,394
166,Sys_DiT_noref_1,4.65,3.85,394
166,Sys_DiT_noref_2,4.85,4.2,394
166,Sys_DiT_noref_3,4.65,4.12,394
167,User_DiT_1,5.0,4.0,394
167,User_DiT_2,5.0,4.0,394
167,User_DiT_3,4.0,3.0,394
167,Sys_DiT_noref_1,3.85,2.65,394
167,Sys_DiT_noref_2,3.85,2.15,394
167,Sys_DiT_noref_3,2.85,1.42,394
168,User_DiT_1,5.0,3.0,394
168,User_DiT_2,5.0,3.0,394
168,User_DiT_3,5.0,3.0,394
168,Sys_DiT_noref_1,4.72,2.85,394
168,Sys_DiT_noref_2,5.0,4.8,394
168,Sys_DiT_noref_3,4.72,2.15,394
169,User_DiT_1,3.75,1.0,394
169,User_DiT_2,5.0,1.0,394
169,User_DiT_3,3.0,1.0,394
169,Sys_DiT_noref_1,1.85,0.92,394
169,Sys_DiT_noref_2,2.15,1.2,394
169,Sys_DiT_noref_3,1.25,0.85,394
170,User_DiT_1,5.0,4.0,396
170,User_DiT_2,5.0,4.0,396
170,User_DiT_3,5.0,5.0,396
170,Sys_DiT_noref_1,4.98,4.95,396
170,Sys_DiT_noref_2,4.65,2.8,396
170,Sys_DiT_noref_3,4.72,3.85,396
171,User_DiT_1,5.0,4.0,396
171,User_DiT_2,5.0,4.0,396
171,User_DiT_3,5.0,5.0,396
171,Sys_DiT_noref_1,4.85,3.92,396
171,Sys_DiT_noref_2,4.85,4.12,396
171,Sys_DiT_noref_3,4.82,3.65,396
172,User_DiT_1,4.29,4.0,396
172,User_DiT_2,5.0,4.0,396
172,User_DiT_3,5.0,4.0,396
172,Sys_DiT_noref_1,4.85,4.2,396
172,Sys_DiT_noref_2,4.85,3.65,396
172,Sys_DiT_noref_3,4.85,4.2,396
173,User_DiT_1,5.0,4.0,396
173,User_DiT_2,5.0,4.0,396
173,User_DiT_3,5.0,5.0,396
173,Sys_DiT_noref_1,4.82,4.65,396
173,Sys_DiT_noref_2,4.72,3.85,396
173,Sys_DiT_noref_3,4.82,4.15,396
174,User_DiT_1,5.0,4.0,396
174,User_DiT_2,5.0,4.0,396
174,User_DiT_3,5.0,3.0,396
174,Sys_DiT_noref_1,4.72,3.85,396
174,Sys_DiT_noref_2,4.12,2.85,396
174,Sys_DiT_noref_3,4.85,4.6,396
175,User_DiT_1,5.0,1.0,400
175,User_DiT_2,5.0,1.0,400
175,User_DiT_3,5.0,1.0,400
175,Sys_DiT_noref_1,4.85,1.92,400
175,Sys_DiT_noref_2,4.85,2.95,400
175,Sys_DiT_noref_3,4.85,1.2,400
176,User_DiT_1,5.0,1.0,400
176,User_DiT_2,5.0,2.0,400
176,User_DiT_3,5.0,1.0,400
176,Sys_DiT_noref_1,4.85,1.25,400
176,Sys_DiT_noref_2,4.85,2.1,400
176,Sys_DiT_noref_3,4.85,1.15,400
177,User_DiT_1,4.44,2.0,400
177,User_DiT_2,5.0,1.0,400
177,User_DiT_3,5.0,2.0,400
177,Sys_DiT_noref_1,4.12,1.85,400
177,Sys_DiT_noref_2,4.12,1.85,400
177,Sys_DiT_noref_3,3.82,1.47,400
178,User_DiT_1,5.0,4.0,400
178,User_DiT_2,0.0,4.0,400
178,User_DiT_3,5.0,3.0,400
178,Sys_DiT_noref_1,4.65,3.85,400
178,Sys_DiT_noref_2,4.85,3.2,400
178,Sys_DiT_noref_3,4.85,3.2,400
179,User_DiT_1,5.0,2.0,400
179,User_DiT_2,5.0,1.0,400
179,User_DiT_3,3.89,1.0,400
179,Sys_DiT_noref_1,2.85,1.2,400
179,Sys_DiT_noref_2,4.85,1.25,400
179,Sys_DiT_noref_3,4.92,1.15,400
180,User_DiT_1,0.0,3.0,405
180,User_DiT_2,3.89,4.0,405
180,User_DiT_3,4.44,3.0,405
180,Sys_DiT_noref_1,4.92,3.85,405
180,Sys_DiT_noref_2,4.92,3.85,405
180,Sys_DiT_noref_3,4.12,2.35,405
181,User_DiT_1,4.44,4.0,405
181,User_DiT_2,4.44,4.0,405
181,User_DiT_3,4.44,4.0,405
181,Sys_DiT_noref_1,4.65,3.85,405
181,Sys_DiT_noref_2,4.65,3.85,405
181,Sys_DiT_noref_3,4.85,3.65,405
182,User_DiT_1,5.0,2.0,405
182,User_DiT_2,5.0,4.0,405
182,User_DiT_3,3.57,4.0,405
182,Sys_DiT_noref_1,4.12,2.85,405
182,Sys_DiT_noref_2,2.85,1.42,405
182,Sys_DiT_noref_3,3.85,2.15,405
183,User_DiT_1,2.78,2.0,405
183,User_DiT_2,1.11,1.0,405
183,User_DiT_3,1.11,2.0,405
183,Sys_DiT_noref_1,2.85,1.42,405
183,Sys_DiT_noref_2,2.85,1.92,405
183,Sys_DiT_noref_3,1.85,1.2,405
184,User_DiT_1,4.44,2.0,405
184,User_DiT_2,4.44,2.0,405
184,User_DiT_3,3.33,2.0,405
184,Sys_DiT_noref_1,3.15,1.2,405
184,Sys_DiT_noref_2,3.85,1.2,405
184,Sys_DiT_noref_3,2.85,1.2,405
185,User_DiT_1,5.0,3.0,406
185,User_DiT_2,5.0,4.0,406
185,User_DiT_3,5.0,4.0,406
185,Sys_DiT_noref_1,4.15,4.92,406
185,Sys_DiT_noref_2,3.85,4.12,406
185,Sys_DiT_noref_3,3.85,4.12,406
186,User_DiT_1,5.0,4.0,406
186,User_DiT_2,5.0,4.0,406
186,User_DiT_3,5.0,3.0,406
186,Sys_DiT_noref_1,4.65,3.82,406
186,Sys_DiT_noref_2,4.85,3.72,406
186,Sys_DiT_noref_3,4.85,3.2,406
187,User_DiT_1,3.33,5.0,406
187,User_DiT_2,5.0,5.0,406
187,User_DiT_3,5.0,5.0,406
187,Sys_DiT_noref_1,4.85,3.65,406
187,Sys_DiT_noref_2,4.72,3.65,406
187,Sys_DiT_noref_3,4.85,3.65,406
188,User_DiT_1,5.0,3.0,406
188,User_DiT_2,5.0,3.0,406
188,User_DiT_3,5.0,3.0,406
188,Sys_DiT_noref_1,4.92,1.85,406
188,Sys_DiT_noref_2,4.85,3.72,406
188,Sys_DiT_noref_3,4.85,1.75,406
189,User_DiT_1,5.0,3.0,406
189,User_DiT_2,5.0,3.0,406
189,User_DiT_3,5.0,3.0,406
189,Sys_DiT_noref_1,4.85,3.75,406
189,Sys_DiT_noref_2,4.92,3.65,406
189,Sys_DiT_noref_3,4.85,2.15,406
190,User_DiT_1,3.33,3.0,413
190,User_DiT_2,3.33,3.0,413
190,User_DiT_3,3.33,4.0,413
190,Sys_DiT_noref_1,4.12,3.85,413
190,Sys_DiT_noref_2,4.12,3.65,413
190,Sys_DiT_noref_3,3.45,2.15,413
191,User_DiT_1,3.12,1.0,413
191,User_DiT_2,3.57,1.0,413
191,User_DiT_3,3.57,1.0,413
191,Sys_DiT_noref_1,3.45,1.8,413
191,Sys_DiT_noref_2,2.15,0.85,413
191,Sys_DiT_noref_3,3.65,1.2,413
192,User_DiT_1,2.78,4.0,413
192,User_DiT_2,5.0,4.0,413
192,User_DiT_3,5.0,3.0,413
192,Sys_DiT_noref_1,3.85,4.2,413
192,Sys_DiT_noref_2,2.15,3.85,413
192,Sys_DiT_noref_3,2.85,2.6,413
193,User_DiT_1,5.0,3.0,413
193,User_DiT_2,5.0,3.0,413
193,User_DiT_3,5.0,3.0,413
193,Sys_DiT_noref_1,4.15,2.85,413
193,Sys_DiT_noref_2,4.85,2.15,413
193,Sys_DiT_noref_3,4.85,2.15,413
194,User_DiT_1,0.0,2.0,413
194,User_DiT_2,0.0,1.0,413
194,User_DiT_3,0.56,2.0,413
194,Sys_DiT_noref_1,0.12,0.85,413
194,Sys_DiT_noref_2,0.11,0.05,413
194,Sys_DiT_noref_3,0.85,1.2,413
195,User_DiT_1,3.33,2.0,415
195,User_DiT_2,1.67,2.0,415
195,User_DiT_3,4.38,2.0,415
195,Sys_DiT_noref_1,2.85,1.42,415
195,Sys_DiT_noref_2,3.85,1.75,415
195,Sys_DiT_noref_3,3.85,2.15,415
196,User_DiT_1,3.89,3.0,415
196,User_DiT_2,3.89,3.0,415
196,User_DiT_3,3.89,3.0,415
196,Sys_DiT_noref_1,4.65,2.15,415
196,Sys_DiT_noref_2,4.12,2.85,415
196,Sys_DiT_noref_3,4.85,3.72,415
197,User_DiT_1,4.17,2.0,415
197,User_DiT_2,4.17,2.0,415
197,User_DiT_3,5.0,2.0,415
197,Sys_DiT_noref_1,1.85,1.2,415
197,Sys_DiT_noref_2,2.85,1.92,415
197,Sys_DiT_noref_3,2.85,2.4,415
198,User_DiT_1,4.29,3.0,415
198,User_DiT_2,4.29,4.0,415
198,User_DiT_3,4.29,2.0,415
198,Sys_DiT_noref_1,2.85,2.6,415
198,Sys_DiT_noref_2,2.85,3.42,415
198,Sys_DiT_noref_3,3.85,2.65,415
199,User_DiT_1,5.0,2.0,415
199,User_DiT_2,1.67,2.0,415
199,User_DiT_3,3.33,2.0,415
199,Sys_DiT_noref_1,3.45,1.85,415
199,Sys_DiT_noref_2,2.15,3.85,415
199,Sys_DiT_noref_3,1.67,1.85,415
200,User_DiT_1,5.0,4.0,419
200,User_DiT_2,5.0,4.0,419
200,User_DiT_3,5.0,2.0,419
200,Sys_DiT_noref_1,4.85,3.92,419
200,Sys_DiT_noref_2,4.12,2.35,419
200,Sys_DiT_noref_3,4.65,4.2,419
201,User_DiT_1,3.75,2.0,419
201,User_DiT_2,3.75,4.0,419
201,User_DiT_3,5.0,4.0,419
201,Sys_DiT_noref_1,2.15,1.85,419
201,Sys_DiT_noref_2,3.85,1.92,419
201,Sys_DiT_noref_3,3.85,4.2,419
202,User_DiT_1,0.0,1.0,419
202,User_DiT_2,5.0,1.0,419
202,User_DiT_3,0.0,2.0,419
202,Sys_DiT_noref_1,0.82,1.15,419
202,Sys_DiT_noref_2,2.85,1.2,419
202,Sys_DiT_noref_3,2.85,1.2,419
203,User_DiT_1,2.86,1.0,419
203,User_DiT_2,5.0,2.0,419
203,User_DiT_3,5.0,2.0,419
203,Sys_DiT_noref_1,0.12,0.85,419
203,Sys_DiT_noref_2,3.12,1.85,419
203,Sys_DiT_noref_3,4.12,1.35,419
204,User_DiT_1,4.0,1.0,419
204,User_DiT_2,5.0,4.0,419
204,User_DiT_3,5.0,4.0,419
204,Sys_DiT_noref_1,3.42,3.85,419
204,Sys_DiT_noref_2,4.85,4.72,419
204,Sys_DiT_noref_3,4.12,1.85,419
205,User_DiT_1,2.78,2.0,421
205,User_DiT_2,3.33,1.0,421
205,User_DiT_3,0.0,2.0,421
205,Sys_DiT_noref_1,1.82,0.95,421
205,Sys_DiT_noref_2,0.12,0.85,421
205,Sys_DiT_noref_3,1.85,1.2,421
206,User_DiT_1,3.12,3.0,421
206,User_DiT_2,3.12,2.0,421
206,User_DiT_3,5.0,3.0,421
206,Sys_DiT_noref_1,4.15,3.85,421
206,Sys_DiT_noref_2,3.45,2.35,421
206,Sys_DiT_noref_3,4.85,4.2,421
207,User_DiT_1,3.12,3.0,421
207,User_DiT_2,3.12,3.0,421
207,User_DiT_3,5.0,3.0,421
207,Sys_DiT_noref_1,3.42,1.85,421
207,Sys_DiT_noref_2,2.85,1.92,421
207,Sys_DiT_noref_3,3.85,2.15,421
208,User_DiT_1,4.44,2.0,421
208,User_DiT_2,5.0,2.0,421
208,User_DiT_3,4.44,2.0,421
208,Sys_DiT_noref_1,2.15,1.85,421
208,Sys_DiT_noref_2,1.25,0.85,421
208,Sys_DiT_noref_3,4.15,2.85,421
209,User_DiT_1,5.0,4.0,421
209,User_DiT_2,5.0,3.0,421
209,User_DiT_3,3.89,3.0,421
209,Sys_DiT_noref_1,4.85,2.15,421
209,Sys_DiT_noref_2,4.85,2.15,421
209,Sys_DiT_noref_3,4.85,3.15,421
210,User_DiT_1,3.12,3.0,426
210,User_DiT_2,3.75,3.0,426
210,User_DiT_3,3.75,2.0,426
210,Sys_DiT_noref_1,2.85,1.2,426
210,Sys_DiT_noref_2,3.65,1.85,426
210,Sys_DiT_noref_3,2.85,1.92,426
211,User_DiT_1,3.12,1.0,426
211,User_DiT_2,3.12,1.0,426
211,User_DiT_3,3.12,2.0,426
211,Sys_DiT_noref_1,2.85,1.25,426
211,Sys_DiT_noref_2,2.85,1.42,426
211,Sys_DiT_noref_3,2.85,1.25,426
212,User_DiT_1,3.12,2.0,426
212,User_DiT_2,3.12,2.0,426
212,User_DiT_3,2.86,3.0,426
212,Sys_DiT_noref_1,1.85,1.2,426
212,Sys_DiT_noref_2,1.85,1.2,426
212,Sys_DiT_noref_3,2.15,1.85,426
213,User_DiT_1,3.12,3.0,426
213,User_DiT_2,3.12,3.0,426
213,User_DiT_3,3.12,2.0,426
213,Sys_DiT_noref_1,2.85,1.42,426
213,Sys_DiT_noref_2,2.85,1.42,426
213,Sys_DiT_noref_3,3.45,1.85,426
214,User_DiT_1,2.22,2.0,426
214,User_DiT_2,2.22,1.0,426
214,User_DiT_3,2.22,1.0,426
214,Sys_DiT_noref_1,2.85,1.15,426
214,Sys_DiT_noref_2,2.15,1.2,426
214,Sys_DiT_noref_3,2.15,1.25,426
215,User_DiT_1,5.0,4.0,429
215,User_DiT_2,5.0,4.0,429
215,User_DiT_3,5.0,4.0,429
215,Sys_DiT_noref_1,4.85,3.2,429
215,Sys_DiT_noref_2,4.85,3.2,429
215,Sys_DiT_noref_3,4.85,3.2,429
216,User_DiT_1,5.0,5.0,429
216,User_DiT_2,5.0,5.0,429
216,User_DiT_3,5.0,3.0,429
216,Sys_DiT_noref_1,4.85,4.92,429
216,Sys_DiT_noref_2,4.85,3.75,429
216,Sys_DiT_noref_3,4.95,4.98,429
217,User_DiT_1,0.0,5.0,429
217,User_DiT_2,0.0,5.0,429
217,User_DiT_3,0.0,5.0,429
217,Sys_DiT_noref_1,4.98,4.95,429
217,Sys_DiT_noref_2,4.92,4.85,429
217,Sys_DiT_noref_3,4.85,3.92,429
218,User_DiT_1,5.0,5.0,429
218,User_DiT_2,5.0,2.0,429
218,User_DiT_3,5.0,5.0,429
218,Sys_DiT_noref_1,4.85,4.2,429
218,Sys_DiT_noref_2,4.85,4.62,429
218,Sys_DiT_noref_3,4.85,3.92,429
219,User_DiT_1,5.0,5.0,429
219,User_DiT_2,5.0,4.0,429
219,User_DiT_3,5.0,5.0,429
219,Sys_DiT_noref_1,4.98,4.95,429
219,Sys_DiT_noref_2,4.98,4.95,429
219,Sys_DiT_noref_3,4.85,4.92,429
220,User_DiT_1,5.0,1.0,432
220,User_DiT_2,5.0,2.0,432
220,User_DiT_3,4.38,2.0,432
220,Sys_DiT_noref_1,2.15,1.25,432
220,Sys_DiT_noref_2,1.42,0.85,432
220,Sys_DiT_noref_3,4.85,1.2,432
221,User_DiT_1,5.0,2.0,432
221,User_DiT_2,5.0,3.0,432
221,User_DiT_3,5.0,3.0,432
221,Sys_DiT_noref_1,4.85,1.2,432
221,Sys_DiT_noref_2,4.65,2.1,432
221,Sys_DiT_noref_3,4.15,1.85,432
222,User_DiT_1,4.38,3.0,432
222,User_DiT_2,4.38,2.0,432
222,User_DiT_3,4.38,2.0,432
222,Sys_DiT_noref_1,1.85,3.2,432
222,Sys_DiT_noref_2,2.85,3.42,432
222,Sys_DiT_noref_3,1.85,3.42,432
223,User_DiT_1,0.56,1.0,432
223,User_DiT_2,0.56,1.0,432
223,User_DiT_3,3.12,1.0,432
223,Sys_DiT_noref_1,1.25,0.85,432
223,Sys_DiT_noref_2,1.25,0.85,432
223,Sys_DiT_noref_3,1.25,0.85,432
224,User_DiT_1,3.33,2.0,432
224,User_DiT_2,4.29,2.0,432
224,User_DiT_3,3.33,3.0,432
224,Sys_DiT_noref_1,2.15,1.82,432
224,Sys_DiT_noref_2,2.85,1.2,432
224,Sys_DiT_noref_3,4.12,1.85,432
225,User_DiT_1,5.0,4.0,443
225,User_DiT_2,5.0,4.0,443
225,User_DiT_3,5.0,3.0,443
225,Sys_DiT_noref_1,4.85,3.2,443
225,Sys_DiT_noref_2,4.65,2.85,443
225,Sys_DiT_noref_3,4.65,3.85,443
226,User_DiT_1,4.44,3.0,443
226,User_DiT_2,4.44,4.0,443
226,User_DiT_3,4.44,4.0,443
226,Sys_DiT_noref_1,4.65,3.85,443
226,Sys_DiT_noref_2,4.65,3.85,443
226,Sys_DiT_noref_3,4.85,3.6,443
227,User_DiT_1,4.44,5.0,443
227,User_DiT_2,4.44,5.0,443
227,User_DiT_3,4.44,4.0,443
227,Sys_DiT_noref_1,4.65,3.85,443
227,Sys_DiT_noref_2,4.65,3.85,443
227,Sys_DiT_noref_3,4.92,3.85,443
228,User_DiT_1,1.67,1.0,443
228,User_DiT_2,1.67,1.0,443
228,User_DiT_3,1.67,1.0,443
228,Sys_DiT_noref_1,2.15,1.25,443
228,Sys_DiT_noref_2,2.15,1.2,443
228,Sys_DiT_noref_3,1.85,0.92,443
229,User_DiT_1,0.0,4.0,443
229,User_DiT_2,4.38,5.0,443
229,User_DiT_3,4.38,4.0,443
229,Sys_DiT_noref_1,4.85,4.72,443
229,Sys_DiT_noref_2,4.65,3.85,443
229,Sys_DiT_noref_3,4.65,3.8,443
230,User_DiT_1,3.12,3.0,446
230,User_DiT_2,3.12,1.0,446
230,User_DiT_3,4.38,3.0,446
230,Sys_DiT_noref_1,4.15,2.85,446
230,Sys_DiT_noref_2,2.15,1.8,446
230,Sys_DiT_noref_3,1.25,0.85,446
231,User_DiT_1,4.29,3.0,446
231,User_DiT_2,4.29,3.0,446
231,User_DiT_3,5.0,3.0,446
231,Sys_DiT_noref_1,4.12,1.85,446
231,Sys_DiT_noref_2,4.15,1.85,446
231,Sys_DiT_noref_3,3.42,1.85,446
232,User_DiT_1,1.11,3.0,446
232,User_DiT_2,1.11,4.0,446
232,User_DiT_3,1.11,4.0,446
232,Sys_DiT_noref_1,0.85,4.12,446
232,Sys_DiT_noref_2,1.15,2.85,446
232,Sys_DiT_noref_3,1.15,1.85,446
233,User_DiT_1,5.0,3.0,446
233,User_DiT_2,5.0,2.0,446
233,User_DiT_3,5.0,2.0,446
233,Sys_DiT_noref_1,4.12,1.85,446
233,Sys_DiT_noref_2,4.85,1.65,446
233,Sys_DiT_noref_3,4.65,1.85,446
234,User_DiT_1,3.75,3.0,446
234,User_DiT_2,5.0,2.0,446
234,User_DiT_3,5.0,3.0,446
234,Sys_DiT_noref_1,3.85,1.92,446
234,Sys_DiT_noref_2,3.85,1.42,446
234,Sys_DiT_noref_3,3.85,1.42,446
235,User_DiT_1,1.88,2.0,453
235,User_DiT_2,2.5,2.0,453
235,User_DiT_3,2.5,2.0,453
235,Sys_DiT_noref_1,2.15,1.25,453
235,Sys_DiT_noref_2,3.82,2.15,453
235,Sys_DiT_noref_3,4.12,1.85,453
236,User_DiT_1,4.38,2.0,453
236,User_DiT_2,4.38,4.0,453
236,User_DiT_3,4.38,2.0,453
236,Sys_DiT_noref_1,4.65,2.85,453
236,Sys_DiT_noref_2,4.65,3.82,453
236,Sys_DiT_noref_3,4.65,1.85,453
237,User_DiT_1,4.38,4.0,453
237,User_DiT_2,5.0,4.0,453
237,User_DiT_3,5.0,3.0,453
237,Sys_DiT_noref_1,4.85,3.72,453
237,Sys_DiT_noref_2,4.85,2.15,453
237,Sys_DiT_noref_3,4.85,3.2,453
238,User_DiT_1,5.0,2.0,453
238,User_DiT_2,1.25,2.0,453
238,User_DiT_3,1.25,2.0,453
238,Sys_DiT_noref_1,4.12,1.85,453
238,Sys_DiT_noref_2,3.85,1.75,453
238,Sys_DiT_noref_3,3.85,2.9,453
239,User_DiT_1,1.25,1.0,453
239,User_DiT_2,1.25,1.0,453
239,User_DiT_3,0.62,2.0,453
239,Sys_DiT_noref_1,1.85,0.92,453
239,Sys_DiT_noref_2,1.25,0.85,453
239,Sys_DiT_noref_3,1.25,0.85,453
240,User_DiT_1,5.0,5.0,461
240,User_DiT_2,5.0,5.0,461
240,User_DiT_3,5.0,5.0,461
240,Sys_DiT_noref_1,5.0,5.0,461
240,Sys_DiT_noref_2,4.85,4.92,461
240,Sys_DiT_noref_3,5.0,5.0,461
241,User_DiT_1,4.44,4.0,461
241,User_DiT_2,3.89,4.0,461
241,User_DiT_3,4.44,4.0,461
241,Sys_DiT_noref_1,5.0,5.0,461
241,Sys_DiT_noref_2,4.65,3.85,461
241,Sys_DiT_noref_3,4.15,1.85,461
242,User_DiT_1,5.0,4.0,461
242,User_DiT_2,5.0,4.0,461
242,User_DiT_3,5.0,4.0,461
242,Sys_DiT_noref_1,4.63,2.85,461
242,Sys_DiT_noref_2,4.15,3.85,461
242,Sys_DiT_noref_3,4.85,3.2,461
243,User_DiT_1,4.44,5.0,461
243,User_DiT_2,4.44,4.0,461
243,User_DiT_3,4.44,5.0,461
243,Sys_DiT_noref_1,4.85,4.92,461
243,Sys_DiT_noref_2,4.92,4.98,461
243,Sys_DiT_noref_3,4.65,3.85,461
244,User_DiT_1,3.89,4.0,461
244,User_DiT_2,3.33,4.0,461
244,User_DiT_3,4.44,5.0,461
244,Sys_DiT_noref_1,3.45,2.15,461
244,Sys_DiT_noref_2,4.85,4.92,461
244,Sys_DiT_noref_3,4.85,4.6,461
245,User_DiT_1,4.44,3.0,477
245,User_DiT_2,4.44,3.0,477
245,User_DiT_3,4.44,3.0,477
245,Sys_DiT_noref_1,4.12,1.85,477
245,Sys_DiT_noref_2,4.12,1.85,477
245,Sys_DiT_noref_3,4.12,1.85,477
246,User_DiT_1,0.0,3.0,477
246,User_DiT_2,1.67,2.0,477
246,User_DiT_3,0.0,2.0,477
246,Sys_DiT_noref_1,1.25,2.85,477
246,Sys_DiT_noref_2,1.25,2.8,477
246,Sys_DiT_noref_3,0.15,1.85,477
247,User_DiT_1,2.22,1.0,477
247,User_DiT_2,2.22,1.0,477
247,User_DiT_3,2.78,1.0,477
247,Sys_DiT_noref_1,2.15,1.85,477
247,Sys_DiT_noref_2,1.85,1.2,477
247,Sys_DiT_noref_3,2.15,1.85,477
248,User_DiT_1,0.56,3.0,477
248,User_DiT_2,0.0,2.0,477
248,User_DiT_3,0.56,2.0,477
248,Sys_DiT_noref_1,0.12,2.35,477
248,Sys_DiT_noref_2,0.12,1.85,477
248,Sys_DiT_noref_3,0.12,1.85,477
249,User_DiT_1,1.88,4.0,477
249,User_DiT_2,1.88,4.0,477
249,User_DiT_3,1.88,2.0,477
249,Sys_DiT_noref_1,1.25,2.15,477
249,Sys_DiT_noref_2,1.25,3.68,477
249,Sys_DiT_noref_3,1.85,3.6,477
250,User_DiT_1,1.11,2.0,479
250,User_DiT_2,2.22,2.0,479
250,User_DiT_3,2.22,1.0,479
250,Sys_DiT_noref_1,1.15,0.85,479
250,Sys_DiT_noref_2,1.15,1.85,479
250,Sys_DiT_noref_3,1.25,1.85,479
251,User_DiT_1,3.12,4.0,479
251,User_DiT_2,3.75,2.0,479
251,User_DiT_3,3.12,3.0,479
251,Sys_DiT_noref_1,4.65,2.85,479
251,Sys_DiT_noref_2,4.12,2.85,479
251,Sys_DiT_noref_3,3.42,1.85,479
252,User_DiT_1,0.56,0.0,479
252,User_DiT_2,0.56,0.0,479
252,User_DiT_3,0.0,1.0,479
252,Sys_DiT_noref_1,0.12,0.05,479
252,Sys_DiT_noref_2,0.12,0.85,479
252,Sys_DiT_noref_3,0.12,0.08,479
253,User_DiT_1,0.0,5.0,479
253,User_DiT_2,0.0,4.0,479
253,User_DiT_3,0.0,5.0,479
253,Sys_DiT_noref_1,4.92,5.0,479
253,Sys_DiT_noref_2,4.85,3.65,479
253,Sys_DiT_noref_3,4.85,3.2,479
254,User_DiT_1,3.75,4.0,479
254,User_DiT_2,3.75,4.0,479
254,User_DiT_3,3.75,3.0,479
254,Sys_DiT_noref_1,3.85,2.15,479
254,Sys_DiT_noref_2,4.65,3.85,479
254,Sys_DiT_noref_3,4.12,3.85,479
255,User_DiT_1,0.0,1.0,481
255,User_DiT_2,0.0,1.0,481
255,User_DiT_3,0.0,1.0,481
255,Sys_DiT_noref_1,0.0,1.25,481
255,Sys_DiT_noref_2,0.0,0.0,481
255,Sys_DiT_noref_3,0.0,0.0,481
256,User_DiT_1,2.78,2.0,481
256,User_DiT_2,1.67,2.0,481
256,User_DiT_3,2.5,2.0,481
256,Sys_DiT_noref_1,4.15,1.85,481
256,Sys_DiT_noref_2,1.85,1.2,481
256,Sys_DiT_noref_3,3.15,1.85,481
257,User_DiT_1,3.12,4.0,481
257,User_DiT_2,3.89,4.0,481
257,User_DiT_3,3.89,4.0,481
257,Sys_DiT_noref_1,4.15,3.85,481
257,Sys_DiT_noref_2,3.42,1.85,481
257,Sys_DiT_noref_3,4.15,1.85,481
258,User_DiT_1,1.67,1.0,481
258,User_DiT_2,1.67,1.0,481
258,User_DiT_3,0.56,1.0,481
258,Sys_DiT_noref_1,1.25,1.15,481
258,Sys_DiT_noref_2,1.25,0.85,481
258,Sys_DiT_noref_3,1.25,0.85,481
259,User_DiT_1,4.44,4.0,481
259,User_DiT_2,4.44,3.0,481
259,User_DiT_3,3.89,4.0,481
259,Sys_DiT_noref_1,4.15,1.85,481
259,Sys_DiT_noref_2,4.12,1.85,481
259,Sys_DiT_noref_3,4.15,1.85,481
260,User_DiT_1,5.0,5.0,488
260,User_DiT_2,4.29,3.0,488
260,User_DiT_3,5.0,4.0,488
260,Sys_DiT_noref_1,4.85,4.72,488
260,Sys_DiT_noref_2,4.85,4.72,488
260,Sys_DiT_noref_3,4.92,4.85,488
261,User_DiT_1,5.0,5.0,488
261,User_DiT_2,5.0,4.0,488
261,User_DiT_3,5.0,4.0,488
261,Sys_DiT_noref_1,4.72,2.85,488
261,Sys_DiT_noref_2,3.45,2.15,488
261,Sys_DiT_noref_3,1.85,0.92,488
262,User_DiT_1,5.0,5.0,488
262,User_DiT_2,5.0,5.0,488
262,User_DiT_3,5.0,5.0,488
262,Sys_DiT_noref_1,4.62,3.85,488
262,Sys_DiT_noref_2,4.12,2.85,488
262,Sys_DiT_noref_3,4.65,3.85,488
263,User_DiT_1,1.43,1.0,488
263,User_DiT_2,5.0,4.0,488
263,User_DiT_3,1.43,1.0,488
263,Sys_DiT_noref_1,4.72,3.85,488
263,Sys_DiT_noref_2,1.85,0.92,488
263,Sys_DiT_noref_3,1.85,1.2,488
264,User_DiT_1,4.38,3.0,488
264,User_DiT_2,4.38,4.0,488
264,User_DiT_3,4.38,4.0,488
264,Sys_DiT_noref_1,4.25,3.85,488
264,Sys_DiT_noref_2,4.25,1.85,488
264,Sys_DiT_noref_3,2.85,3.1,488
265,User_DiT_1,0.0,4.0,499
265,User_DiT_2,3.57,4.0,499
265,User_DiT_3,0.0,2.0,499
265,Sys_DiT_noref_1,3.85,2.65,499
265,Sys_DiT_noref_2,3.82,4.15,499
265,Sys_DiT_noref_3,3.85,3.2,499
266,User_DiT_1,5.0,3.0,499
266,User_DiT_2,5.0,3.0,499
266,User_DiT_3,5.0,3.0,499
266,Sys_DiT_noref_1,3.82,2.75,499
266,Sys_DiT_noref_2,2.85,3.2,499
266,Sys_DiT_noref_3,3.45,2.85,499
267,User_DiT_1,5.0,4.0,499
267,User_DiT_2,5.0,4.0,499
267,User_DiT_3,5.0,4.0,499
267,Sys_DiT_noref_1,4.95,4.85,499
267,Sys_DiT_noref_2,4.65,3.85,499
267,Sys_DiT_noref_3,4.85,3.75,499
268,User_DiT_1,5.0,2.0,499
268,User_DiT_2,5.0,2.0,499
268,User_DiT_3,5.0,2.0,499
268,Sys_DiT_noref_1,3.85,2.45,499
268,Sys_DiT_noref_2,3.85,2.1,499
268,Sys_DiT_noref_3,3.45,2.8,499
269,User_DiT_1,5.0,2.0,499
269,User_DiT_2,5.0,2.0,499
269,User_DiT_3,5.0,2.0,499
269,Sys_DiT_noref_1,4.85,2.15,499
269,Sys_DiT_noref_2,4.12,2.85,499
269,Sys_DiT_noref_3,4.12,1.85,499
270,User_DiT_1,4.29,2.0,529
270,User_DiT_2,5.0,2.0,529
270,User_DiT_3,4.29,2.0,529
270,Sys_DiT_noref_1,4.85,2.15,529
270,Sys_DiT_noref_2,4.82,2.15,529
270,Sys_DiT_noref_3,4.85,1.75,529
271,User_DiT_1,4.29,2.0,529
271,User_DiT_2,3.57,2.0,529
271,User_DiT_3,4.29,1.0,529
271,Sys_DiT_noref_1,4.12,1.85,529
271,Sys_DiT_noref_2,4.12,1.85,529
271,Sys_DiT_noref_3,4.12,1.85,529
272,User_DiT_1,4.29,4.0,529
272,User_DiT_2,4.17,4.0,529
272,User_DiT_3,4.17,4.0,529
272,Sys_DiT_noref_1,4.15,3.85,529
272,Sys_DiT_noref_2,4.85,4.2,529
272,Sys_DiT_noref_3,4.15,3.85,529
273,User_DiT_1,5.0,2.0,529
273,User_DiT_2,4.29,2.0,529
273,User_DiT_3,4.29,2.0,529
273,Sys_DiT_noref_1,3.25,1.8,529
273,Sys_DiT_noref_2,4.12,2.85,529
273,Sys_DiT_noref_3,3.42,1.85,529
274,User_DiT_1,3.33,1.0,529
274,User_DiT_2,4.17,1.0,529
274,User_DiT_3,3.33,1.0,529
274,Sys_DiT_noref_1,3.82,1.47,529
274,Sys_DiT_noref_2,1.85,0.92,529
274,Sys_DiT_noref_3,1.85,0.42,529
275,User_DiT_1,4.38,3.0,535
275,User_DiT_2,3.75,3.0,535
275,User_DiT_3,3.75,3.0,535
275,Sys_DiT_noref_1,3.85,1.65,535
275,Sys_DiT_noref_2,4.12,2.85,535
275,Sys_DiT_noref_3,4.85,3.75,535
276,User_DiT_1,4.29,2.0,535
276,User_DiT_2,4.38,2.0,535
276,User_DiT_3,4.38,3.0,535
276,Sys_DiT_noref_1,2.15,1.85,535
276,Sys_DiT_noref_2,2.85,3.42,535
276,Sys_DiT_noref_3,2.85,2.15,535
277,User_DiT_1,4.38,3.0,535
277,User_DiT_2,4.38,3.0,535
277,User_DiT_3,4.38,2.0,535
277,Sys_DiT_noref_1,3.82,1.47,535
277,Sys_DiT_noref_2,4.65,3.85,535
277,Sys_DiT_noref_3,4.12,2.35,535
278,User_DiT_1,4.0,4.0,535
278,User_DiT_2,4.17,3.0,535
278,User_DiT_3,4.17,4.0,535
278,Sys_DiT_noref_1,3.42,2.15,535
278,Sys_DiT_noref_2,4.85,3.72,535
278,Sys_DiT_noref_3,4.12,3.65,535
279,User_DiT_1,4.29,2.0,535
279,User_DiT_2,3.12,3.0,535
279,User_DiT_3,3.12,3.0,535
279,Sys_DiT_noref_1,3.42,2.85,535
279,Sys_DiT_noref_2,3.42,2.15,535
279,Sys_DiT_noref_3,3.82,2.15,535
280,User_DiT_1,0.0,2.0,554
280,User_DiT_2,0.0,2.0,554
280,User_DiT_3,0.0,2.0,554
280,Sys_DiT_noref_1,1.25,0.85,554
280,Sys_DiT_noref_2,4.85,1.92,554
280,Sys_DiT_noref_3,4.85,1.65,554
281,User_DiT_1,0.0,4.0,554
281,User_DiT_2,0.0,2.0,554
281,User_DiT_3,0.0,4.0,554
281,Sys_DiT_noref_1,4.85,3.2,554
281,Sys_DiT_noref_2,4.25,2.85,554
281,Sys_DiT_noref_3,4.12,1.85,554
282,User_DiT_1,0.0,2.0,554
282,User_DiT_2,0.0,2.0,554
282,User_DiT_3,0.0,3.0,554
282,Sys_DiT_noref_1,4.85,2.15,554
282,Sys_DiT_noref_2,4.85,1.92,554
282,Sys_DiT_noref_3,4.85,1.25,554
283,User_DiT_1,0.0,3.0,554
283,User_DiT_2,0.0,4.0,554
283,User_DiT_3,0.0,3.0,554
283,Sys_DiT_noref_1,4.85,3.6,554
283,Sys_DiT_noref_2,4.85,2.65,554
283,Sys_DiT_noref_3,4.85,3.6,554
284,User_DiT_1,0.0,2.0,554
284,User_DiT_2,0.0,2.0,554
284,User_DiT_3,0.0,4.0,554
284,Sys_DiT_noref_1,4.85,3.2,554
284,Sys_DiT_noref_2,4.85,3.6,554
284,Sys_DiT_noref_3,4.85,3.2,554
285,User_DiT_1,5.0,3.0,567
285,User_DiT_2,5.0,3.0,567
285,User_DiT_3,5.0,4.0,567
285,Sys_DiT_noref_1,4.35,2.85,567
285,Sys_DiT_noref_2,4.85,3.92,567
285,Sys_DiT_noref_3,4.12,1.85,567
286,User_DiT_1,4.38,3.0,567
286,User_DiT_2,5.0,4.0,567
286,User_DiT_3,5.0,3.0,567
286,Sys_DiT_noref_1,4.12,2.85,567
286,Sys_DiT_noref_2,4.12,2.85,567
286,Sys_DiT_noref_3,3.15,1.85,567
287,User_DiT_1,4.29,3.0,567
287,User_DiT_2,5.0,3.0,567
287,User_DiT_3,4.29,3.0,567
287,Sys_DiT_noref_1,4.65,2.85,567
287,Sys_DiT_noref_2,4.65,3.85,567
287,Sys_DiT_noref_3,4.65,2.85,567
288,User_DiT_1,5.0,3.0,567
288,User_DiT_2,5.0,3.0,567
288,User_DiT_3,5.0,4.0,567
288,Sys_DiT_noref_1,4.12,3.68,567
288,Sys_DiT_noref_2,4.85,3.72,567
288,Sys_DiT_noref_3,4.82,3.65,567
289,User_DiT_1,5.0,2.0,567
289,User_DiT_2,1.88,2.0,567
289,User_DiT_3,4.29,2.0,567
289,Sys_DiT_noref_1,3.42,2.15,567
289,Sys_DiT_noref_2,2.85,1.75,567
289,Sys_DiT_noref_3,3.85,1.42,567
290,User_DiT_1,4.38,1.0,575
290,User_DiT_2,4.38,1.0,575
290,User_DiT_3,4.38,1.0,575
290,Sys_DiT_noref_1,2.85,3.92,575
290,Sys_DiT_noref_2,3.65,1.85,575
290,Sys_DiT_noref_3,4.15,1.35,575
291,User_DiT_1,4.38,3.0,575
291,User_DiT_2,4.29,3.0,575
291,User_DiT_3,4.29,3.0,575
291,Sys_DiT_noref_1,3.85,1.2,575
291,Sys_DiT_noref_2,2.85,0.92,575
291,Sys_DiT_noref_3,3.85,2.15,575
292,User_DiT_1,4.17,1.0,575
292,User_DiT_2,3.57,2.0,575
292,User_DiT_3,3.57,2.0,575
292,Sys_DiT_noref_1,4.85,1.25,575
292,Sys_DiT_noref_2,4.12,1.85,575
292,Sys_DiT_noref_3,4.85,1.25,575
293,User_DiT_1,3.57,2.0,575
293,User_DiT_2,3.57,2.0,575
293,User_DiT_3,0.0,2.0,575
293,Sys_DiT_noref_1,4.12,1.85,575
293,Sys_DiT_noref_2,2.85,1.42,575
293,Sys_DiT_noref_3,3.85,1.65,575
294,User_DiT_1,4.17,2.0,575
294,User_DiT_2,5.0,2.0,575
294,User_DiT_3,5.0,2.0,575
294,Sys_DiT_noref_1,3.42,2.85,575
294,Sys_DiT_noref_2,2.15,1.85,575
294,Sys_DiT_noref_3,3.42,1.85,575
295,User_DiT_1,0.0,1.0,585
295,User_DiT_2,0.0,1.0,585
295,User_DiT_3,0.0,1.0,585
295,Sys_DiT_noref_1,0.0,0.5,585
295,Sys_DiT_noref_2,0.0,0.0,585
295,Sys_DiT_noref_3,0.15,4.85,585
296,User_DiT_1,0.0,1.0,585
296,User_DiT_2,0.0,1.0,585
296,User_DiT_3,0.0,1.0,585
296,Sys_DiT_noref_1,1.85,1.2,585
296,Sys_DiT_noref_2,0.85,1.2,585
296,Sys_DiT_noref_3,0.12,0.08,585
297,User_DiT_1,5.0,2.0,585
297,User_DiT_2,5.0,2.0,585
297,User_DiT_3,5.0,2.0,585
297,Sys_DiT_noref_1,3.85,1.92,585
297,Sys_DiT_noref_2,3.42,2.15,585
297,Sys_DiT_noref_3,1.85,1.65,585
298,User_DiT_1,0.0,2.0,585
298,User_DiT_2,5.0,3.0,585
298,User_DiT_3,2.5,3.0,585
298,Sys_DiT_noref_1,1.85,1.2,585
298,Sys_DiT_noref_2,1.25,1.8,585
298,Sys_DiT_noref_3,2.15,1.85,585
299,User_DiT_1,4.17,3.0,585
299,User_DiT_2,4.17,2.0,585
299,User_DiT_3,4.17,3.0,585
299,Sys_DiT_noref_1,4.12,2.35,585
299,Sys_DiT_noref_2,4.12,2.35,585
299,Sys_DiT_noref_3,4.12,3.85,585
300,User_DiT_1,4.0,3.0,590
300,User_DiT_2,4.0,4.0,590
300,User_DiT_3,4.0,4.0,590
300,Sys_DiT_noref_1,4.72,3.85,590
300,Sys_DiT_noref_2,4.12,2.85,590
300,Sys_DiT_noref_3,4.12,2.35,590
301,User_DiT_1,4.29,4.0,590
301,User_DiT_2,4.29,3.0,590
301,User_DiT_3,4.29,3.0,590
301,Sys_DiT_noref_1,4.12,1.85,590
301,Sys_DiT_noref_2,4.62,3.15,590
301,Sys_DiT_noref_3,4.12,2.35,590
302,User_DiT_1,4.0,2.0,590
302,User_DiT_2,4.0,2.0,590
302,User_DiT_3,4.0,2.0,590
302,Sys_DiT_noref_1,2.85,1.2,590
302,Sys_DiT_noref_2,3.42,1.85,590
302,Sys_DiT_noref_3,3.85,2.15,590
303,User_DiT_1,5.0,4.0,590
303,User_DiT_2,5.0,4.0,590
303,User_DiT_3,5.0,3.0,590
303,Sys_DiT_noref_1,3.15,1.85,590
303,Sys_DiT_noref_2,3.85,1.65,590
303,Sys_DiT_noref_3,4.85,2.65,590
304,User_DiT_1,3.57,2.0,590
304,User_DiT_2,4.29,2.0,590
304,User_DiT_3,4.29,2.0,590
304,Sys_DiT_noref_1,3.45,1.82,590
304,Sys_DiT_noref_2,2.85,1.2,590
304,Sys_DiT_noref_3,3.15,1.25,590
305,User_DiT_1,1.11,2.0,605
305,User_DiT_2,1.11,3.0,605
305,User_DiT_3,1.25,2.0,605
305,Sys_DiT_noref_1,1.15,3.85,605
305,Sys_DiT_noref_2,1.15,1.85,605
305,Sys_DiT_noref_3,0.45,1.85,605
306,User_DiT_1,0.0,1.0,605
306,User_DiT_2,0.0,1.0,605
306,User_DiT_3,0.0,1.0,605
306,Sys_DiT_noref_1,2.15,1.85,605
306,Sys_DiT_noref_2,1.85,1.2,605
306,Sys_DiT_noref_3,2.85,1.25,605
307,User_DiT_1,2.5,1.0,605
307,User_DiT_2,1.11,1.0,605
307,User_DiT_3,2.5,2.0,605
307,Sys_DiT_noref_1,1.15,0.85,605
307,Sys_DiT_noref_2,1.15,0.85,605
307,Sys_DiT_noref_3,1.25,0.85,605
308,User_DiT_1,5.0,4.0,605
308,User_DiT_2,5.0,3.0,605
308,User_DiT_3,5.0,4.0,605
308,Sys_DiT_noref_1,4.85,3.2,605
308,Sys_DiT_noref_2,1.85,1.2,605
308,Sys_DiT_noref_3,4.85,2.75,605
309,User_DiT_1,5.0,2.0,605
309,User_DiT_2,5.0,2.0,605
309,User_DiT_3,5.0,3.0,605
309,Sys_DiT_noref_1,3.85,2.15,605
309,Sys_DiT_noref_2,2.85,1.42,605
309,Sys_DiT_noref_3,3.42,1.85,605
310,User_DiT_1,0.0,2.0,606
310,User_DiT_2,0.56,2.0,606
310,User_DiT_3,0.0,2.0,606
310,Sys_DiT_noref_1,0.12,0.85,606
310,Sys_DiT_noref_2,0.12,0.85,606
310,Sys_DiT_noref_3,0.12,0.85,606
311,User_DiT_1,5.0,2.0,606
311,User_DiT_2,1.67,2.0,606
311,User_DiT_3,5.0,2.0,606
311,Sys_DiT_noref_1,3.42,2.15,606
311,Sys_DiT_noref_2,2.85,1.42,606
311,Sys_DiT_noref_3,3.45,2.85,606
312,User_DiT_1,0.62,3.0,606
312,User_DiT_2,0.62,2.0,606
312,User_DiT_3,0.62,3.0,606
312,Sys_DiT_noref_1,2.85,3.1,606
312,Sys_DiT_noref_2,2.85,3.42,606
312,Sys_DiT_noref_3,2.15,1.25,606
313,User_DiT_1,4.44,4.0,606
313,User_DiT_2,4.44,3.0,606
313,User_DiT_3,4.44,4.0,606
313,Sys_DiT_noref_1,4.15,2.85,606
313,Sys_DiT_noref_2,4.15,2.85,606
313,Sys_DiT_noref_3,4.15,2.65,606
314,User_DiT_1,4.17,3.0,606
314,User_DiT_2,4.17,2.0,606
314,User_DiT_3,4.17,3.0,606
314,Sys_DiT_noref_1,3.42,1.85,606
314,Sys_DiT_noref_2,3.42,1.85,606
314,Sys_DiT_noref_3,4.85,1.65,606
315,User_DiT_1,0.62,2.0,626
315,User_DiT_2,0.62,2.0,626
315,User_DiT_3,0.62,2.0,626
315,Sys_DiT_noref_1,0.85,1.2,626
315,Sys_DiT_noref_2,1.25,3.85,626
315,Sys_DiT_noref_3,1.25,1.8,626
316,User_DiT_1,5.0,3.0,626
316,User_DiT_2,5.0,4.0,626
316,User_DiT_3,5.0,4.0,626
316,Sys_DiT_noref_1,4.12,2.85,626
316,Sys_DiT_noref_2,4.62,3.15,626
316,Sys_DiT_noref_3,4.12,2.85,626
317,User_DiT_1,4.0,3.0,626
317,User_DiT_2,5.0,3.0,626
317,User_DiT_3,5.0,3.0,626
317,Sys_DiT_noref_1,4.12,2.85,626
317,Sys_DiT_noref_2,4.12,2.85,626
317,Sys_DiT_noref_3,3.85,1.42,626
318,User_DiT_1,1.88,3.0,626
318,User_DiT_2,1.88,3.0,626
318,User_DiT_3,3.57,3.0,626
318,Sys_DiT_noref_1,4.12,2.85,626
318,Sys_DiT_noref_2,4.65,2.85,626
318,Sys_DiT_noref_3,4.15,2.85,626
319,User_DiT_1,5.0,3.0,626
319,User_DiT_2,3.75,3.0,626
319,User_DiT_3,5.0,3.0,626
319,Sys_DiT_noref_1,4.12,1.85,626
319,Sys_DiT_noref_2,4.85,2.15,626
319,Sys_DiT_noref_3,4.12,1.85,626
320,User_DiT_1,4.38,4.0,632
320,User_DiT_2,4.38,3.0,632
320,User_DiT_3,4.38,4.0,632
320,Sys_DiT_noref_1,4.92,4.85,632
320,Sys_DiT_noref_2,4.85,4.2,632
320,Sys_DiT_noref_3,4.65,3.85,632
321,User_DiT_1,3.12,2.0,632
321,User_DiT_2,3.12,2.0,632
321,User_DiT_3,3.12,2.0,632
321,Sys_DiT_noref_1,3.85,1.92,632
321,Sys_DiT_noref_2,3.85,1.92,632
321,Sys_DiT_noref_3,2.85,1.2,632
322,User_DiT_1,1.88,2.0,632
322,User_DiT_2,0.0,2.0,632
322,User_DiT_3,0.0,2.0,632
322,Sys_DiT_noref_1,1.82,3.45,632
322,Sys_DiT_noref_2,0.85,1.2,632
322,Sys_DiT_noref_3,1.85,1.2,632
323,User_DiT_1,5.0,1.0,632
323,User_DiT_2,4.17,2.0,632
323,User_DiT_3,4.17,2.0,632
323,Sys_DiT_noref_1,3.82,1.47,632
323,Sys_DiT_noref_2,2.85,1.92,632
323,Sys_DiT_noref_3,3.85,1.2,632
324,User_DiT_1,4.29,3.0,632
324,User_DiT_2,4.29,4.0,632
324,User_DiT_3,4.29,4.0,632
324,Sys_DiT_noref_1,3.75,2.1,632
324,Sys_DiT_noref_2,4.12,3.65,632
324,Sys_DiT_noref_3,3.45,1.85,632
325,User_DiT_1,4.38,4.0,633
325,User_DiT_2,5.0,4.0,633
325,User_DiT_3,5.0,4.0,633
325,Sys_DiT_noref_1,4.25,2.85,633
325,Sys_DiT_noref_2,4.25,2.85,633
325,Sys_DiT_noref_3,4.25,2.85,633
326,User_DiT_1,2.78,4.0,633
326,User_DiT_2,2.78,4.0,633
326,User_DiT_3,2.78,4.0,633
326,Sys_DiT_noref_1,4.15,2.85,633
326,Sys_DiT_noref_2,4.85,3.92,633
326,Sys_DiT_noref_3,4.65,4.12,633
327,User_DiT_1,4.29,1.0,633
327,User_DiT_2,2.5,1.0,633
327,User_DiT_3,2.5,2.0,633
327,Sys_DiT_noref_1,2.85,1.92,633
327,Sys_DiT_noref_2,2.85,1.2,633
327,Sys_DiT_noref_3,4.12,1.85,633
328,User_DiT_1,4.38,4.0,633
328,User_DiT_2,4.38,4.0,633
328,User_DiT_3,4.38,4.0,633
328,Sys_DiT_noref_1,4.65,2.85,633
328,Sys_DiT_noref_2,4.12,2.35,633
328,Sys_DiT_noref_3,4.25,2.15,633
329,User_DiT_1,4.38,3.0,633
329,User_DiT_2,4.38,3.0,633
329,User_DiT_3,4.38,3.0,633
329,Sys_DiT_noref_1,4.85,3.2,633
329,Sys_DiT_noref_2,4.12,1.85,633
329,Sys_DiT_noref_3,4.85,2.2,633
330,User_DiT_1,0.0,3.0,634
330,User_DiT_2,0.0,2.0,634
330,User_DiT_3,0.0,2.0,634
330,Sys_DiT_noref_1,0.85,3.2,634
330,Sys_DiT_noref_2,0.05,3.85,634
330,Sys_DiT_noref_3,0.45,3.2,634
331,User_DiT_1,2.78,2.0,634
331,User_DiT_2,2.5,2.0,634
331,User_DiT_3,2.78,3.0,634
331,Sys_DiT_noref_1,2.85,1.65,634
331,Sys_DiT_noref_2,3.82,2.15,634
331,Sys_DiT_noref_3,2.85,1.45,634
332,User_DiT_1,2.5,4.0,634
332,User_DiT_2,3.12,4.0,634
332,User_DiT_3,2.5,3.0,634
332,Sys_DiT_noref_1,3.85,3.2,634
332,Sys_DiT_noref_2,3.82,2.45,634
332,Sys_DiT_noref_3,3.42,2.85,634
333,User_DiT_1,0.0,1.0,634
333,User_DiT_2,0.0,1.0,634
333,User_DiT_3,0.0,1.0,634
333,Sys_DiT_noref_1,0.12,1.85,634
333,Sys_DiT_noref_2,0.12,0.85,634
333,Sys_DiT_noref_3,0.12,0.85,634
334,User_DiT_1,0.0,4.0,634
334,User_DiT_2,0.0,3.0,634
334,User_DiT_3,0.56,4.0,634
334,Sys_DiT_noref_1,0.85,3.72,634
334,Sys_DiT_noref_2,1.25,3.85,634
334,Sys_DiT_noref_3,1.25,3.85,634
335,User_DiT_1,3.89,2.0,645
335,User_DiT_2,5.0,3.0,645
335,User_DiT_3,5.0,3.0,645
335,Sys_DiT_noref_1,4.12,2.85,645
335,Sys_DiT_noref_2,3.82,1.47,645
335,Sys_DiT_noref_3,3.65,1.85,645
336,User_DiT_1,4.38,2.0,645
336,User_DiT_2,4.38,2.0,645
336,User_DiT_3,4.38,2.0,645
336,Sys_DiT_noref_1,4.12,2.85,645
336,Sys_DiT_noref_2,4.12,1.85,645
336,Sys_DiT_noref_3,4.12,2.85,645
337,User_DiT_1,5.0,3.0,645
337,User_DiT_2,5.0,3.0,645
337,User_DiT_3,5.0,2.0,645
337,Sys_DiT_noref_1,4.85,2.75,645
337,Sys_DiT_noref_2,4.85,3.2,645
337,Sys_DiT_noref_3,4.15,2.85,645
338,User_DiT_1,4.38,4.0,645
338,User_DiT_2,5.0,2.0,645
338,User_DiT_3,4.44,2.0,645
338,Sys_DiT_noref_1,4.12,2.35,645
338,Sys_DiT_noref_2,4.65,1.85,645
338,Sys_DiT_noref_3,4.12,2.85,645
339,User_DiT_1,5.0,2.0,645
339,User_DiT_2,5.0,2.0,645
339,User_DiT_3,0.0,2.0,645
339,Sys_DiT_noref_1,4.12,1.85,645
339,Sys_DiT_noref_2,4.85,2.15,645
339,Sys_DiT_noref_3,4.85,1.2,645
340,User_DiT_1,0.0,3.0,654
340,User_DiT_2,5.0,4.0,654
340,User_DiT_3,5.0,4.0,654
340,Sys_DiT_noref_1,4.65,3.12,654
340,Sys_DiT_noref_2,4.65,3.85,654
340,Sys_DiT_noref_3,4.85,2.65,654
341,User_DiT_1,4.38,2.0,654
341,User_DiT_2,5.0,2.0,654
341,User_DiT_3,4.38,2.0,654
341,Sys_DiT_noref_1,4.15,1.85,654
341,Sys_DiT_noref_2,4.15,1.85,654
341,Sys_DiT_noref_3,4.65,1.85,654
342,User_DiT_1,5.0,5.0,654
342,User_DiT_2,5.0,4.0,654
342,User_DiT_3,5.0,5.0,654
342,Sys_DiT_noref_1,4.85,2.1,654
342,Sys_DiT_noref_2,4.85,1.42,654
342,Sys_DiT_noref_3,4.15,1.85,654
343,User_DiT_1,5.0,3.0,654
343,User_DiT_2,5.0,3.0,654
343,User_DiT_3,4.38,4.0,654
343,Sys_DiT_noref_1,4.12,2.85,654
343,Sys_DiT_noref_2,4.65,2.85,654
343,Sys_DiT_noref_3,4.65,2.85,654
344,User_DiT_1,4.38,2.0,654
344,User_DiT_2,5.0,2.0,654
344,User_DiT_3,5.0,2.0,654
344,Sys_DiT_noref_1,4.12,2.35,654
344,Sys_DiT_noref_2,3.85,2.15,654
344,Sys_DiT_noref_3,4.15,2.85,654
345,User_DiT_1,3.12,4.0,679
345,User_DiT_2,3.12,4.0,679
345,User_DiT_3,3.12,4.0,679
345,Sys_DiT_noref_1,3.85,2.65,679
345,Sys_DiT_noref_2,4.12,2.35,679
345,Sys_DiT_noref_3,4.65,2.85,679
346,User_DiT_1,1.88,4.0,679
346,User_DiT_2,2.5,4.0,679
346,User_DiT_3,2.5,4.0,679
346,Sys_DiT_noref_1,4.72,3.85,679
346,Sys_DiT_noref_2,2.85,3.2,679
346,Sys_DiT_noref_3,4.85,3.8,679
347,User_DiT_1,1.88,3.0,679
347,User_DiT_2,1.88,3.0,679
347,User_DiT_3,1.88,3.0,679
347,Sys_DiT_noref_1,4.12,2.68,679
347,Sys_DiT_noref_2,4.12,2.85,679
347,Sys_DiT_noref_3,4.12,2.85,679
348,User_DiT_1,3.57,2.0,679
348,User_DiT_2,4.17,2.0,679
348,User_DiT_3,2.86,3.0,679
348,Sys_DiT_noref_1,4.12,2.85,679
348,Sys_DiT_noref_2,3.42,2.15,679
348,Sys_DiT_noref_3,3.85,2.15,679
349,User_DiT_1,1.88,1.0,679
349,User_DiT_2,1.88,1.0,679
349,User_DiT_3,3.75,2.0,679
349,Sys_DiT_noref_1,3.85,1.92,679
349,Sys_DiT_noref_2,4.12,1.85,679
349,Sys_DiT_noref_3,4.12,2.85,679
350,User_DiT_1,5.0,4.0,687
350,User_DiT_2,5.0,4.0,687
350,User_DiT_3,5.0,3.0,687
350,Sys_DiT_noref_1,5.0,5.0,687
350,Sys_DiT_noref_2,4.25,2.85,687
350,Sys_DiT_noref_3,4.12,2.35,687
351,User_DiT_1,5.0,5.0,687
351,User_DiT_2,5.0,3.0,687
351,User_DiT_3,5.0,3.0,687
351,Sys_DiT_noref_1,4.85,3.65,687
351,Sys_DiT_noref_2,4.85,4.92,687
351,Sys_DiT_noref_3,4.92,4.85,687
352,User_DiT_1,5.0,5.0,687
352,User_DiT_2,5.0,4.0,687
352,User_DiT_3,5.0,5.0,687
352,Sys_DiT_noref_1,4.85,4.9,687
352,Sys_DiT_noref_2,4.85,4.9,687
352,Sys_DiT_noref_3,4.92,4.85,687
353,User_DiT_1,5.0,5.0,687
353,User_DiT_2,5.0,5.0,687
353,User_DiT_3,5.0,5.0,687
353,Sys_DiT_noref_1,5.0,5.0,687
353,Sys_DiT_noref_2,4.85,4.92,687
353,Sys_DiT_noref_3,4.85,4.92,687
354,User_DiT_1,5.0,4.0,687
354,User_DiT_2,5.0,4.0,687
354,User_DiT_3,5.0,4.0,687
354,Sys_DiT_noref_1,4.12,1.85,687
354,Sys_DiT_noref_2,4.65,1.85,687
354,Sys_DiT_noref_3,4.35,2.15,687
355,User_DiT_1,4.38,2.0,730
355,User_DiT_2,3.89,2.0,730
355,User_DiT_3,3.89,1.0,730
355,Sys_DiT_noref_1,3.12,1.85,730
355,Sys_DiT_noref_2,3.82,1.47,730
355,Sys_DiT_noref_3,0.82,0.15,730
356,User_DiT_1,3.89,4.0,730
356,User_DiT_2,3.89,4.0,730
356,User_DiT_3,3.89,4.0,730
356,Sys_DiT_noref_1,4.12,2.35,730
356,Sys_DiT_noref_2,4.12,2.35,730
356,Sys_DiT_noref_3,4.12,3.65,730
357,User_DiT_1,4.44,4.0,730
357,User_DiT_2,5.0,4.0,730
357,User_DiT_3,4.44,3.0,730
357,Sys_DiT_noref_1,4.65,2.85,730
357,Sys_DiT_noref_2,4.85,3.2,730
357,Sys_DiT_noref_3,4.85,3.2,730
358,User_DiT_1,3.33,1.0,730
358,User_DiT_2,4.38,2.0,730
358,User_DiT_3,2.78,1.0,730
358,Sys_DiT_noref_1,2.85,1.2,730
358,Sys_DiT_noref_2,4.12,2.85,730
358,Sys_DiT_noref_3,1.85,1.2,730
359,User_DiT_1,5.0,4.0,730
359,User_DiT_2,5.0,3.0,730
359,User_DiT_3,5.0,4.0,730
359,Sys_DiT_noref_1,3.85,4.15,730
359,Sys_DiT_noref_2,4.12,3.85,730
359,Sys_DiT_noref_3,3.85,3.6,730
360,User_DiT_1,0.0,1.0,743
360,User_DiT_2,0.0,3.0,743
360,User_DiT_3,0.0,3.0,743
360,Sys_DiT_noref_1,0.15,1.2,743
360,Sys_DiT_noref_2,0.12,0.85,743
360,Sys_DiT_noref_3,0.15,1.85,743
361,User_DiT_1,0.0,4.0,743
361,User_DiT_2,3.75,3.0,743
361,User_DiT_3,0.0,4.0,743
361,Sys_DiT_noref_1,4.85,2.15,743
361,Sys_DiT_noref_2,4.85,3.75,743
361,Sys_DiT_noref_3,4.12,2.85,743
362,User_DiT_1,5.0,5.0,743
362,User_DiT_2,5.0,5.0,743
362,User_DiT_3,5.0,5.0,743
362,Sys_DiT_noref_1,4.92,4.15,743
362,Sys_DiT_noref_2,4.92,4.95,743
362,Sys_DiT_noref_3,4.85,4.92,743
363,User_DiT_1,3.33,2.0,743
363,User_DiT_2,3.33,3.0,743
363,User_DiT_3,3.33,2.0,743
363,Sys_DiT_noref_1,3.85,2.15,743
363,Sys_DiT_noref_2,2.85,1.65,743
363,Sys_DiT_noref_3,3.85,1.92,743
364,User_DiT_1,5.0,4.0,743
364,User_DiT_2,5.0,5.0,743
364,User_DiT_3,5.0,4.0,743
364,Sys_DiT_noref_1,4.12,2.85,743
364,Sys_DiT_noref_2,4.15,4.25,743
364,Sys_DiT_noref_3,4.65,3.85,743
365,User_DiT_1,3.57,2.0,746
365,User_DiT_2,3.57,2.0,746
365,User_DiT_3,3.57,4.0,746
365,Sys_DiT_noref_1,3.45,2.85,746
365,Sys_DiT_noref_2,2.85,1.42,746
365,Sys_DiT_noref_3,2.85,1.9,746
366,User_DiT_1,1.25,1.0,746
366,User_DiT_2,1.25,3.0,746
366,User_DiT_3,1.25,2.0,746
366,Sys_DiT_noref_1,1.25,0.85,746
366,Sys_DiT_noref_2,0.15,0.85,746
366,Sys_DiT_noref_3,1.15,4.85,746
367,User_DiT_1,3.57,4.0,746
367,User_DiT_2,3.57,3.0,746
367,User_DiT_3,3.57,4.0,746
367,Sys_DiT_noref_1,2.85,3.1,746
367,Sys_DiT_noref_2,3.15,2.85,746
367,Sys_DiT_noref_3,2.85,3.6,746
368,User_DiT_1,0.62,2.0,746
368,User_DiT_2,0.62,2.0,746
368,User_DiT_3,5.0,2.0,746
368,Sys_DiT_noref_1,1.25,2.85,746
368,Sys_DiT_noref_2,0.15,1.2,746
368,Sys_DiT_noref_3,1.15,1.82,746
369,User_DiT_1,4.17,1.0,746
369,User_DiT_2,4.29,1.0,746
369,User_DiT_3,4.17,3.0,746
369,Sys_DiT_noref_1,3.85,1.25,746
369,Sys_DiT_noref_2,3.12,1.85,746
369,Sys_DiT_noref_3,4.12,1.85,746
370,User_DiT_1,1.5,4.0,755
370,User_DiT_2,5.0,2.0,755
370,User_DiT_3,5.0,2.0,755
370,Sys_DiT_noref_1,4.85,3.7,755
370,Sys_DiT_noref_2,3.85,1.42,755
370,Sys_DiT_noref_3,4.85,3.2,755
371,User_DiT_1,5.0,3.0,755
371,User_DiT_2,4.5,4.0,755
371,User_DiT_3,5.0,3.0,755
371,Sys_DiT_noref_1,4.62,2.85,755
371,Sys_DiT_noref_2,4.65,2.85,755
371,Sys_DiT_noref_3,4.65,2.15,755
372,User_DiT_1,5.0,5.0,755
372,User_DiT_2,5.0,5.0,755
372,User_DiT_3,5.0,3.0,755
372,Sys_DiT_noref_1,4.85,5.0,755
372,Sys_DiT_noref_2,4.82,4.95,755
372,Sys_DiT_noref_3,4.65,4.92,755
373,User_DiT_1,0.56,1.0,755
373,User_DiT_2,5.0,1.0,755
373,User_DiT_3,0.56,1.0,755
373,Sys_DiT_noref_1,0.85,0.92,755
373,Sys_DiT_noref_2,0.85,1.2,755
373,Sys_DiT_noref_3,4.85,3.75,755
374,User_DiT_1,5.0,5.0,755
374,User_DiT_2,5.0,5.0,755
374,User_DiT_3,5.0,5.0,755
374,Sys_DiT_noref_1,5.0,5.0,755
374,Sys_DiT_noref_2,4.92,4.95,755
374,Sys_DiT_noref_3,4.92,4.95,755
375,User_DiT_1,5.0,2.0,756
375,User_DiT_2,5.0,4.0,756
375,User_DiT_3,5.0,4.0,756
375,Sys_DiT_noref_1,4.85,3.2,756
375,Sys_DiT_noref_2,4.12,2.85,756
375,Sys_DiT_noref_3,4.85,3.2,756
376,User_DiT_1,3.89,3.0,756
376,User_DiT_2,3.89,3.0,756
376,User_DiT_3,5.0,3.0,756
376,Sys_DiT_noref_1,3.65,2.15,756
376,Sys_DiT_noref_2,3.85,2.15,756
376,Sys_DiT_noref_3,4.12,2.85,756
377,User_DiT_1,4.0,4.0,756
377,User_DiT_2,4.0,4.0,756
377,User_DiT_3,4.0,4.0,756
377,Sys_DiT_noref_1,4.15,3.85,756
377,Sys_DiT_noref_2,4.15,3.85,756
377,Sys_DiT_noref_3,3.85,4.62,756
378,User_DiT_1,4.29,3.0,756
378,User_DiT_2,4.29,3.0,756
378,User_DiT_3,4.29,2.0,756
378,Sys_DiT_noref_1,3.85,1.65,756
378,Sys_DiT_noref_2,3.85,2.15,756
378,Sys_DiT_noref_3,3.65,1.85,756
379,User_DiT_1,4.17,2.0,756
379,User_DiT_2,4.17,2.0,756
379,User_DiT_3,4.17,2.0,756
379,Sys_DiT_noref_1,3.85,2.15,756
379,Sys_DiT_noref_2,4.12,2.35,756
379,Sys_DiT_noref_3,4.15,2.35,756
380,User_DiT_1,5.0,5.0,806
380,User_DiT_2,0.0,3.0,806
380,User_DiT_3,5.0,5.0,806
380,Sys_DiT_noref_1,4.92,4.98,806
380,Sys_DiT_noref_2,4.65,4.12,806
380,Sys_DiT_noref_3,4.35,3.85,806
381,User_DiT_1,5.0,4.0,806
381,User_DiT_2,5.0,5.0,806
381,User_DiT_3,5.0,5.0,806
381,Sys_DiT_noref_1,4.65,3.85,806
381,Sys_DiT_noref_2,4.75,3.85,806
381,Sys_DiT_noref_3,4.25,3.85,806
382,User_DiT_1,5.0,5.0,806
382,User_DiT_2,5.0,5.0,806
382,User_DiT_3,4.44,5.0,806
382,Sys_DiT_noref_1,4.98,5.0,806
382,Sys_DiT_noref_2,4.92,4.98,806
382,Sys_DiT_noref_3,4.92,4.98,806
383,User_DiT_1,5.0,4.0,806
383,User_DiT_2,5.0,4.0,806
383,User_DiT_3,5.0,4.0,806
383,Sys_DiT_noref_1,4.68,4.12,806
383,Sys_DiT_noref_2,4.85,4.6,806
383,Sys_DiT_noref_3,4.65,3.85,806
384,User_DiT_1,5.0,5.0,806
384,User_DiT_2,5.0,5.0,806
384,User_DiT_3,5.0,4.0,806
384,Sys_DiT_noref_1,4.25,3.85,806
384,Sys_DiT_noref_2,4.92,5.0,806
384,Sys_DiT_noref_3,4.65,3.85,806
385,User_DiT_1,3.12,3.0,810
385,User_DiT_2,2.5,3.0,810
385,User_DiT_3,2.5,3.0,810
385,Sys_DiT_noref_1,3.65,1.85,810
385,Sys_DiT_noref_2,4.65,1.85,810
385,Sys_DiT_noref_3,1.25,1.85,810
386,User_DiT_1,3.75,4.0,810
386,User_DiT_2,3.75,4.0,810
386,User_DiT_3,3.75,4.0,810
386,Sys_DiT_noref_1,4.85,3.72,810
386,Sys_DiT_noref_2,4.12,4.65,810
386,Sys_DiT_noref_3,4.15,4.85,810
387,User_DiT_1,4.38,3.0,810
387,User_DiT_2,3.75,3.0,810
387,User_DiT_3,4.38,4.0,810
387,Sys_DiT_noref_1,4.65,3.82,810
387,Sys_DiT_noref_2,4.85,4.62,810
387,Sys_DiT_noref_3,4.85,3.2,810
388,User_DiT_1,3.75,4.0,810
388,User_DiT_2,3.75,2.0,810
388,User_DiT_3,3.75,3.0,810
388,Sys_DiT_noref_1,2.85,2.1,810
388,Sys_DiT_noref_2,3.85,2.15,810
388,Sys_DiT_noref_3,4.15,3.85,810
389,User_DiT_1,3.12,2.0,810
389,User_DiT_2,3.12,3.0,810
389,User_DiT_3,3.12,3.0,810
389,Sys_DiT_noref_1,1.25,1.85,810
389,Sys_DiT_noref_2,4.12,2.85,810
389,Sys_DiT_noref_3,0.85,2.15,810
390,User_DiT_1,4.0,2.0,819
390,User_DiT_2,4.0,2.0,819
390,User_DiT_3,4.0,2.0,819
390,Sys_DiT_noref_1,3.82,1.95,819
390,Sys_DiT_noref_2,4.12,2.85,819
390,Sys_DiT_noref_3,4.12,1.85,819
391,User_DiT_1,4.17,3.0,819
391,User_DiT_2,5.0,3.0,819
391,User_DiT_3,4.17,4.0,819
391,Sys_DiT_noref_1,4.65,3.85,819
391,Sys_DiT_noref_2,4.72,2.85,819
391,Sys_DiT_noref_3,4.12,2.85,819
392,User_DiT_1,5.0,2.0,819
392,User_DiT_2,5.0,2.0,819
392,User_DiT_3,5.0,3.0,819
392,Sys_DiT_noref_1,4.15,2.85,819
392,Sys_DiT_noref_2,4.15,1.85,819
392,Sys_DiT_noref_3,4.12,2.85,819
393,User_DiT_1,1.25,2.0,819
393,User_DiT_2,1.25,2.0,819
393,User_DiT_3,1.25,2.0,819
393,Sys_DiT_noref_1,1.85,3.42,819
393,Sys_DiT_noref_2,2.15,1.85,819
393,Sys_DiT_noref_3,1.85,1.62,819
394,User_DiT_1,5.0,4.0,819
394,User_DiT_2,5.0,2.0,819
394,User_DiT_3,5.0,2.0,819
394,Sys_DiT_noref_1,4.12,2.85,819
394,Sys_DiT_noref_2,3.85,2.15,819
394,Sys_DiT_noref_3,4.12,2.85,819
395,User_DiT_1,0.71,1.0,836
395,User_DiT_2,0.83,2.0,836
395,User_DiT_3,0.71,1.0,836
395,Sys_DiT_noref_1,0.42,0.15,836
395,Sys_DiT_noref_2,1.25,0.85,836
395,Sys_DiT_noref_3,4.85,1.2,836
396,User_DiT_1,1.43,4.0,836
396,User_DiT_2,1.43,1.0,836
396,User_DiT_3,0.0,4.0,836
396,Sys_DiT_noref_1,0.15,3.85,836
396,Sys_DiT_noref_2,0.12,3.85,836
396,Sys_DiT_noref_3,1.25,3.85,836
397,User_DiT_1,0.0,1.0,836
397,User_DiT_2,0.0,1.0,836
397,User_DiT_3,0.0,1.0,836
397,Sys_DiT_noref_1,0.12,0.85,836
397,Sys_DiT_noref_2,0.15,1.2,836
397,Sys_DiT_noref_3,0.15,1.25,836
398,User_DiT_1,0.0,4.0,836
398,User_DiT_2,0.0,3.0,836
398,User_DiT_3,0.0,4.0,836
398,Sys_DiT_noref_1,0.15,1.85,836
398,Sys_DiT_noref_2,0.15,2.85,836
398,Sys_DiT_noref_3,0.85,3.2,836
399,User_DiT_1,0.83,1.0,836
399,User_DiT_2,0.83,1.0,836
399,User_DiT_3,0.83,0.0,836
399,Sys_DiT_noref_1,0.12,0.85,836
399,Sys_DiT_noref_2,0.12,0.85,836
399,Sys_DiT_noref_3,0.15,0.85,836
400,User_DiT_1,5.0,4.0,903
400,User_DiT_2,5.0,4.0,903
400,User_DiT_3,5.0,4.0,903
400,Sys_DiT_noref_1,4.85,3.2,903
400,Sys_DiT_noref_2,4.35,3.82,903
400,Sys_DiT_noref_3,4.35,2.15,903
401,User_DiT_1,3.57,3.0,903
401,User_DiT_2,1.43,2.0,903
401,User_DiT_3,3.57,2.0,903
401,Sys_DiT_noref_1,1.25,1.8,903
401,Sys_DiT_noref_2,2.85,1.45,903
401,Sys_DiT_noref_3,2.85,1.2,903
402,User_DiT_1,2.86,4.0,903
402,User_DiT_2,2.86,4.0,903
402,User_DiT_3,0.71,4.0,903
402,Sys_DiT_noref_1,3.12,2.85,903
402,Sys_DiT_noref_2,4.15,1.85,903
402,Sys_DiT_noref_3,1.85,1.2,903
403,User_DiT_1,5.0,4.0,903
403,User_DiT_2,5.0,4.0,903
403,User_DiT_3,5.0,4.0,903
403,Sys_DiT_noref_1,4.85,4.72,903
403,Sys_DiT_noref_2,4.85,3.2,903
403,Sys_DiT_noref_3,4.65,3.85,903
404,User_DiT_1,0.0,4.0,903
404,User_DiT_2,3.57,4.0,903
404,User_DiT_3,0.0,3.0,903
404,Sys_DiT_noref_1,3.45,1.85,903
404,Sys_DiT_noref_2,2.85,1.65,903
404,Sys_DiT_noref_3,3.85,4.2,903
405,User_DiT_1,4.29,3.0,917
405,User_DiT_2,4.29,3.0,917
405,User_DiT_3,4.29,3.0,917
405,Sys_DiT_noref_1,4.12,2.85,917
405,Sys_DiT_noref_2,3.12,1.85,917
405,Sys_DiT_noref_3,4.12,2.85,917
406,User_DiT_1,0.0,2.0,917
406,User_DiT_2,3.0,2.0,917
406,User_DiT_3,5.0,2.0,917
406,Sys_DiT_noref_1,3.42,1.85,917
406,Sys_DiT_noref_2,3.85,1.92,917
406,Sys_DiT_noref_3,3.42,1.85,917
407,User_DiT_1,4.29,2.0,917
407,User_DiT_2,4.29,2.0,917
407,User_DiT_3,4.29,2.0,917
407,Sys_DiT_noref_1,3.42,1.85,917
407,Sys_DiT_noref_2,3.85,2.15,917
407,Sys_DiT_noref_3,4.12,2.85,917
408,User_DiT_1,3.57,2.0,917
408,User_DiT_2,3.57,2.0,917
408,User_DiT_3,2.86,2.0,917
408,Sys_DiT_noref_1,3.42,2.85,917
408,Sys_DiT_noref_2,3.85,2.15,917
408,Sys_DiT_noref_3,3.42,2.85,917
409,User_DiT_1,4.17,1.0,917
409,User_DiT_2,4.17,1.0,917
409,User_DiT_3,3.33,3.0,917
409,Sys_DiT_noref_1,2.85,1.2,917
409,Sys_DiT_noref_2,3.85,1.92,917
409,Sys_DiT_noref_3,3.12,1.85,917
410,User_DiT_1,1.25,1.0,919
410,User_DiT_2,1.25,1.0,919
410,User_DiT_3,1.25,1.0,919
410,Sys_DiT_noref_1,1.85,0.92,919
410,Sys_DiT_noref_2,1.85,1.2,919
410,Sys_DiT_noref_3,1.85,0.92,919
411,User_DiT_1,3.12,1.0,919
411,User_DiT_2,3.12,1.0,919
411,User_DiT_3,3.12,1.0,919
411,Sys_DiT_noref_1,2.85,1.2,919
411,Sys_DiT_noref_2,2.85,1.92,919
411,Sys_DiT_noref_3,2.15,1.2,919
412,User_DiT_1,1.88,2.0,919
412,User_DiT_2,1.88,1.0,919
412,User_DiT_3,2.5,1.0,919
412,Sys_DiT_noref_1,1.24,0.85,919
412,Sys_DiT_noref_2,1.85,1.2,919
412,Sys_DiT_noref_3,1.85,0.92,919
413,User_DiT_1,2.5,1.0,919
413,User_DiT_2,2.5,2.0,919
413,User_DiT_3,2.5,1.0,919
413,Sys_DiT_noref_1,2.15,0.85,919
413,Sys_DiT_noref_2,2.15,0.85,919
413,Sys_DiT_noref_3,2.15,0.85,919
414,User_DiT_1,1.67,1.0,919
414,User_DiT_2,1.67,2.0,919
414,User_DiT_3,1.11,1.0,919
414,Sys_DiT_noref_1,1.85,1.2,919
414,Sys_DiT_noref_2,1.85,1.2,919
414,Sys_DiT_noref_3,1.85,1.2,919
415,User_DiT_1,5.0,2.0,920
415,User_DiT_2,4.38,2.0,920
415,User_DiT_3,5.0,3.0,920
415,Sys_DiT_noref_1,4.65,1.85,920
415,Sys_DiT_noref_2,4.85,1.25,920
415,Sys_DiT_noref_3,4.65,1.85,920
416,User_DiT_1,2.78,3.0,920
416,User_DiT_2,2.78,2.0,920
416,User_DiT_3,2.22,2.0,920
416,Sys_DiT_noref_1,2.15,1.85,920
416,Sys_DiT_noref_2,4.15,1.85,920
416,Sys_DiT_noref_3,4.65,2.85,920
417,User_DiT_1,3.33,3.0,920
417,User_DiT_2,3.33,3.0,920
417,User_DiT_3,3.33,3.0,920
417,Sys_DiT_noref_1,1.85,0.92,920
417,Sys_DiT_noref_2,2.85,1.92,920
417,Sys_DiT_noref_3,2.15,1.85,920
418,User_DiT_1,3.33,2.0,920
418,User_DiT_2,2.22,2.0,920
418,User_DiT_3,4.44,2.0,920
418,Sys_DiT_noref_1,2.85,1.42,920
418,Sys_DiT_noref_2,4.65,2.85,920
418,Sys_DiT_noref_3,4.12,1.85,920
419,User_DiT_1,5.0,4.0,920
419,User_DiT_2,2.5,4.0,920
419,User_DiT_3,5.0,4.0,920
419,Sys_DiT_noref_1,4.65,2.85,920
419,Sys_DiT_noref_2,4.65,2.85,920
419,Sys_DiT_noref_3,4.85,2.15,920
420,User_DiT_1,1.11,1.0,922
420,User_DiT_2,0.0,1.0,922
420,User_DiT_3,0.0,1.0,922
420,Sys_DiT_noref_1,1.85,0.42,922
420,Sys_DiT_noref_2,0.85,0.92,922
420,Sys_DiT_noref_3,1.85,0.92,922
421,User_DiT_1,2.22,1.0,922
421,User_DiT_2,0.56,1.0,922
421,User_DiT_3,2.22,1.0,922
421,Sys_DiT_noref_1,3.85,1.2,922
421,Sys_DiT_noref_2,4.12,1.85,922
421,Sys_DiT_noref_3,1.25,0.85,922
422,User_DiT_1,2.22,1.0,922
422,User_DiT_2,2.22,1.0,922
422,User_DiT_3,2.22,1.0,922
422,Sys_DiT_noref_1,1.85,0.92,922
422,Sys_DiT_noref_2,1.85,0.92,922
422,Sys_DiT_noref_3,1.25,0.85,922
423,User_DiT_1,2.86,1.0,922
423,User_DiT_2,0.0,1.0,922
423,User_DiT_3,0.0,1.0,922
423,Sys_DiT_noref_1,1.82,0.95,922
423,Sys_DiT_noref_2,2.15,1.25,922
423,Sys_DiT_noref_3,1.25,0.85,922
424,User_DiT_1,0.0,1.0,922
424,User_DiT_2,0.0,1.0,922
424,User_DiT_3,0.0,1.0,922
424,Sys_DiT_noref_1,0.15,0.2,922
424,Sys_DiT_noref_2,0.15,0.2,922
424,Sys_DiT_noref_3,0.12,0.85,922
425,User_DiT_1,5.0,4.0,928
425,User_DiT_2,5.0,4.0,928
425,User_DiT_3,5.0,4.0,928
425,Sys_DiT_noref_1,4.15,2.35,928
425,Sys_DiT_noref_2,4.15,3.85,928
425,Sys_DiT_noref_3,3.42,2.15,928
426,User_DiT_1,3.33,2.0,928
426,User_DiT_2,3.33,3.0,928
426,User_DiT_3,3.33,2.0,928
426,Sys_DiT_noref_1,3.65,4.12,928
426,Sys_DiT_noref_2,3.25,2.85,928
426,Sys_DiT_noref_3,4.12,3.85,928
427,User_DiT_1,4.44,3.0,928
427,User_DiT_2,4.44,3.0,928
427,User_DiT_3,3.75,4.0,928
427,Sys_DiT_noref_1,3.85,2.75,928
427,Sys_DiT_noref_2,4.35,3.85,928
427,Sys_DiT_noref_3,4.12,3.85,928
428,User_DiT_1,5.0,4.0,928
428,User_DiT_2,3.33,3.0,928
428,User_DiT_3,3.33,3.0,928
428,Sys_DiT_noref_1,4.35,4.62,928
428,Sys_DiT_noref_2,4.35,3.8,928
428,Sys_DiT_noref_3,4.15,3.85,928
429,User_DiT_1,0.0,4.0,928
429,User_DiT_2,0.0,4.0,928
429,User_DiT_3,0.0,4.0,928
429,Sys_DiT_noref_1,4.65,2.85,928
429,Sys_DiT_noref_2,4.85,3.75,928
429,Sys_DiT_noref_3,4.65,3.85,928
430,User_DiT_1,5.0,4.0,931
430,User_DiT_2,5.0,4.0,931
430,User_DiT_3,5.0,4.0,931
430,Sys_DiT_noref_1,4.65,4.2,931
430,Sys_DiT_noref_2,4.85,4.2,931
430,Sys_DiT_noref_3,5.0,5.0,931
431,User_DiT_1,5.0,4.0,931
431,User_DiT_2,5.0,4.0,931
431,User_DiT_3,5.0,4.0,931
431,Sys_DiT_noref_1,4.85,3.2,931
431,Sys_DiT_noref_2,4.65,2.85,931
431,Sys_DiT_noref_3,4.65,1.85,931
432,User_DiT_1,4.38,1.0,931
432,User_DiT_2,4.38,1.0,931
432,User_DiT_3,4.38,1.0,931
432,Sys_DiT_noref_1,1.85,1.2,931
432,Sys_DiT_noref_2,2.15,1.2,931
432,Sys_DiT_noref_3,2.15,1.2,931
433,User_DiT_1,3.12,4.0,931
433,User_DiT_2,4.44,4.0,931
433,User_DiT_3,4.44,4.0,931
433,Sys_DiT_noref_1,3.65,3.85,931
433,Sys_DiT_noref_2,2.85,3.42,931
433,Sys_DiT_noref_3,2.85,3.2,931
434,User_DiT_1,4.44,4.0,931
434,User_DiT_2,5.0,4.0,931
434,User_DiT_3,4.44,5.0,931
434,Sys_DiT_noref_1,4.92,4.88,931
434,Sys_DiT_noref_2,4.85,3.7,931
434,Sys_DiT_noref_3,4.85,4.72,931
435,User_DiT_1,4.0,3.0,943
435,User_DiT_2,4.0,3.0,943
435,User_DiT_3,4.0,3.0,943
435,Sys_DiT_noref_1,2.85,3.2,943
435,Sys_DiT_noref_2,2.85,3.72,943
435,Sys_DiT_noref_3,1.85,2.9,943
436,User_DiT_1,5.0,4.0,943
436,User_DiT_2,5.0,3.0,943
436,User_DiT_3,5.0,4.0,943
436,Sys_DiT_noref_1,4.12,1.85,943
436,Sys_DiT_noref_2,4.65,3.85,943
436,Sys_DiT_noref_3,4.15,2.85,943
437,User_DiT_1,5.0,5.0,943
437,User_DiT_2,5.0,4.0,943
437,User_DiT_3,5.0,4.0,943
437,Sys_DiT_noref_1,4.65,2.85,943
437,Sys_DiT_noref_2,4.72,3.85,943
437,Sys_DiT_noref_3,4.85,4.62,943
438,User_DiT_1,2.5,3.0,943
438,User_DiT_2,2.5,3.0,943
438,User_DiT_3,2.5,3.0,943
438,Sys_DiT_noref_1,3.45,3.82,943
438,Sys_DiT_noref_2,2.15,3.85,943
438,Sys_DiT_noref_3,2.85,3.42,943
439,User_DiT_1,5.0,4.0,943
439,User_DiT_2,5.0,4.0,943
439,User_DiT_3,5.0,3.0,943
439,Sys_DiT_noref_1,4.65,3.85,943
439,Sys_DiT_noref_2,4.82,3.65,943
439,Sys_DiT_noref_3,4.65,3.85,943
440,User_DiT_1,4.17,5.0,952
440,User_DiT_2,4.0,5.0,952
440,User_DiT_3,4.17,5.0,952
440,Sys_DiT_noref_1,4.85,4.92,952
440,Sys_DiT_noref_2,4.15,3.85,952
440,Sys_DiT_noref_3,4.85,5.0,952
441,User_DiT_1,5.0,5.0,952
441,User_DiT_2,5.0,5.0,952
441,User_DiT_3,5.0,4.0,952
441,Sys_DiT_noref_1,4.92,4.98,952
441,Sys_DiT_noref_2,4.92,5.0,952
441,Sys_DiT_noref_3,4.92,4.98,952
442,User_DiT_1,5.0,5.0,952
442,User_DiT_2,5.0,4.0,952
442,User_DiT_3,5.0,4.0,952
442,Sys_DiT_noref_1,4.92,4.95,952
442,Sys_DiT_noref_2,4.92,4.95,952
442,Sys_DiT_noref_3,4.92,4.95,952
443,User_DiT_1,5.0,5.0,952
443,User_DiT_2,5.0,5.0,952
443,User_DiT_3,5.0,5.0,952
443,Sys_DiT_noref_1,4.98,5.0,952
443,Sys_DiT_noref_2,5.0,5.0,952
443,Sys_DiT_noref_3,4.98,5.0,952
444,User_DiT_1,5.0,3.0,952
444,User_DiT_2,5.0,4.0,952
444,User_DiT_3,5.0,4.0,952
444,Sys_DiT_noref_1,4.85,4.72,952
444,Sys_DiT_noref_2,4.85,3.2,952
444,Sys_DiT_noref_3,4.85,4.2,952
445,User_DiT_1,5.0,4.0,960
445,User_DiT_2,5.0,4.0,960
445,User_DiT_3,5.0,4.0,960
445,Sys_DiT_noref_1,4.85,3.72,960
445,Sys_DiT_noref_2,4.65,3.2,960
445,Sys_DiT_noref_3,4.85,3.2,960
446,User_DiT_1,5.0,4.0,960
446,User_DiT_2,5.0,4.0,960
446,User_DiT_3,5.0,4.0,960
446,Sys_DiT_noref_1,4.65,3.85,960
446,Sys_DiT_noref_2,4.65,3.85,960
446,Sys_DiT_noref_3,4.85,4.2,960
447,User_DiT_1,3.57,2.0,960
447,User_DiT_2,3.57,2.0,960
447,User_DiT_3,5.0,2.0,960
447,Sys_DiT_noref_1,2.85,1.92,960
447,Sys_DiT_noref_2,2.85,1.92,960
447,Sys_DiT_noref_3,3.45,1.82,960
448,User_DiT_1,5.0,3.0,960
448,User_DiT_2,5.0,3.0,960
448,User_DiT_3,5.0,1.0,960
448,Sys_DiT_noref_1,2.14,1.85,960
448,Sys_DiT_noref_2,3.85,2.65,960
448,Sys_DiT_noref_3,2.15,3.82,960
449,User_DiT_1,5.0,4.0,960
449,User_DiT_2,5.0,4.0,960
449,User_DiT_3,5.0,3.0,960
449,Sys_DiT_noref_1,4.65,2.85,960
449,Sys_DiT_noref_2,4.65,3.85,960
449,Sys_DiT_noref_3,4.65,3.85,960
450,User_DiT_1,5.0,4.0,962
450,User_DiT_2,5.0,4.0,962
450,User_DiT_3,5.0,4.0,962
450,Sys_DiT_noref_1,4.62,3.85,962
450,Sys_DiT_noref_2,4.65,3.85,962
450,Sys_DiT_noref_3,4.85,3.62,962
451,User_DiT_1,5.0,4.0,962
451,User_DiT_2,5.0,4.0,962
451,User_DiT_3,5.0,4.0,962
451,Sys_DiT_noref_1,4.85,4.2,962
451,Sys_DiT_noref_2,4.65,2.85,962
451,Sys_DiT_noref_3,4.65,2.85,962
452,User_DiT_1,5.0,4.0,962
452,User_DiT_2,5.0,4.0,962
452,User_DiT_3,5.0,4.0,962
452,Sys_DiT_noref_1,4.85,3.72,962
452,Sys_DiT_noref_2,4.65,3.85,962
452,Sys_DiT_noref_3,4.85,4.2,962
453,User_DiT_1,5.0,4.0,962
453,User_DiT_2,5.0,4.0,962
453,User_DiT_3,5.0,4.0,962
453,Sys_DiT_noref_1,4.85,3.2,962
453,Sys_DiT_noref_2,4.62,3.85,962
453,Sys_DiT_noref_3,4.65,3.85,962
454,User_DiT_1,4.38,2.0,962
454,User_DiT_2,4.38,3.0,962
454,User_DiT_3,4.38,2.0,962
454,Sys_DiT_noref_1,4.15,2.85,962
454,Sys_DiT_noref_2,4.12,3.85,962
454,Sys_DiT_noref_3,4.65,3.82,962
455,User_DiT_1,2.86,2.0,968
455,User_DiT_2,2.14,4.0,968
455,User_DiT_3,2.14,3.0,968
455,Sys_DiT_noref_1,1.85,2.1,968
455,Sys_DiT_noref_2,2.85,2.65,968
455,Sys_DiT_noref_3,3.42,2.18,968
456,User_DiT_1,5.0,4.0,968
456,User_DiT_2,5.0,4.0,968
456,User_DiT_3,5.0,4.0,968
456,Sys_DiT_noref_1,4.85,3.72,968
456,Sys_DiT_noref_2,4.85,4.2,968
456,Sys_DiT_noref_3,4.65,2.85,968
457,User_DiT_1,5.0,5.0,968
457,User_DiT_2,5.0,5.0,968
457,User_DiT_3,5.0,5.0,968
457,Sys_DiT_noref_1,4.85,4.92,968
457,Sys_DiT_noref_2,4.98,5.0,968
457,Sys_DiT_noref_3,5.0,5.0,968
458,User_DiT_1,5.0,2.0,968
458,User_DiT_2,5.0,3.0,968
458,User_DiT_3,4.29,4.0,968
458,Sys_DiT_noref_1,3.82,2.15,968
458,Sys_DiT_noref_2,3.82,2.15,968
458,Sys_DiT_noref_3,3.85,2.15,968
459,User_DiT_1,5.0,3.0,968
459,User_DiT_2,5.0,3.0,968
459,User_DiT_3,5.0,3.0,968
459,Sys_DiT_noref_1,3.65,1.85,968
459,Sys_DiT_noref_2,2.85,1.42,968
459,Sys_DiT_noref_3,3.12,1.85,968
460,User_DiT_1,4.38,4.0,971
460,User_DiT_2,4.38,4.0,971
460,User_DiT_3,4.38,4.0,971
460,Sys_DiT_noref_1,4.65,2.85,971
460,Sys_DiT_noref_2,2.85,1.42,971
460,Sys_DiT_noref_3,4.15,2.35,971
461,User_DiT_1,4.38,2.0,971
461,User_DiT_2,4.38,2.0,971
461,User_DiT_3,4.38,2.0,971
461,Sys_DiT_noref_1,4.15,2.85,971
461,Sys_DiT_noref_2,3.85,1.92,971
461,Sys_DiT_noref_3,4.15,2.85,971
462,User_DiT_1,4.29,3.0,971
462,User_DiT_2,4.29,2.0,971
462,User_DiT_3,4.29,4.0,971
462,Sys_DiT_noref_1,4.15,3.85,971
462,Sys_DiT_noref_2,4.65,3.85,971
462,Sys_DiT_noref_3,4.65,3.85,971
463,User_DiT_1,4.38,1.0,971
463,User_DiT_2,0.0,1.0,971
463,User_DiT_3,0.0,2.0,971
463,Sys_DiT_noref_1,3.82,1.47,971
463,Sys_DiT_noref_2,3.85,1.92,971
463,Sys_DiT_noref_3,2.85,1.92,971
464,User_DiT_1,4.38,2.0,971
464,User_DiT_2,4.38,4.0,971
464,User_DiT_3,4.38,4.0,971
464,Sys_DiT_noref_1,4.15,3.85,971
464,Sys_DiT_noref_2,4.15,1.85,971
464,Sys_DiT_noref_3,3.85,1.75,971
465,User_DiT_1,5.0,4.0,972
465,User_DiT_2,5.0,3.0,972
465,User_DiT_3,5.0,3.0,972
465,Sys_DiT_noref_1,3.85,2.15,972
465,Sys_DiT_noref_2,4.15,3.85,972
465,Sys_DiT_noref_3,3.85,2.75,972
466,User_DiT_1,2.5,1.0,972
466,User_DiT_2,2.22,1.0,972
466,User_DiT_3,2.22,1.0,972
466,Sys_DiT_noref_1,1.85,0.92,972
466,Sys_DiT_noref_2,1.85,0.92,972
466,Sys_DiT_noref_3,1.25,0.85,972
467,User_DiT_1,5.0,5.0,972
467,User_DiT_2,5.0,5.0,972
467,User_DiT_3,5.0,4.0,972
467,Sys_DiT_noref_1,4.85,3.8,972
467,Sys_DiT_noref_2,4.65,2.85,972
467,Sys_DiT_noref_3,4.65,2.85,972
468,User_DiT_1,1.25,4.0,972
468,User_DiT_2,1.88,4.0,972
468,User_DiT_3,2.78,3.0,972
468,Sys_DiT_noref_1,1.85,3.42,972
468,Sys_DiT_noref_2,1.85,1.42,972
468,Sys_DiT_noref_3,1.85,3.2,972
469,User_DiT_1,4.29,1.0,972
469,User_DiT_2,3.75,1.0,972
469,User_DiT_3,4.29,1.0,972
469,Sys_DiT_noref_1,2.85,1.42,972
469,Sys_DiT_noref_2,1.85,1.2,972
469,Sys_DiT_noref_3,1.25,4.85,972
470,User_DiT_1,1.67,2.0,981
470,User_DiT_2,3.33,2.0,981
470,User_DiT_3,3.33,2.0,981
470,Sys_DiT_noref_1,2.85,1.2,981
470,Sys_DiT_noref_2,2.85,1.92,981
470,Sys_DiT_noref_3,2.85,1.25,981
471,User_DiT_1,3.75,1.0,981
471,User_DiT_2,3.75,1.0,981
471,User_DiT_3,0.71,1.0,981
471,Sys_DiT_noref_1,3.42,1.85,981
471,Sys_DiT_noref_2,4.25,4.1,981
471,Sys_DiT_noref_3,3.42,2.15,981
472,User_DiT_1,4.29,2.0,981
472,User_DiT_2,5.0,2.0,981
472,User_DiT_3,3.57,2.0,981
472,Sys_DiT_noref_1,3.42,1.85,981
472,Sys_DiT_noref_2,3.65,1.85,981
472,Sys_DiT_noref_3,4.12,1.85,981
473,User_DiT_1,4.38,2.0,981
473,User_DiT_2,4.38,2.0,981
473,User_DiT_3,5.0,2.0,981
473,Sys_DiT_noref_1,4.15,2.85,981
473,Sys_DiT_noref_2,4.65,2.85,981
473,Sys_DiT_noref_3,3.85,2.15,981
474,User_DiT_1,3.57,2.0,981
474,User_DiT_2,4.29,2.0,981
474,User_DiT_3,4.29,2.0,981
474,Sys_DiT_noref_1,3.65,1.85,981
474,Sys_DiT_noref_2,3.42,1.85,981
474,Sys_DiT_noref_3,4.12,1.85,981
475,User_DiT_1,3.57,2.0,982
475,User_DiT_2,3.57,2.0,982
475,User_DiT_3,3.57,3.0,982
475,Sys_DiT_noref_1,4.15,3.2,982
475,Sys_DiT_noref_2,3.45,1.82,982
475,Sys_DiT_noref_3,3.45,1.82,982
476,User_DiT_1,0.0,2.0,982
476,User_DiT_2,2.5,2.0,982
476,User_DiT_3,0.0,2.0,982
476,Sys_DiT_noref_1,3.85,1.92,982
476,Sys_DiT_noref_2,3.85,1.92,982
476,Sys_DiT_noref_3,3.82,1.65,982
477,User_DiT_1,2.86,1.0,982
477,User_DiT_2,2.86,1.0,982
477,User_DiT_3,2.86,1.0,982
477,Sys_DiT_noref_1,1.85,0.92,982
477,Sys_DiT_noref_2,1.85,1.42,982
477,Sys_DiT_noref_3,1.85,1.2,982
478,User_DiT_1,2.0,1.0,982
478,User_DiT_2,0.0,1.0,982
478,User_DiT_3,2.0,1.0,982
478,Sys_DiT_noref_1,0.15,0.85,982
478,Sys_DiT_noref_2,0.12,0.85,982
478,Sys_DiT_noref_3,0.12,0.85,982
479,User_DiT_1,2.86,2.0,982
479,User_DiT_2,3.57,2.0,982
479,User_DiT_3,2.86,2.0,982
479,Sys_DiT_noref_1,3.42,1.85,982
479,Sys_DiT_noref_2,3.42,1.85,982
479,Sys_DiT_noref_3,3.45,1.85,982
480,User_DiT_1,5.0,3.0,983
480,User_DiT_2,5.0,3.0,983
480,User_DiT_3,5.0,3.0,983
480,Sys_DiT_noref_1,4.12,2.85,983
480,Sys_DiT_noref_2,4.15,2.85,983
480,Sys_DiT_noref_3,4.15,1.85,983
481,User_DiT_1,5.0,3.0,983
481,User_DiT_2,5.0,3.0,983
481,User_DiT_3,5.0,3.0,983
481,Sys_DiT_noref_1,4.85,3.2,983
481,Sys_DiT_noref_2,4.85,4.62,983
481,Sys_DiT_noref_3,4.85,3.72,983
482,User_DiT_1,5.0,3.0,983
482,User_DiT_2,5.0,3.0,983
482,User_DiT_3,5.0,4.0,983
482,Sys_DiT_noref_1,4.68,4.25,983
482,Sys_DiT_noref_2,4.15,2.85,983
482,Sys_DiT_noref_3,4.65,1.85,983
483,User_DiT_1,5.0,3.0,983
483,User_DiT_2,5.0,4.0,983
483,User_DiT_3,5.0,2.0,983
483,Sys_DiT_noref_1,3.85,2.15,983
483,Sys_DiT_noref_2,4.35,2.85,983
483,Sys_DiT_noref_3,4.15,1.85,983
484,User_DiT_1,4.44,4.0,983
484,User_DiT_2,4.44,3.0,983
484,User_DiT_3,4.44,2.0,983
484,Sys_DiT_noref_1,4.15,2.85,983
484,Sys_DiT_noref_2,4.65,3.2,983
484,Sys_DiT_noref_3,4.12,1.85,983
485,User_DiT_1,3.0,4.0,985
485,User_DiT_2,3.0,4.0,985
485,User_DiT_3,3.0,4.0,985
485,Sys_DiT_noref_1,1.85,4.62,985
485,Sys_DiT_noref_2,2.85,3.65,985
485,Sys_DiT_noref_3,3.45,3.82,985
486,User_DiT_1,0.0,3.0,985
486,User_DiT_2,0.0,3.0,985
486,User_DiT_3,0.0,3.0,985
486,Sys_DiT_noref_1,0.15,3.85,985
486,Sys_DiT_noref_2,0.15,2.85,985
486,Sys_DiT_noref_3,1.25,3.8,985
487,User_DiT_1,5.0,4.0,985
487,User_DiT_2,5.0,4.0,985
487,User_DiT_3,5.0,4.0,985
487,Sys_DiT_noref_1,4.85,4.62,985
487,Sys_DiT_noref_2,4.85,3.65,985
487,Sys_DiT_noref_3,4.85,4.6,985
488,User_DiT_1,5.0,4.0,985
488,User_DiT_2,5.0,4.0,985
488,User_DiT_3,5.0,5.0,985
488,Sys_DiT_noref_1,5.0,5.0,985
488,Sys_DiT_noref_2,5.0,5.0,985
488,Sys_DiT_noref_3,5.0,5.0,985
489,User_DiT_1,5.0,4.0,985
489,User_DiT_2,5.0,4.0,985
489,User_DiT_3,5.0,4.0,985
489,Sys_DiT_noref_1,4.65,2.85,985
489,Sys_DiT_noref_2,4.62,3.85,985
489,Sys_DiT_noref_3,4.65,3.85,985
490,User_DiT_1,5.0,4.0,991
490,User_DiT_2,5.0,5.0,991
490,User_DiT_3,5.0,5.0,991
490,Sys_DiT_noref_1,4.85,4.62,991
490,Sys_DiT_noref_2,4.65,4.82,991
490,Sys_DiT_noref_3,4.35,2.85,991
491,User_DiT_1,4.44,4.0,991
491,User_DiT_2,4.44,4.0,991
491,User_DiT_3,3.89,4.0,991
491,Sys_DiT_noref_1,4.75,4.2,991
491,Sys_DiT_noref_2,4.65,4.92,991
491,Sys_DiT_noref_3,4.75,3.85,991
492,User_DiT_1,5.0,4.0,991
492,User_DiT_2,5.0,5.0,991
492,User_DiT_3,5.0,5.0,991
492,Sys_DiT_noref_1,4.92,4.85,991
492,Sys_DiT_noref_2,4.85,3.65,991
492,Sys_DiT_noref_3,4.95,4.98,991
493,User_DiT_1,5.0,5.0,991
493,User_DiT_2,5.0,3.0,991
493,User_DiT_3,5.0,4.0,991
493,Sys_DiT_noref_1,4.65,3.2,991
493,Sys_DiT_noref_2,4.65,3.85,991
493,Sys_DiT_noref_3,5.0,5.0,991
494,User_DiT_1,5.0,5.0,991
494,User_DiT_2,4.0,5.0,991
494,User_DiT_3,5.0,4.0,991
494,Sys_DiT_noref_1,3.65,2.85,991
494,Sys_DiT_noref_2,3.85,2.15,991
494,Sys_DiT_noref_3,4.85,4.2,991
495,User_DiT_1,5.0,3.0,999
495,User_DiT_2,5.0,3.0,999
495,User_DiT_3,5.0,3.0,999
495,Sys_DiT_noref_1,4.12,3.65,999
495,Sys_DiT_noref_2,4.12,2.85,999
495,Sys_DiT_noref_3,4.65,2.85,999
496,User_DiT_1,0.56,2.0,999
496,User_DiT_2,0.56,2.0,999
496,User_DiT_3,5.0,2.0,999
496,Sys_DiT_noref_1,4.35,2.65,999
496,Sys_DiT_noref_2,4.65,3.82,999
496,Sys_DiT_noref_3,1.85,1.2,999
497,User_DiT_1,5.0,2.0,999
497,User_DiT_2,5.0,2.0,999
497,User_DiT_3,5.0,4.0,999
497,Sys_DiT_noref_1,4.62,3.85,999
497,Sys_DiT_noref_2,4.12,1.85,999
497,Sys_DiT_noref_3,4.12,1.85,999
498,User_DiT_1,5.0,3.0,999
498,User_DiT_2,5.0,3.0,999
498,User_DiT_3,5.0,3.0,999
498,Sys_DiT_noref_1,4.12,2.35,999
498,Sys_DiT_noref_2,4.85,2.35,999
498,Sys_DiT_noref_3,4.65,3.85,999
499,User_DiT_1,5.0,3.0,999
499,User_DiT_2,5.0,3.0,999
499,User_DiT_3,5.0,3.0,999
499,Sys_DiT_noref_1,3.82,1.47,999
499,Sys_DiT_noref_2,4.65,1.85,999
499,Sys_DiT_noref_3,4.12,1.85,999
