img_id,all_correct_1,n_correct_1,n_atoms_1,ge2_gm,ge2_am,all_correct_2,n_correct_2,n_atoms_2,all_correct_3,n_correct_3,n_atoms_3
0,1,5,5,0.9997761566402218,0.9997762194465617,1,5,5,1,5,5
1,0,2,3,9.922813702368388e-05,0.65900743326397,0,2,3,0,2,3
2,1,3,3,0.9989374614393832,0.9989385791775124,1,3,3,1,3,3
3,1,3,3,0.49212305751279656,0.7063420302124195,1,3,3,1,3,3
4,1,4,4,0.8882021915468782,0.905581842164552,1,4,4,1,4,4
5,0,3,4,0.0009970533583429331,0.7470633936968563,0,3,4,0,3,4
6,1,3,3,0.9999641901854757,0.9999641903797206,1,3,3,1,3,3
7,1,3,3,0.986683274928718,0.98683259394295,1,3,3,1,3,3
8,1,4,4,0.999978143440091,0.9999781436683289,1,4,4,1,4,4
9,0,3,4,0.0009976899038578475,0.7476978338159546,0,3,4,0,3,4
10,1,3,3,0.9552200042730666,0.9571600011752045,1,3,3,1,3,3
11,0,1,3,9.453729382016493e-05,0.6149679473997107,0,2,3,0,2,3
12,1,5,5,0.999954028263933,0.9999540312777,1,5,5,1,5,5
13,0,2,3,0.020724487272244126,0.6662116471763614,0,2,3,0,2,3
14,0,2,5,0.00192702180613079,0.3774296388978036,0,2,5,0,2,5
15,1,5,5,0.9999645429962328,0.9999645435677984,1,5,5,1,5,5
16,1,3,3,0.999697734422098,0.9996977984201156,1,3,3,1,3,3
17,1,5,5,0.9999723306862054,0.9999723317606168,1,5,5,1,5,5
18,0,2,3,0.010911873759871188,0.6493165584500901,0,2,3,0,2,3
19,1,5,5,0.5426915498321747,0.8062465807641092,1,5,5,1,5,5
20,0,2,3,9.999978878093825e-05,0.6666645544783489,0,2,3,0,2,3
21,0,2,5,0.06326241941617129,0.789681659650998,0,4,5,0,4,5
22,1,4,4,0.9999497555174088,0.9999497566763039,1,4,4,1,4,4
23,1,4,4,0.366205903675132,0.7544726097013865,1,4,4,1,4,4
24,1,3,3,0.9903148389684142,0.9904077758244285,1,3,3,1,3,3
25,1,3,3,0.9997204099426676,0.9997204857501193,1,3,3,1,3,3
26,1,3,3,0.014869927301031935,0.6666022710223606,1,3,3,1,3,3
27,0,3,4,0.9382107358637071,0.9436920230413002,0,3,4,0,3,4
28,1,5,5,0.9987774143190389,0.9987789772127533,1,5,5,1,5,5
29,0,2,3,0.9996100062207451,0.9996101299577848,1,3,3,0,2,3
30,1,3,3,0.9946626309076749,0.9946910591681069,1,3,3,1,3,3
31,0,2,5,0.002002628274112328,0.38798197480495145,0,2,5,0,2,5
32,0,2,3,0.0404196559265776,0.6666055178262862,0,2,3,0,2,3
33,0,4,5,0.048546024975979374,0.7997571493584957,0,4,5,0,4,5
34,0,2,3,0.019089693460279385,0.6663992276335119,0,2,3,0,2,3
35,1,3,3,0.9996665863935278,0.9996666936639368,1,3,3,1,3,3
36,0,2,3,0.018284776962889663,0.6653246285256772,0,2,3,0,2,3
37,1,3,3,0.9999036661119731,0.9999036750809918,1,3,3,1,3,3
38,1,3,3,0.9999657624710954,0.9999657627860908,1,3,3,1,3,3
39,1,3,3,0.9943836664528117,0.9944139638543179,1,3,3,1,3,3
40,0,1,3,0.0007708868231792776,0.3322375516851666,0,1,3,0,1,3
41,0,3,4,0.04676626058434344,0.7499122389508774,0,3,4,0,3,4
42,0,2,3,0.08902298420125022,0.6661609674019896,1,3,3,1,3,3
43,1,4,4,0.9998731390319023,0.9998731471121525,1,4,4,1,4,4
44,1,3,3,0.6648245647439792,0.7645577363518025,1,3,3,1,3,3
45,1,5,5,0.990300404123268,0.9904854843081721,1,5,5,1,5,5
46,0,1,3,1.365996555950313e-06,0.3317197834434886,0,1,3,0,1,3
47,0,2,3,0.024357427553312987,0.6606844204184864,0,2,3,0,2,3
48,0,2,3,9.886343503127559e-05,0.6553455521405337,0,2,3,0,2,3
49,0,4,5,0.11942640846943285,0.7999552766157647,0,4,5,0,4,5
50,1,3,3,0.958577659282424,0.9602696340801896,1,3,3,1,3,3
51,1,3,3,0.6583397949892876,0.7507043689316474,1,3,3,1,3,3
52,1,3,3,0.9971106858475206,0.99711883466668,1,3,3,1,3,3
53,1,3,3,0.04393364650775441,0.6666487328655795,1,3,3,1,3,3
54,0,2,3,0.00594297445695954,0.6661233450990482,0,2,3,0,2,3
55,1,5,5,0.8473271022406808,0.8870839381401925,1,5,5,1,5,5
56,1,5,5,0.9999321827009012,0.9999321834170051,1,5,5,1,5,5
57,0,3,4,0.08710805743481864,0.7499647951367558,0,3,4,0,3,4
58,1,3,3,0.9929979513513166,0.9930284291683168,1,3,3,1,3,3
59,0,1,3,0.0004675080372359032,0.3326576578746547,0,1,3,0,1,3
60,1,3,3,0.9998205786653691,0.9998206097215704,1,3,3,1,3,3
61,1,5,5,0.9998881809544906,0.9998881957664872,1,5,5,1,5,5
62,1,3,3,0.03417158784127828,0.6653372275411574,1,3,3,1,3,3
63,1,3,3,0.9999492481120319,0.9999492496543504,1,3,3,1,3,3
64,1,4,4,0.9999521180320006,0.9999521183654512,1,4,4,1,4,4
65,1,4,4,0.9998787443500636,0.9998787501394856,1,4,4,0,3,4
66,1,3,3,0.01900661883259525,0.6620861020416848,1,3,3,1,3,3
67,1,3,3,0.9465978662739425,0.9492550792090407,1,3,3,1,3,3
68,1,3,3,0.9195156563267843,0.9258194179166841,1,3,3,1,3,3
69,1,3,3,0.9977484075028579,0.9977533635768093,1,3,3,1,3,3
70,1,4,4,0.9999307191184352,0.999930724774224,1,4,4,1,4,4
71,0,4,5,0.7114785944261691,0.8363547308097324,0,4,5,0,4,5
72,0,2,3,0.00269299583309666,0.6662325959871794,0,2,3,0,2,3
73,0,2,3,0.01110398662566953,0.6663605044358675,0,2,3,0,2,3
74,0,1,3,1.0654381183654483e-06,0.33321887353947893,0,2,3,0,1,3
75,1,3,3,0.05318284955215698,0.35016567721151787,1,3,3,1,3,3
76,1,3,3,0.7624847219286819,0.8143523927802349,1,3,3,1,3,3
77,1,3,3,1.0965965024720178e-05,0.332038474043633,1,3,3,1,3,3
78,1,3,3,0.9999594400346412,0.999959440449937,1,3,3,1,3,3
79,0,4,5,0.15719337369615852,0.7997602649567896,0,4,5,0,4,5
80,1,5,5,0.7470039470565353,0.8457695398025737,1,5,5,1,5,5
81,1,3,3,0.8253357034117342,0.854056902846818,1,3,3,1,3,3
82,0,4,6,0.0014108839984180764,0.6666339517697066,0,4,6,0,4,6
83,1,5,5,0.9999603720458521,0.9999603731020074,1,5,5,1,5,5
84,1,3,3,0.9992339642519742,0.9992344742076383,1,3,3,1,3,3
85,0,3,5,0.01576315668800523,0.6000268811211041,0,3,5,0,3,5
86,0,3,4,0.0009999665018416998,0.7499665027539515,0,3,4,0,3,4
87,1,4,4,0.9999413806742711,0.9999413813658403,1,4,4,1,4,4
88,1,5,5,0.1826129799721454,0.7996954126542142,1,5,5,1,5,5
89,1,5,5,0.9999960331155409,0.999996033116008,1,5,5,1,5,5
90,0,4,5,0.03975282614207056,0.7999264476836089,0,4,5,0,4,5
91,1,4,4,0.11139117453022106,0.7487317034723071,1,4,4,0,3,4
92,1,3,3,0.9997780814681239,0.9997780969977973,1,3,3,1,3,3
93,0,2,3,9.964853583819443e-05,0.6631552555117431,0,2,3,0,2,3
94,1,3,3,0.020752117070141813,0.6665661486547941,1,3,3,1,3,3
95,0,2,3,0.01830979244972827,0.6663943488134798,0,2,3,0,2,3
96,0,4,5,0.038770098172269105,0.7998944192022026,0,4,5,0,4,5
97,1,3,3,0.9991221293563526,0.9991223715175286,1,3,3,1,3,3
98,1,3,3,0.9863530806569653,0.9864989674050729,1,3,3,1,3,3
99,1,3,3,0.9733451426833638,0.9738005453818407,1,3,3,1,3,3
100,1,6,6,0.9959858538157554,0.996022485399604,1,6,6,1,6,6
101,0,4,5,0.003975993917763174,0.7987277266405346,0,4,5,0,4,5
102,1,6,6,0.9768544291335861,0.977179680481274,1,6,6,1,6,6
103,1,5,5,0.9999114732335487,0.9999114846051895,1,5,5,1,5,5
104,0,4,6,0.07086407901520067,0.8321791389760606,0,4,6,0,4,6
105,1,7,7,0.9769191526263932,0.9776171776018528,1,7,7,1,7,7
106,1,6,6,0.9981883517915301,0.9981931263963579,1,6,6,1,6,6
107,1,6,6,0.9239686776499457,0.9370111101318249,0,5,6,1,6,6
108,0,4,5,0.09010055781959661,0.7978687379807184,0,4,5,0,4,5
109,0,4,6,0.01831017528048426,0.6663773081924184,0,4,6,0,4,6
110,1,6,6,0.9836089676075024,0.9842383270679963,1,6,6,1,6,6
111,0,5,6,0.9232668593781187,0.936253116002619,0,5,6,0,5,6
112,0,4,6,0.003995584175580629,0.6672962845749547,0,4,6,0,5,6
113,0,3,5,1.579111505435743e-05,0.5963780902651948,0,3,5,0,3,5
114,1,5,5,0.08004480774895684,0.7999145523766782,1,5,5,1,5,5
115,1,6,6,0.9999835499671522,0.9999835502514042,1,6,6,1,6,6
116,1,5,5,0.17797046439177228,0.7998855313195827,1,5,5,1,5,5
117,1,6,6,0.5428783924797885,0.8165334441206674,1,6,6,1,6,6
118,0,4,5,0.09500207933419966,0.6169493278559872,0,4,5,0,4,5
119,1,6,6,0.9997725891582795,0.999772669797696,1,6,6,1,6,6
120,0,4,5,0.1287108997313373,0.7998282900687357,0,4,5,0,4,5
121,0,2,5,0.5786066323005751,0.8074683898339053,0,2,5,0,2,5
122,0,3,5,0.00015434703482916054,0.5998976224178594,0,3,5,0,3,5
123,0,4,7,0.015587727023929519,0.5716692088228816,0,4,7,0,4,7
124,0,5,6,0.016490045686621442,0.6664028780068785,0,5,6,0,5,6
125,0,4,5,0.022348042206276796,0.600025990728693,0,4,5,0,4,5
126,0,2,4,9.997471175340247e-07,0.49974715699331473,0,2,4,0,2,4
127,0,4,5,0.00031081317631193343,0.5998872316670374,0,3,5,0,4,5
128,0,3,5,0.00026492706150561997,0.590381615451152,0,3,5,0,3,5
129,0,3,5,0.00010090465599897089,0.5998697707547683,0,3,5,0,3,5
130,0,4,5,0.010244580971253952,0.4801476246480637,0,4,5,0,4,5
131,0,3,5,1.4338959528817142e-05,0.5208927767339723,0,3,5,0,3,5
132,0,4,5,0.003980498943522969,0.7998561581445642,0,4,5,0,4,5
133,0,4,5,0.0003611286918339158,0.5999826817570403,0,4,5,0,4,5
134,0,4,5,0.00033503388453361995,0.5999517483126556,0,4,5,0,4,5
135,1,5,5,0.9998573546518177,0.9998573844648329,1,5,5,1,5,5
136,0,4,5,0.003975373642824133,0.7985722168826415,0,4,5,0,4,5
137,0,2,4,9.996116657733957e-07,0.4996118736098757,0,2,4,0,2,4
138,0,5,6,0.054112743098933734,0.8333147486735605,0,5,6,0,5,6
139,1,5,5,0.9801413042348449,0.9809125146379423,1,5,5,1,5,5
140,0,3,5,0.0008036933453725462,0.6000456596169508,0,3,5,0,3,5
141,0,2,6,0.16212016150749156,0.8264958178042238,0,2,6,0,2,6
142,0,4,5,0.025989805537664057,0.7999490953503035,0,4,5,0,4,5
143,0,4,5,0.13532555056407827,0.7999489913869893,0,4,5,0,4,5
144,0,4,5,0.24592181158220167,0.8001272920864771,0,4,5,0,4,5
145,0,5,7,0.36390711800309256,0.722312177592342,0,5,7,0,5,7
146,0,5,6,0.1098572505277201,0.8330963309941258,0,5,6,0,5,6
147,0,2,4,0.0018649607517597982,0.49988011724642967,0,2,4,0,2,4
148,1,6,6,0.9999363579533934,0.9999363599589812,1,6,6,1,6,6
149,0,1,5,0.0004688029964841555,0.2874831604572412,0,2,5,0,1,5
150,0,4,5,0.003961271771164479,0.7950510029270917,0,4,5,0,4,5
151,1,6,6,0.9984374595317899,0.9984384134843062,1,6,6,1,6,6
152,1,5,5,0.999748779084529,0.99974883402951,1,5,5,1,5,5
153,1,5,5,0.9984917405279111,0.9984945492838996,1,5,5,1,5,5
154,1,5,5,0.003980635670261157,0.7998904917841223,1,5,5,1,5,5
155,1,6,6,0.9999958633879302,0.9999958633986811,1,6,6,1,6,6
156,0,4,5,0.2716676513371659,0.8002239693947635,0,4,5,0,4,5
157,0,3,5,0.009093979765101913,0.5999223223668427,0,3,5,0,3,5
158,0,5,6,0.23260224335587432,0.8333020163382305,0,5,6,0,5,6
159,0,3,5,0.23921896764040226,0.7164274920836533,0,3,5,0,3,5
160,0,4,5,0.0655267413490482,0.7997046387966662,0,4,5,0,4,5
161,1,5,5,0.652158130912149,0.82181220583028,1,5,5,1,5,5
162,1,5,5,0.8473965057538494,0.8871662203043756,1,5,5,1,5,5
163,1,5,5,0.11808674985481593,0.7904512824408358,1,5,5,1,5,5
164,0,4,6,0.0003958188133367339,0.4999722511307117,0,4,6,0,4,6
165,1,6,6,0.6511189740952402,0.8458136025653631,0,4,6,0,3,6
166,1,5,5,0.9999031948713081,0.999903208967153,1,5,5,1,5,5
167,0,4,5,0.03779823150515903,0.7995073618100744,0,4,5,0,4,5
168,0,5,6,0.4375725481301632,0.6991978426358152,0,5,6,0,5,6
169,1,6,6,0.9998938707126941,0.9998938877856,1,6,6,1,6,6
170,1,5,5,0.9999730396521932,0.999973040257448,1,5,5,1,5,5
171,1,6,6,0.9999374039590326,0.9999374081018263,1,6,6,1,6,6
172,0,5,6,0.5793685052969949,0.8322163767051484,0,5,6,0,5,6
173,0,2,5,0.16787585601136173,0.7909872634218228,0,2,5,0,2,5
174,1,6,6,0.263559195260955,0.8333013906541092,1,6,6,1,6,6
175,1,5,5,0.38539693282653015,0.7999841797547914,1,5,5,1,5,5
176,0,2,4,0.000154272143198241,0.5001213150133372,0,2,4,0,2,4
177,1,7,7,0.9999820622153218,0.9999820624323327,1,7,7,1,7,7
178,1,5,5,0.10496159263170296,0.6002315664496294,1,5,5,1,5,5
179,1,5,5,0.959550881338831,0.9625152433168898,1,5,5,1,5,5
180,0,3,5,0.004516200007110449,0.5999225758135418,0,3,5,0,3,5
181,0,5,6,0.8517249497266626,0.8735347778100134,0,5,6,0,5,6
182,0,2,4,9.946714682216772e-07,0.4947135333770504,0,2,4,0,2,4
183,0,5,6,0.05083435099862581,0.8333170513425397,0,5,6,0,5,6
184,0,5,6,0.08271631245053614,0.8206681333703035,0,5,6,0,5,6
185,1,5,5,0.9999746735207633,0.9999746739299606,1,5,5,1,5,5
186,1,6,6,0.9985620319399443,0.9985669671245399,1,6,6,1,6,6
187,0,4,5,0.9910077856224092,0.9911611152137751,0,4,5,0,4,5
188,1,6,6,0.9999054925894921,0.9999055039973922,1,6,6,1,6,6
189,0,4,5,0.003943095209649449,0.790640273693184,0,4,5,0,4,5
190,0,4,5,0.40530158174705905,0.8012872388400222,0,4,5,0,4,5
191,1,5,5,0.9703379195904974,0.9719304765564273,1,5,5,1,5,5
192,0,4,5,0.1503329662357249,0.7244590961432549,0,4,5,0,4,5
193,0,1,5,0.0004983700606266769,0.43923595545670924,0,1,5,0,1,5
194,0,4,5,0.030834981389052787,0.5961069034806039,0,4,5,0,4,5
195,1,6,6,0.9957943459983701,0.9958179237846743,1,6,6,1,6,6
196,0,3,6,0.004084953668851534,0.4997961862100036,0,3,6,0,3,6
197,1,7,7,0.9994871009374864,0.9994876958627291,1,7,7,1,7,7
198,0,4,5,0.02523434116976565,0.5814161995141486,0,4,5,0,4,5
199,1,5,5,0.447191004932608,0.8024591174112802,1,5,5,1,5,5
200,0,3,5,0.26475346848719905,0.7349156599962503,0,4,5,0,3,5
201,0,5,6,0.00996619360095828,0.8299767200426483,0,5,6,0,5,6
202,0,3,6,0.029501021293323274,0.4247325116148531,0,3,6,0,3,6
203,0,5,7,0.02309341613732366,0.6824247507500065,0,5,7,0,5,7
204,0,3,5,0.00023610592394349172,0.599975301104694,0,3,5,0,3,5
205,0,2,6,0.00011391820623463591,0.43707903451492786,0,2,6,0,2,6
206,0,3,5,0.009603460866647772,0.5994676645512795,0,3,5,0,3,5
207,1,7,7,0.993050038072468,0.9931915935993463,1,7,7,1,7,7
208,1,6,6,0.0925491801701826,0.8283923356971975,1,6,6,1,6,6
209,1,7,7,0.9998462040108796,0.9998462226109165,1,7,7,1,7,7
210,0,3,6,0.001297837588203917,0.6666484769544404,0,3,6,0,3,6
211,0,5,6,0.1773987702339771,0.8331893739354475,0,5,6,0,5,6
212,0,6,8,0.015320557400115424,0.6430561031224077,0,7,8,0,6,8
213,0,5,6,0.02888510031395359,0.6644229458586154,0,5,6,0,5,6
214,0,5,6,0.28052210733347843,0.8333556987487446,0,5,6,0,5,6
215,0,6,7,0.14526430634231946,0.8565159599479538,0,6,7,0,6,7
216,0,5,6,0.20425302747931554,0.828421773879776,0,5,6,0,5,6
217,0,3,6,0.00969106111808925,0.6208584075576442,0,4,6,0,4,6
218,0,6,7,0.17066231822518133,0.8569329642012775,0,6,7,0,6,7
219,0,5,6,0.9585838633102854,0.9623845288758924,0,5,6,0,5,6
220,0,6,7,0.019305678334029002,0.8570755832971527,0,6,7,0,6,7
221,0,5,6,0.0013254282096360388,0.6666525078989435,0,5,6,0,5,6
222,0,6,7,0.152278168783463,0.8502635819990301,0,6,7,0,6,7
223,0,5,6,0.1598721994629796,0.8332928896172166,0,5,6,0,5,6
224,0,7,8,0.029697796172040603,0.8242935955290651,0,7,8,0,7,8
225,0,4,7,0.0006261057627888186,0.5713047920866157,0,4,7,0,4,7
226,0,3,6,0.071626229614368,0.47032201856566974,0,3,6,0,3,6
227,0,4,6,0.14201387122026898,0.6550716552456847,0,4,6,0,4,6
228,0,5,6,0.009998110379474616,0.8331444347219104,0,5,6,0,5,6
229,0,4,6,0.014232323380264561,0.5007262602728707,0,4,6,0,4,6
230,0,5,8,0.025362115307599832,0.6904327166568659,0,5,8,0,7,8
231,1,7,7,0.999981551342412,0.9999815516265919,1,7,7,1,7,7
232,0,2,6,0.0003380800849317862,0.49835979853207585,0,2,6,0,2,6
233,1,7,7,0.9999503190731553,0.9999503215770714,1,7,7,1,7,7
234,1,6,6,0.838406005335759,0.8891822675898055,1,6,6,1,6,6
235,1,7,7,0.9996987878759381,0.9996989809358852,1,7,7,1,7,7
236,0,6,7,0.10260904124291989,0.8029222552725362,0,6,7,0,6,7
237,0,5,6,0.009999379093601452,0.8332712475682773,0,5,6,0,5,6
238,0,3,5,0.00197646873004806,0.59856789866098,0,3,5,0,3,5
239,0,5,6,0.009997124570021516,0.8330459398074527,0,5,6,0,5,6
240,0,3,5,0.017316391511857158,0.4051009771201393,0,3,5,0,3,5
241,0,6,7,0.017417450611956993,0.7837348959781643,0,6,7,0,6,7
242,0,5,6,0.009999560847429294,0.8332894188608176,0,5,6,0,5,6
243,0,6,7,0.08610517866816055,0.8514880091496924,0,6,7,0,6,7
244,0,2,5,1.0720654468107029e-05,0.3916816262027011,0,2,5,0,2,5
245,0,5,6,0.009996578358428572,0.8329912418988402,0,5,6,0,5,6
246,0,1,5,1.3883459815081935e-06,0.19991757783410932,0,1,5,0,1,5
247,0,5,6,0.05512203850202443,0.6644739553524461,0,4,6,0,5,6
248,0,6,7,0.0010705703453597955,0.42884773931051595,0,6,7,0,6,7
249,1,6,6,0.9999270657963344,0.9999270690535469,1,6,6,1,6,6
250,0,4,6,0.0003873377947906427,0.33411966905192064,0,4,6,0,4,6
251,0,3,5,0.00027304650722538614,0.5953916149909831,0,3,5,0,3,5
252,0,1,5,9.66255002305841e-08,0.20000667716534504,0,1,5,0,1,5
253,0,5,6,0.08079959200411281,0.7706406097413602,0,5,6,0,5,6
254,0,4,5,0.05231229023840065,0.7994769838256233,0,4,5,0,4,5
255,0,6,7,0.15891518572836663,0.8571023359336211,1,7,7,1,7,7
256,0,5,7,0.020753602648539947,0.714257647985144,0,5,7,0,5,7
257,0,5,7,0.0015288757341041651,0.7140661842678495,0,5,7,0,5,7
258,0,4,5,0.0039810537943642185,0.799995500929031,0,4,5,0,4,5
259,0,4,5,0.09405808553613891,0.5938026411073227,0,4,5,0,4,5
260,0,2,5,5.007739592775329e-05,0.3999274094145585,0,4,5,0,3,5
261,0,3,6,0.0020122789779186373,0.4998812432695628,0,3,6,0,3,6
262,0,4,5,0.003980264005526075,0.7997971953528253,0,4,5,0,4,5
263,0,3,7,0.0016698086823633634,0.4264869332674978,0,3,7,0,3,7
264,0,6,7,0.006974688520093418,0.7142573229263732,0,6,7,0,6,7
265,0,3,5,0.0010307036360596292,0.5991599468647796,0,3,5,0,3,5
266,0,3,5,0.00032677982158695425,0.5999819803011943,0,3,5,0,3,5
267,0,6,7,0.11186662244709798,0.7285801098301412,0,6,7,0,6,7
268,0,3,5,1.584752944841112e-05,0.5999115144683674,0,3,5,0,3,5
269,0,4,6,0.0015984616689458785,0.6664682004384829,0,4,6,0,4,6
270,1,6,6,0.9998380512934275,0.9998380647322502,1,6,6,1,6,6
271,0,6,7,0.034829971010135755,0.7141704736391646,0,5,7,0,5,7
272,0,6,7,0.019260923953463648,0.854773956014231,0,6,7,0,6,7
273,0,4,6,0.01990464077286244,0.6666643061337838,0,4,6,0,4,6
274,0,5,7,0.004713142746396438,0.7140287150830081,0,5,7,0,5,7
275,0,7,8,0.237381036322682,0.8248919224990519,0,7,8,0,7,8
276,1,6,6,0.9999649084037968,0.9999649087624604,1,6,6,1,6,6
277,0,6,8,0.0775302614818889,0.749104045944791,0,6,8,0,5,8
278,0,5,6,0.997622170880973,0.9976301190527267,0,5,6,0,5,6
279,1,5,5,0.999174009891693,0.9991753138872408,1,5,5,1,5,5
280,0,4,6,0.1701083140648984,0.8328559193399189,0,4,6,0,4,6
281,0,5,6,0.1136026279326406,0.6889988418787937,0,5,6,0,5,6
282,1,7,7,0.9999738614264617,0.9999738623665603,1,7,7,1,7,7
283,0,4,6,0.19216691543108233,0.8298143582305643,0,4,6,0,4,6
284,0,5,6,0.045760426060046,0.6672069401549132,0,5,6,0,5,6
285,0,5,6,0.06939808238020585,0.6661111341942362,0,5,6,0,5,6
286,0,3,5,0.0002190446074204394,0.5999699267028941,0,3,5,0,3,5
287,0,5,6,0.070881502228536,0.8324257392835598,0,5,6,0,5,6
288,0,4,5,0.038644093287533696,0.6001205237078784,0,4,5,0,4,5
289,1,5,5,0.3087758795973357,0.8005431322421224,1,5,5,1,5,5
290,0,4,6,0.009834563380613828,0.8174451677796589,0,4,6,0,4,6
291,0,5,6,0.009943948443061052,0.8278057001474893,0,5,6,0,5,6
292,0,7,8,0.05746218191816867,0.7377709882265824,0,7,8,0,7,8
293,1,8,8,0.9998500878352038,0.9998501062169088,1,8,8,1,8,8
294,0,6,7,0.17689619840310275,0.8570951423709969,0,6,7,0,6,7
295,0,5,6,0.13213384191234626,0.66969958909557,0,5,6,0,5,6
296,1,6,6,0.7846693641210177,0.8721522435379768,1,6,6,1,6,6
297,0,5,7,0.00988118643689224,0.7155068855005178,0,5,7,0,5,7
298,0,4,6,0.06077335503982013,0.5047491192995254,0,5,6,0,5,6
299,0,3,7,0.005578425881894081,0.592901148143647,0,3,7,0,3,7
300,0,3,6,0.00032792822887994636,0.4993705335159177,0,3,6,0,3,6
301,1,8,8,0.23750537724064688,0.8749388841653927,1,8,8,1,8,8
302,0,5,9,0.095859550633181,0.6412392731349921,0,5,9,0,5,9
303,0,8,9,0.3290740079577259,0.8885380201177864,0,8,9,0,8,9
304,1,7,7,0.9999952331193321,0.9999952331387243,1,7,7,1,7,7
305,0,7,9,0.026280199024020828,0.7777279210190629,0,7,9,0,7,9
306,0,3,6,0.0009109221022127131,0.6666172733228133,0,3,6,0,3,6
307,0,4,6,0.000931003682690797,0.49998974517766226,0,4,6,0,4,6
308,0,6,9,0.07590212202109589,0.6781448795857465,0,7,9,0,6,9
309,0,3,6,0.07395741773899879,0.55481802706161,0,3,6,0,3,6
310,0,4,6,7.8456318138461e-05,0.5385582032227089,0,4,6,0,4,6
311,0,6,8,0.0016240350298365777,0.6249888538088555,0,6,8,0,6,8
312,0,6,8,0.06475604980149692,0.7473149300768711,0,6,8,0,6,8
313,0,7,8,0.028947970879419752,0.8116079260989539,0,7,8,0,7,8
314,0,6,8,0.10826069224704078,0.7113534278825863,0,6,8,0,6,8
315,0,6,8,0.00591441484559453,0.7454703962308946,0,6,8,0,6,8
316,1,6,6,0.19179135325322788,0.7201458139190372,1,6,6,1,6,6
317,0,8,9,0.04629345551258261,0.8862768744432918,0,8,9,0,8,9
318,0,3,6,0.0002987610958069532,0.4700147539756366,0,3,6,0,3,6
319,0,5,7,0.0018610353160422163,0.7142397556171768,0,5,7,0,5,7
320,0,4,8,1.1953593747091758e-05,0.3737401684242083,0,4,8,0,4,8
321,0,5,7,8.913633840827709e-05,0.5692552420759401,0,5,7,0,5,7
322,1,6,6,0.9999683861005599,0.9999683867965233,1,6,6,1,6,6
323,0,3,7,4.1602797872127856e-05,0.47053131951112676,0,3,7,0,3,7
324,0,5,7,0.017774825346593394,0.7941930566388843,0,5,7,0,6,7
325,1,9,9,0.9921777569408631,0.992412598034214,1,9,9,1,9,9
326,0,5,6,0.002985264160683717,0.6663420919459738,0,5,6,0,5,6
327,0,3,7,5.602014514775368e-06,0.2952616241929013,0,3,7,0,3,7
328,0,5,6,0.00031396676869823093,0.5005924254966462,0,5,6,0,5,6
329,0,6,8,0.513930979928395,0.8670351843834985,0,6,8,0,7,8
330,0,1,6,1.188415169510228e-05,0.2472537154766766,0,1,6,0,1,6
331,0,4,6,0.0035125184373792557,0.4565525470859631,0,4,6,0,4,6
332,0,5,8,0.015852127868985058,0.6445949802432065,0,5,8,0,5,8
333,0,6,7,0.23961919591800396,0.8570254953608277,0,6,7,0,6,7
334,1,8,8,0.9962020902346619,0.9962495174250681,1,8,8,1,8,8
335,0,5,7,0.002476349163761145,0.7141762129667172,0,5,7,0,5,7
336,0,4,6,0.0006369410511880693,0.4982236076111138,0,4,6,0,4,6
337,0,5,8,9.974201611027579e-05,0.4202463241630605,0,4,8,0,4,8
338,0,6,7,0.07374170303549434,0.8570989289725388,0,6,7,0,6,7
339,0,5,8,0.042719659742833864,0.6278347026429175,0,5,8,0,5,8
340,0,2,6,0.01734626695962529,0.529877252545796,0,3,6,0,2,6
341,0,7,8,0.15574820604939638,0.8748610355758648,0,7,8,0,7,8
342,0,6,8,0.006412755863172283,0.7487478801297329,0,6,8,0,6,8
343,0,6,9,0.006929698621756099,0.6751060427744583,0,6,9,0,6,9
344,0,7,8,0.028150078439565934,0.7990590269950409,0,7,8,0,7,8
345,0,5,6,0.30199685384906605,0.8334433105841051,0,5,6,0,5,6
346,0,7,8,0.272543650417635,0.8720140024117423,0,7,8,0,7,8
347,0,3,6,2.7445589588732988e-05,0.4988569276280557,0,3,6,0,3,6
348,0,7,8,0.03161545958730449,0.87476867862152,0,7,8,0,7,8
349,0,7,8,0.19751785519147824,0.7865784321422706,0,7,8,0,7,8
350,0,4,7,3.1148081407318604e-05,0.5713912621002925,0,4,7,0,4,7
351,0,6,8,0.12644316727432844,0.7539650331407174,0,6,8,0,6,8
352,0,6,7,0.01929988416377302,0.8567758679091984,0,6,7,0,6,7
353,0,4,6,0.0017289789765618084,0.5445257749996685,0,4,6,0,4,6
354,0,8,9,0.5276325447412895,0.8891280982783802,0,8,9,0,8,9
355,0,6,8,0.01338847173590616,0.7501127500970673,0,6,8,0,6,8
356,0,6,8,0.014707358484706947,0.6256508412019393,0,6,8,0,6,8
357,0,8,9,0.21104990523821268,0.8887842340238887,0,8,9,0,8,9
358,1,8,8,0.04495730374324965,0.5433558922843826,1,8,8,1,8,8
359,1,7,7,0.9999768707091973,0.9999768712013983,1,7,7,1,7,7
360,0,6,7,0.019035558328599503,0.8436509919109094,0,6,7,0,6,7
361,1,9,9,0.9995263111868293,0.999527122506283,1,9,9,1,9,9
362,0,6,7,0.8885369886852349,0.9195049936182874,0,6,7,0,6,7
363,0,3,6,0.0002957101726596837,0.49990141034920543,0,3,6,0,3,6
364,0,4,7,0.0020618206609404914,0.5379798393136093,0,4,7,0,4,7
365,0,5,7,0.00673765491453986,0.714243092650239,0,5,7,0,5,7
366,0,4,6,0.11813088750515106,0.8226567287486198,0,4,6,0,4,6
367,0,5,7,0.9891416899805082,0.989365488104986,0,5,7,0,5,7
368,0,6,9,0.05543375368892095,0.6196965710973907,0,6,9,0,6,9
369,0,6,7,0.01930545002184853,0.8570637568231128,0,6,7,0,6,7
370,0,3,6,0.003370879475997276,0.6631102229948523,0,3,6,0,3,6
371,0,5,7,0.001702118566832961,0.7142642930033579,0,5,7,0,5,7
372,0,5,8,0.014912426402280746,0.6248675628516692,0,5,8,0,5,8
373,0,6,7,0.6035646444602147,0.8612318674817975,1,7,7,0,6,7
374,0,8,9,0.6225517357622369,0.8903186763067237,0,8,9,0,8,9
375,0,3,6,0.0004680534058262663,0.4997397250976085,0,3,6,0,3,6
376,0,5,6,0.20504555111989975,0.6504787793198986,0,5,6,0,5,6
377,1,8,8,0.1053756120341588,0.7567046775673015,1,8,8,1,8,8
378,1,8,8,0.9998980835017085,0.9998980979742891,1,8,8,1,8,8
379,0,4,6,6.441526771477133e-05,0.4238841558686528,0,3,6,0,3,6
380,0,7,8,0.19082793109036617,0.8748679664369241,0,7,8,0,7,8
381,0,6,8,0.048236941008691456,0.6527559920474594,0,6,8,0,6,8
382,0,2,6,1.052577181500117e-07,0.3319976119785631,0,2,6,0,2,6
383,0,6,8,0.4680749878265767,0.7845464954636621,0,6,8,0,6,8
384,0,6,7,0.01905081383425674,0.8443860030679621,0,6,7,0,6,7
385,0,6,8,0.004849360186453517,0.7499802616264724,0,6,8,0,6,8
386,0,6,8,0.0708400655098472,0.743469084589727,0,6,8,0,6,8
387,0,5,8,0.06353599760587207,0.7305251616226878,0,5,8,0,4,8
388,0,4,8,0.00021894691360489513,0.3766790649200588,0,4,8,0,4,8
389,0,7,8,0.2902986710263408,0.872573438369974,0,7,8,0,7,8
390,0,5,8,0.01216372562990638,0.6016757619827588,0,5,8,0,5,8
391,0,6,7,0.18012476817160147,0.8404694844961138,0,6,7,0,6,7
392,0,4,6,0.00028934477307509935,0.5000055974707934,0,4,6,0,4,6
393,0,8,9,0.04641419123420243,0.888852327801707,0,8,9,0,8,9
394,0,4,8,0.00017300521685602167,0.5675959413361998,0,4,8,0,4,8
395,0,4,6,0.009780653670702747,0.6643645735415017,0,4,6,0,4,6
396,0,6,8,0.23842164843715752,0.7527464275228297,0,6,8,0,6,8
397,0,8,9,0.1996546751978386,0.8888346684061139,0,8,9,0,8,9
398,0,5,8,0.027725706370607325,0.7429362491074925,0,6,8,0,5,8
399,0,5,7,0.4134293008282264,0.8495902221431644,0,5,7,0,5,7
400,0,5,8,0.0008653947543894906,0.66266111258168,0,5,8,0,5,8
401,0,8,10,0.08732723733439579,0.7994403924761593,0,7,10,0,8,10
402,0,6,8,0.09911309775732863,0.7498084959430031,0,6,8,0,6,8
403,0,6,10,0.03377413074116342,0.5976372610477203,0,6,10,0,6,10
404,0,4,8,0.0012762202354887615,0.6042697618269544,0,4,8,0,5,8
405,0,6,8,0.0045548646796025145,0.625085876768071,0,6,8,0,6,8
406,0,3,7,0.0016831031592535683,0.5606000801371633,0,3,7,0,3,7
407,0,6,9,0.0017867321395080103,0.5852160340261453,0,6,9,0,6,9
408,0,8,9,0.5491741623221739,0.8878040195232568,0,8,9,0,8,9
409,0,4,7,0.004091294741487659,0.6991213843846411,0,4,7,0,4,7
410,0,5,8,0.002595598387850572,0.6250082457873127,0,5,8,0,5,8
411,0,7,8,0.16576451196662076,0.8746882688533578,0,7,8,0,7,8
412,0,7,8,0.021407023254538693,0.647338312488683,0,7,8,0,7,8
413,0,3,8,3.512683516683379e-05,0.4950636367021107,0,3,8,0,3,8
414,0,5,8,0.001677185399341163,0.6249920399715926,0,5,8,0,5,8
415,0,6,7,0.2074910024547218,0.855917784952948,0,6,7,0,6,7
416,0,5,9,0.001220393848953581,0.5553125249712455,0,5,9,0,5,9
417,0,3,7,1.9143558072908674e-06,0.425792237244669,0,3,7,0,3,7
418,0,6,9,0.007625506503331729,0.7637443769433858,0,6,9,0,6,9
419,0,6,8,0.005113816945550027,0.6571017233635448,0,6,8,0,6,8
420,0,5,8,8.207896404044153e-05,0.6249264908952115,0,5,8,0,5,8
421,0,4,7,0.038353871283885205,0.7119694736417914,0,4,7,0,4,7
422,0,4,7,0.0003933395468138794,0.5714070605531807,0,4,7,0,4,7
423,0,7,9,0.04040024446541941,0.7773262052171875,0,7,9,0,7,9
424,0,4,8,0.006216958581702698,0.5400817630828969,0,4,8,0,4,8
425,0,3,8,0.0004508617831912166,0.5001601594412193,0,3,8,0,3,8
426,0,4,7,4.2069394113714496e-05,0.5684194017502954,0,4,7,0,4,7
427,0,6,7,0.006663329688026795,0.5921463565194648,0,6,7,0,5,7
428,0,7,9,0.023165488449691893,0.7776684560694511,0,7,9,0,7,9
429,0,6,8,0.005325922287592981,0.7499586988888095,0,6,8,0,6,8
430,0,6,8,0.000997398600911426,0.7474112192112544,0,6,8,0,6,8
431,0,4,9,0.12196767122863458,0.7092893028882147,0,2,9,0,4,9
432,0,6,8,0.309462434075086,0.8739805480027424,0,6,8,0,6,8
433,0,8,9,0.24245238680511927,0.8886171107820732,0,8,9,0,8,9
434,0,6,8,0.007958006418059452,0.7453860683247968,0,6,8,0,6,8
435,1,9,9,0.6311077289917191,0.8905949252391717,1,9,9,1,9,9
436,0,8,9,0.0463384561291619,0.8872303784447099,1,9,9,0,8,9
437,0,7,8,0.08587901840661173,0.748361241466885,1,8,8,0,7,8
438,0,5,7,0.16140129021907582,0.6500019619005936,0,5,7,0,5,7
439,0,7,10,0.0025729954894128937,0.4001109560089711,0,5,10,0,4,10
440,0,6,9,0.07206356247223164,0.6708730671486285,0,6,9,0,6,9
441,0,9,10,0.2829350248526915,0.8999627099990091,0,9,10,0,9,10
442,0,5,9,0.0018260116376055888,0.555494164011709,0,5,9,0,5,9
443,0,6,8,0.008780279351781212,0.7498894372823192,0,6,8,0,6,8
444,0,4,7,0.0013532604363154202,0.5718184114273793,0,4,7,0,4,7
445,0,4,8,2.4261792963176875e-05,0.4998978897959311,0,4,8,0,4,8
446,0,4,8,8.081340662131908e-05,0.48305375200022016,0,5,8,0,5,8
447,0,5,9,0.05711960725348319,0.7763022024229668,0,6,9,0,5,9
448,0,8,10,0.06565253459869617,0.7785665796212708,0,8,10,0,8,10
449,0,5,8,0.005921551521965029,0.7467597242283408,0,5,8,0,5,8
450,0,4,8,0.00014163067808303174,0.5013496141076448,0,4,8,0,4,8
451,0,5,8,0.0008426614746581193,0.6249328841917632,0,5,8,0,5,8
452,0,8,9,0.21376863774525384,0.8878467412315186,0,8,9,0,8,9
453,0,5,8,0.0005106606820954704,0.5007494537460699,0,5,8,0,5,8
454,0,6,8,0.003625990241244451,0.7406703538879565,0,6,8,0,6,8
455,0,7,9,0.03663361700870646,0.6665985216648326,0,7,9,0,7,9
456,0,7,8,0.031557694519678235,0.8729523996596134,0,7,8,0,6,8
457,0,7,8,0.03161930220785287,0.8748901362351649,1,8,8,1,8,8
458,0,3,7,0.0012789147971488878,0.5713576092066804,0,3,7,0,3,7
459,0,5,9,0.008090247251648194,0.6621388057159643,0,5,9,0,6,9
460,0,4,7,0.00033504133456877514,0.5710372041909978,0,4,7,0,4,7
461,0,8,9,0.17884847572895032,0.8766104748414365,0,8,9,0,8,9
462,0,5,8,0.004446008227275902,0.7267776734119589,0,6,8,0,6,8
463,0,7,8,0.03159945501757875,0.8742638301497474,0,7,8,0,7,8
464,0,4,8,1.6676491601465327e-05,0.49999498426717526,0,4,8,0,4,8
465,0,5,8,0.00016317438135204037,0.5969684346756545,0,5,8,0,5,8
466,1,8,8,0.9977015402606608,0.9977193939882604,1,8,8,1,8,8
467,0,8,9,0.16647849905797746,0.8876726770406351,0,8,9,0,8,9
468,0,4,7,0.0031681310150527887,0.5714084146266912,0,4,7,0,4,7
469,0,5,7,0.032462061360995643,0.6854370604807579,0,5,7,0,5,7
470,0,4,8,0.03063169570693576,0.5343394303715931,0,4,8,0,4,8
471,0,6,8,0.006130104439651816,0.7499604726566383,0,6,8,0,6,8
472,0,7,8,0.04061643210013385,0.6248730374636826,0,7,8,0,7,8
473,0,4,7,6.030612399457856e-05,0.5713594866739856,0,4,7,0,4,7
474,0,7,8,0.05589329578126661,0.6266594884315838,0,6,8,0,6,8
475,0,7,8,0.03161377936119226,0.8747155783847781,0,7,8,0,7,8
476,0,6,9,0.03926718582225142,0.6678613830916293,0,6,9,0,6,9
477,1,8,8,0.5182467523682515,0.8752572611724072,1,8,8,1,8,8
478,0,3,7,5.7732442367033035e-05,0.29424045016636907,0,0,7,0,2,7
479,0,7,9,0.007012347416607329,0.7637637303035981,0,7,9,0,7,9
480,0,6,9,0.0008034218781943467,0.653380951296432,0,6,9,0,6,9
481,0,4,7,1.7898615720315263e-05,0.4285622591130827,0,4,7,0,4,7
482,0,7,9,0.03103303867876403,0.777299061808793,0,7,9,0,7,9
483,0,7,8,0.0022201104443520573,0.6249445972723466,0,7,8,0,7,8
484,0,8,9,0.2405160409644831,0.826461754027529,0,8,9,0,8,9
485,0,5,9,0.01406074769567539,0.6664699626709985,0,5,9,0,5,9
486,0,7,8,0.031618265722327316,0.8748573965804539,0,7,8,0,7,8
487,0,4,9,0.006278251811704642,0.6795624429671959,0,4,9,0,4,9
488,0,6,8,0.0795234378922634,0.7503490543982635,0,7,8,0,6,8
489,1,9,9,0.6939687020997716,0.8704874437080891,1,9,9,1,9,9
490,0,7,9,0.2506523432638597,0.7912591652170621,0,7,9,0,7,9
491,0,7,9,0.008178572577034863,0.7777648255626806,0,7,9,0,7,9
492,0,6,9,0.0008581828398170165,0.6295692900739974,0,6,9,0,6,9
493,0,5,7,0.048679859781900675,0.7084094060534467,0,5,7,0,5,7
494,0,5,7,0.012581739084178013,0.5710274514820929,0,5,7,0,5,7
495,0,4,8,0.02680771277235691,0.7446879582199702,0,4,8,0,4,8
496,0,2,9,3.30569441792905e-05,0.3800635639238333,0,2,9,0,2,9
497,0,5,9,0.0015760368473588726,0.6731684788971268,0,5,9,0,5,9
498,0,6,8,0.0907753621195755,0.6102418332934784,0,6,8,0,6,8
499,0,5,8,0.001990041278309814,0.6249606928653045,0,5,8,0,5,8
500,0,6,9,0.001702436801333103,0.6666416148262461,0,6,9,0,6,9
501,0,7,8,0.03161479980121183,0.8747479520784492,0,7,8,0,7,8
502,0,7,9,0.012610256191491323,0.6983886963425889,0,7,9,0,7,9
503,0,8,9,0.11925495930162994,0.7897522258480228,0,8,9,0,8,9
504,0,3,9,1.9246376279176e-05,0.3322316967794101,0,3,9,0,3,9
505,0,7,9,0.0036865535908208614,0.6001971024435249,0,7,9,0,6,9
506,0,7,9,0.042892373691774906,0.8318537335024365,0,7,9,0,7,9
507,0,3,8,4.763836327718814e-05,0.2542127891632118,0,3,8,0,3,8
508,1,10,10,0.6535781151366523,0.8952974439588047,1,10,10,1,10,10
509,1,9,9,0.41101169227871387,0.8887188130723579,1,9,9,1,9,9
510,0,7,9,0.01188114476778293,0.7762114225723836,0,7,9,0,7,9
511,0,3,9,5.6670381286516e-05,0.3330728946938231,0,3,9,0,3,9
512,0,7,10,0.06550225357623328,0.787870221347951,0,7,10,0,7,10
513,0,9,10,0.20442249535037496,0.8999338400849359,0,9,10,0,9,10
514,0,6,9,0.00036244150429921574,0.6621008148845743,0,6,9,0,6,9
515,0,6,9,0.07243633425005805,0.7777404575173185,0,6,9,0,7,9
516,0,2,9,1.255042683902533e-07,0.22219850844640712,0,2,9,0,2,9
517,0,8,10,0.021482640340488846,0.7028964555593231,0,8,10,0,8,10
518,0,4,9,0.0007084822008414975,0.45174997495665015,0,4,9,0,4,9
519,0,7,10,0.02265152330162904,0.6999938894467772,0,7,10,0,7,10
520,0,6,9,0.00016392068117790715,0.5552512041913665,0,6,9,0,6,9
521,0,7,8,0.03162205155684139,0.8749770725207934,0,7,8,0,7,8
522,0,7,9,0.006458218777041421,0.7777117372235649,0,7,9,0,7,9
523,0,3,8,2.5431446101607366e-05,0.24980983802893586,0,3,8,0,3,8
524,0,5,10,0.0010989336280215038,0.5118874957165744,0,5,10,0,5,10
525,0,6,8,0.0009999420324471363,0.749942038240448,0,6,8,0,6,8
526,1,10,10,0.008660596701985915,0.6182525645962617,1,10,10,1,10,10
527,0,2,8,2.326613261581615e-05,0.2737857234693105,0,3,8,0,3,8
528,0,7,10,0.01747264625535108,0.672969361139667,0,8,10,0,7,10
529,0,6,9,0.011094921619170594,0.7775527030634827,0,6,9,0,6,9
530,0,5,8,0.00037365406467248564,0.6250455496709274,0,5,8,0,5,8
531,0,7,11,0.001434284587392742,0.5360011846857983,0,7,11,0,5,11
532,0,6,9,0.0008150153267940217,0.5559367611434616,0,6,9,0,6,9
533,0,2,9,0.00016919188298745115,0.2318080352194201,0,3,9,0,4,9
534,0,3,8,7.356301995179464e-05,0.4926137933706575,0,3,8,0,3,8
535,0,3,9,0.00013205449757771486,0.33438143130593434,0,3,9,0,3,9
536,0,4,8,0.0056527914453474775,0.5957783858546635,0,4,8,0,4,8
537,0,7,10,0.0037744837319158135,0.5975941219717733,0,7,10,0,7,10
538,0,6,10,0.0010160646043655874,0.6969158759204237,0,6,10,0,7,10
539,0,3,8,8.605624300853993e-05,0.25081033813428355,0,4,8,0,2,8
540,0,7,9,0.049333197516359284,0.7458024886748688,0,7,9,0,7,9
541,0,9,10,0.24048333089075763,0.899898449857656,0,9,10,0,9,10
542,0,6,9,0.002375909473912229,0.6666448487123312,0,6,9,0,6,9
543,0,5,8,0.002764467706593189,0.499909060574523,0,4,8,0,6,8
544,0,8,10,0.11462440918634421,0.7851725943503657,0,8,10,0,8,10
545,0,6,9,0.0008377699953160096,0.6666311778666708,0,6,9,0,6,9
546,0,6,8,0.0007461095050447288,0.37537951310219575,0,6,8,0,6,8
547,0,8,9,0.06303491386305458,0.7778514140254926,0,8,9,0,8,9
548,0,6,9,0.013293957340930258,0.7774487633086529,0,6,9,0,6,9
549,0,8,9,0.2739024851958906,0.8856239098981119,0,8,9,0,8,9
550,0,5,8,0.0009006026208927551,0.6780631040376964,0,2,8,0,2,8
551,0,3,9,0.00013088014578293606,0.31561982701029345,0,3,9,0,3,9
552,0,6,8,0.0012986228757466836,0.6200383197229763,0,6,8,0,5,8
553,0,5,9,0.0003493554143925121,0.4445502789033313,0,5,9,0,5,9
554,0,8,9,0.27100467993896404,0.8888430898121129,0,8,9,0,8,9
555,0,5,8,0.0013464644320327693,0.5486907403311698,0,5,8,0,5,8
556,0,7,9,0.009541379029243343,0.7542094626368391,0,7,9,0,7,9
557,0,6,9,0.00035392011335415064,0.6660109971228216,0,6,9,0,6,9
558,0,5,10,0.00013428489427971682,0.4018726107561884,0,6,10,0,5,10
559,0,4,10,4.885229321228393e-05,0.5280286492894918,0,5,10,0,4,10
560,0,4,9,0.00015119644121618293,0.46089266152859637,0,4,9,0,4,9
561,0,6,10,0.000404302693421586,0.5776794379743198,0,6,10,0,6,10
562,0,9,10,0.06308910396807041,0.8998949232693135,0,9,10,0,9,10
563,0,5,8,0.00019385558604656874,0.6249838083352128,0,5,8,0,5,8
564,0,2,9,1.9035470436603933e-07,0.22215723480642643,0,2,9,0,2,9
565,0,9,11,0.1968652453285297,0.9088552759781333,0,9,11,0,9,11
566,0,1,8,6.2002216060169315e-06,0.4455250597127577,0,5,8,0,1,8
567,0,8,10,0.24041081890110105,0.8249876064651266,0,9,10,0,8,10
568,0,7,9,0.08908541354269964,0.6677114810655018,0,7,9,0,7,9
569,0,3,9,4.411473235949192e-05,0.33311607160204415,0,3,9,0,3,9
570,0,8,9,0.22875776379650242,0.8860366391198972,0,8,9,0,8,9
571,1,9,9,0.25144059730357626,0.782196510357992,1,9,9,1,9,9
572,0,6,9,0.21539768687822813,0.6965132051745145,0,6,9,0,6,9
573,0,5,9,0.00033029095841324683,0.5546037822699871,0,5,9,0,5,9
574,0,8,9,0.2562934815705625,0.8755389685588597,0,8,9,0,8,9
575,0,6,9,0.0003325127131015085,0.48598363340579454,0,6,9,0,6,9
576,0,7,9,0.010334041332394711,0.6737217188250327,0,7,9,0,7,9
577,0,9,10,0.2974438638756107,0.8999716374185761,0,9,10,0,9,10
578,0,6,9,0.007315534138001326,0.5558648397883267,0,6,9,0,6,9
579,0,8,9,0.30953764013225127,0.8887212937982603,0,8,9,0,8,9
580,0,5,9,0.00038811700509225344,0.6366240930940195,0,4,9,0,4,9
581,0,4,10,0.00012800386610436722,0.40028709334599066,0,4,10,0,4,10
582,0,5,8,0.005487666676547077,0.622933221490495,0,5,8,0,5,8
583,0,5,8,0.023804099695700243,0.6250900848355048,0,5,8,0,5,8
584,0,3,8,0.006832807989254004,0.49953716967260875,0,3,8,0,4,8
585,0,4,9,9.159647551626584e-05,0.44450191777372133,0,4,9,0,4,9
586,0,2,8,1.0064326191571995e-07,0.24997515116222355,0,2,8,0,2,8
587,0,5,9,1.969119626470224e-05,0.5107658063778078,0,5,9,0,5,9
588,0,6,9,0.004611733287469518,0.5585274313885917,0,6,9,0,6,9
589,0,8,9,0.47188567995684927,0.888722573211653,0,8,9,0,8,9
590,0,6,9,0.05874673812900273,0.6673699424714203,0,6,9,0,6,9
591,0,4,8,1.913703181897575e-05,0.5022361156853109,0,4,8,0,4,8
592,0,8,9,0.04597628771701605,0.8797464213374393,0,8,9,0,8,9
593,0,4,9,0.002353683469844494,0.6125389225493264,0,4,9,0,4,9
594,0,8,10,0.056982808616157975,0.6997063148034437,0,8,10,0,8,10
595,0,7,10,0.007912244549405666,0.6011261210241312,0,8,10,0,7,10
596,0,7,10,0.021814780648484973,0.6998911645701258,0,7,10,0,7,10
597,0,7,9,0.013667193622500306,0.777370674378213,0,7,9,0,7,9
598,0,3,8,0.0024987566529577503,0.4379093846507914,0,3,8,0,3,8
599,0,4,8,9.590412004345952e-05,0.5006474296281296,0,4,8,0,4,8
600,0,6,10,0.006648630012652116,0.6998115986294261,0,6,10,0,6,10
601,0,6,9,0.0035301485781588492,0.5762507006802895,0,6,9,0,6,9
602,0,5,9,0.0019832362652994462,0.5555292547683358,0,5,9,0,5,9
603,0,7,10,0.005436522928892149,0.6127646852426066,0,7,10,0,7,10
604,0,4,10,0.003096787938157524,0.6866944011087368,0,4,10,0,4,10
605,0,6,10,0.00306195124674002,0.6994006315503274,0,6,10,0,6,10
606,0,6,10,0.0010345094001758864,0.6903525439347895,0,6,10,0,6,10
607,0,9,10,0.18916306645981038,0.8047070627584716,0,7,10,0,9,10
608,0,6,10,0.0001845994502441978,0.45923814642690103,0,5,10,0,6,10
609,0,7,9,0.2257607091010814,0.886747240315225,0,7,9,0,7,9
610,0,5,10,0.0008842123253126968,0.5976461038854127,0,5,10,0,5,10
611,0,5,9,4.785761454932847e-05,0.33384282194745996,0,6,9,0,5,9
612,0,6,9,0.0004692746645707087,0.4452529685813955,0,6,9,0,6,9
613,0,5,9,0.002619029943202819,0.5604049059480741,0,5,9,0,5,9
614,0,7,10,0.03823656412939818,0.7466129940089113,0,7,10,0,7,10
615,0,5,10,7.331050148257364e-05,0.4931521744484927,0,5,10,0,5,10
616,0,9,10,0.4062870418242766,0.8993306697005032,1,10,10,0,8,10
617,0,7,10,0.040182147098667784,0.8009391706646017,0,7,10,0,7,10
618,0,4,10,2.6765282167621434e-05,0.4015051316695386,0,4,10,0,4,10
619,0,8,9,0.03082673139646241,0.6964323833302308,0,7,9,0,8,9
620,0,7,10,0.0008643109991304235,0.6976531997708033,0,7,10,0,7,10
621,0,7,11,0.02256581794074861,0.6266340625494313,0,7,11,0,7,11
622,0,3,9,5.927580914073313e-06,0.33174123037382786,0,3,9,0,3,9
623,0,5,11,0.00047123790739699175,0.4998509565175644,0,8,11,0,4,11
624,0,5,9,9.998272699395857e-05,0.6664940471566155,0,5,9,0,5,9
625,0,9,11,0.06817517079780974,0.8315444360202371,0,9,11,0,9,11
626,0,6,9,0.0002330924343170802,0.5532916087400521,0,6,9,0,6,9
627,0,4,10,4.439596143539897e-05,0.5814603922822035,0,4,10,0,4,10
628,0,8,10,0.0031469359714958412,0.7094246155583221,0,8,10,0,8,10
629,0,2,9,1.2550469044842747e-07,0.12437586539481492,0,3,9,0,3,9
630,0,6,10,0.0009808144947337587,0.5675845282703792,0,6,10,0,6,10
631,0,7,10,0.003646380774145548,0.687125311969278,0,7,10,0,7,10
632,0,9,10,0.7108261031089402,0.9031271538598247,0,9,10,0,9,10
633,0,6,10,0.0002294666700402817,0.5147842320840368,0,6,10,0,6,10
634,0,7,10,0.020676693979776718,0.6033762787162805,0,7,10,0,7,10
635,0,6,10,0.006468939236037675,0.5754213644531183,0,6,10,0,6,10
636,0,8,10,0.090637927918491,0.7991248859256335,0,8,10,0,8,10
637,0,3,10,0.00026085169970823004,0.30139007951446534,0,3,10,0,3,10
638,0,5,9,1.5100327014395388e-05,0.5539999502959515,0,5,9,0,5,9
639,0,2,9,1.6918755521907707e-05,0.23539996951865028,0,2,9,0,2,9
640,0,3,9,6.445596909540058e-06,0.3271045976081779,0,3,9,0,3,9
641,0,2,9,0.0013146366718417059,0.43099737842931723,0,4,9,0,2,9
642,0,6,10,0.0022944797423598367,0.49929094964715964,0,6,10,0,6,10
643,0,6,9,0.004953305404823147,0.3559190536696164,0,5,9,0,5,9
644,0,7,10,0.006634973668144323,0.5139516754499827,0,8,10,0,8,10
645,0,7,10,0.016557992542824022,0.6991195964904019,0,7,10,0,7,10
646,0,9,10,0.08844642678406942,0.7996471565492784,0,9,10,0,9,10
647,0,4,10,4.043826571734808e-05,0.2915803421298682,0,4,10,0,4,10
648,0,4,9,4.913161448851004e-05,0.4473237119263939,0,4,9,0,4,9
649,0,6,10,0.01167846165223874,0.6219051059664317,0,6,10,0,6,10
650,0,8,11,0.02500105466118126,0.6734746081636347,0,7,11,0,8,11
651,0,3,9,9.972653413805463e-05,0.36004987054185605,0,3,9,0,3,9
652,0,4,9,2.4799113655798078e-05,0.43841846832468034,0,3,9,0,3,9
653,0,6,9,0.08474975065321023,0.5654973007700929,0,6,9,0,6,9
654,0,8,10,0.01532077515930764,0.7970771405147479,0,8,10,0,8,10
655,0,6,10,0.00353132512179366,0.621320644292561,0,5,10,0,6,10
656,0,3,10,8.19577687443997e-05,0.3415221820414018,0,3,10,0,3,10
657,0,8,9,0.04501692119176396,0.8615629266253809,0,8,9,0,8,9
658,0,9,10,0.2974022413646319,0.8998318495355979,0,9,10,0,9,10
659,0,3,10,0.00026472385741556283,0.4067711552185348,0,3,10,0,3,10
660,0,10,11,0.05133713256384202,0.7861091021721047,0,10,11,0,10,11
661,1,10,10,0.06392576141690623,0.7999846013723357,1,10,10,1,10,10
662,0,3,9,0.0001401391688948756,0.4271065365427773,0,3,9,0,3,9
663,0,8,11,0.003161204526712306,0.6817589997333251,0,8,11,0,8,11
664,0,7,10,0.0045317573575849495,0.693066531761182,0,7,10,0,7,10
665,0,8,11,0.07474609309297872,0.8154734175686271,0,8,11,0,8,11
666,0,5,9,0.00013027227949585727,0.5554560445382468,0,5,9,0,5,9
667,0,1,9,0.0011676934228025038,0.48802597418314,0,4,9,0,6,9
668,0,8,10,0.017410796859217193,0.7999415297923093,0,8,10,0,8,10
669,0,5,10,9.268198564515424e-05,0.4905389752283013,0,3,10,0,5,10
670,0,4,9,0.0009566372834079048,0.4439109831275625,0,3,9,0,4,9
671,0,7,10,0.014413431453408829,0.6996278318345925,0,7,10,0,7,10
672,0,6,10,0.0002053395886322402,0.4091157544244387,0,6,10,0,6,10
673,0,8,10,0.055316276270784163,0.8266337252143092,0,8,10,0,8,10
674,0,4,9,0.00040802972895231617,0.4516135389867713,0,4,9,0,4,9
675,0,6,10,0.0051168945148085294,0.5998332542405255,0,6,10,0,6,10
676,0,7,10,0.01753175598580235,0.6990704521278926,0,7,10,0,7,10
677,0,7,11,0.09131723004577538,0.65176809195859,0,7,11,0,7,11
678,0,7,10,0.0025894800947185307,0.6977799751591411,0,7,10,0,7,10
679,0,7,11,0.006008789906796576,0.7269275158603592,0,7,11,0,7,11
680,0,7,11,0.0013641825984769007,0.5508869201542016,0,7,11,0,7,11
681,0,5,10,0.08248811841791014,0.6609691557174422,0,5,10,0,5,10
682,1,10,10,0.029593263628517483,0.7046860380918064,0,8,10,0,8,10
683,0,7,11,0.004797667022383025,0.6924287576766639,0,7,11,0,8,11
684,0,5,9,0.000554035905399048,0.5445788314636606,0,5,9,0,5,9
685,0,6,9,0.008400900972147754,0.6650553862736205,0,6,9,0,6,9
686,0,8,11,0.07749021889944242,0.5992662741846474,0,8,11,0,8,11
687,0,3,9,4.824909511762305e-06,0.4408791310216412,0,3,9,0,3,9
688,0,4,10,0.008881220381878987,0.6098735655567665,0,5,10,0,4,10
689,0,4,10,0.0004871293858550216,0.49913842268136,0,4,10,0,4,10
690,0,6,10,0.0013635051127680211,0.49788063924752146,0,6,10,0,6,10
691,0,4,10,0.0003894391694306447,0.4998037318341657,0,4,10,0,4,10
692,0,6,11,0.00013806817072623676,0.545161659312246,0,6,11,0,6,11
693,0,10,11,0.04302883781067603,0.6451136361926973,0,10,11,0,10,11
694,0,7,9,0.00018142236772512142,0.4464995101470797,0,6,9,0,3,9
695,0,8,10,0.017352191219756796,0.6847394293039292,0,8,10,0,8,10
696,0,9,10,0.40843068752790906,0.8180927552844404,0,9,10,0,9,10
697,0,4,10,0.0011951493720769172,0.5962039713391915,0,4,10,0,4,10
698,0,5,9,0.0020656984271439083,0.5456390067185795,0,6,9,0,5,9
699,0,7,10,0.015374327840406992,0.6999574087115136,0,7,10,0,7,10
700,0,6,10,0.0008237300233317041,0.5998541039220852,0,6,10,0,6,10
701,0,3,10,7.58273105523241e-06,0.20141597058017116,0,3,10,0,3,10
702,0,7,11,0.0057417642516468985,0.7269459249010165,0,7,11,0,7,11
703,0,5,10,9.954860016236946e-05,0.5994620933573342,0,5,10,0,5,10
704,0,4,10,0.00039524984997970427,0.21198787682966502,0,4,10,0,4,10
705,0,8,11,0.01982764385860442,0.7270587693869083,0,8,11,0,8,11
706,0,4,10,2.455476493836668e-05,0.3991087838297031,0,5,10,0,4,10
707,0,4,11,0.00011534053266185026,0.3591166574534959,0,4,11,0,4,11
708,0,5,10,0.0007214141992887211,0.5179748161450647,0,5,10,0,5,10
709,0,10,11,0.9820176487130677,0.9834952459814711,0,10,11,1,11,11
710,0,7,11,0.012294890902801156,0.6039319853865386,0,7,11,0,7,11
711,0,5,10,9.379723809832767e-06,0.4998462215446682,0,5,10,0,5,10
712,0,3,11,5.903429811877077e-07,0.27271776016663885,0,3,11,0,3,11
713,0,7,10,9.354529836197212e-05,0.5997524425398721,0,7,10,0,7,10
714,0,2,10,0.0005862258686680726,0.49391519653838795,0,2,10,0,2,10
715,0,7,11,0.003688139083660317,0.6360042973368807,0,7,11,0,7,11
716,0,5,11,0.0033147556679915223,0.7237072756205583,0,6,11,0,5,11
717,0,7,10,0.002307258023104605,0.5637272988744023,0,6,10,0,6,10
718,0,5,10,0.0001779613760998507,0.518141352339615,0,5,10,0,5,10
719,0,5,10,0.0004954198221854101,0.429568739890039,0,5,10,0,5,10
720,0,7,10,0.01968315102253506,0.6847350952849836,0,7,10,0,7,10
721,0,8,11,0.0030354614108359435,0.7258919084721087,0,7,11,0,8,11
722,0,6,10,0.0009580330971664231,0.5999885713899429,0,6,10,0,6,10
723,0,7,11,0.0009619436518076282,0.5427727807056774,0,7,11,0,7,11
724,0,6,10,0.018843757259422344,0.5998180107792496,0,6,10,0,5,10
725,0,5,11,0.00022797881518877542,0.32481337875625316,0,5,11,0,5,11
726,0,6,10,0.0005799532822289759,0.48688974196033075,0,6,10,0,6,10
727,0,5,10,0.00032231967793796846,0.5987870373289575,0,3,10,0,5,10
728,0,0,10,6.805006188854105e-06,0.06491234956150425,0,0,10,0,0,10
729,0,9,11,0.07271742375090863,0.8416058021391183,0,9,11,0,9,11
730,0,4,10,1.881479364400375e-05,0.19996698355964443,0,4,10,0,4,10
731,0,6,11,0.0013106785630616867,0.5457311551650877,0,6,11,0,6,11
732,0,5,11,0.00013196169651452644,0.36424593182723863,0,5,11,0,5,11
733,0,7,11,0.013749163658382135,0.7176752556472284,0,7,11,0,7,11
734,0,5,10,0.00044671254719802565,0.49962743003478305,0,5,10,0,5,10
735,0,5,10,2.747347340301881e-05,0.4999543158863931,0,5,10,0,5,10
736,0,4,10,7.025561550476429e-05,0.2997705293572559,0,4,10,0,4,10
737,0,4,11,0.0015073414880499962,0.6063387221234134,0,4,11,0,4,11
738,0,8,11,0.016076751853937785,0.7226504262484581,0,8,11,0,8,11
739,0,3,10,0.0005023844218577603,0.34397322345233583,0,3,10,0,3,10
740,0,2,10,8.038991548278683e-06,0.2375670996207905,0,2,10,0,2,10
741,0,5,11,0.00011608096025830999,0.46790132265924117,0,6,11,0,5,11
742,0,3,10,8.933797680273904e-07,0.23183124788793358,0,3,10,0,3,10
743,0,2,10,9.331768010416817e-05,0.21461988705692336,0,2,10,0,2,10
744,0,8,11,0.18578965171443967,0.8178137575406498,0,8,11,0,8,11
745,0,9,11,0.09844068956094013,0.8180658990910405,0,9,11,0,9,11
746,0,6,10,0.09637064253055824,0.7217970910325054,0,6,10,0,6,10
747,0,5,11,3.081265113704541e-05,0.4544203552868499,0,5,11,0,5,11
748,0,4,10,2.9884555051859784e-05,0.3006906575127857,0,4,10,0,4,10
749,0,7,10,0.002860542110798259,0.7016646823282102,0,7,10,0,7,10
750,0,6,10,0.0015203206309712385,0.6006089217214227,0,6,10,0,6,10
751,0,6,10,0.004725401206197146,0.7000139442841277,0,6,10,0,6,10
752,0,3,10,2.492831101653855e-06,0.3221719791242368,0,3,10,0,3,10
753,0,6,10,0.0006788467903661193,0.4097149231256994,0,6,10,0,6,10
754,0,5,10,0.0003070809003154794,0.4879959674512741,0,5,10,0,5,10
755,0,5,10,9.362319927750134e-05,0.5000139112765559,0,5,10,0,5,10
756,0,5,10,0.00010879687471598791,0.49957708213795715,0,5,10,0,5,10
757,0,3,11,4.414253519729418e-06,0.27270814572944785,0,3,11,0,3,11
758,0,5,10,0.006032794162007518,0.47864550057757266,0,4,10,0,6,10
759,0,5,11,0.007364680554594962,0.4558695048708033,0,5,11,0,5,11
760,0,7,11,0.0034206047864689462,0.6874381509018761,0,8,11,0,7,11
761,0,8,11,0.007402491211436328,0.6360796829129417,0,8,11,0,8,11
762,0,9,11,0.040524445571809335,0.8175156504184106,0,9,11,0,9,11
763,0,5,10,0.003332662472550653,0.5868755468785277,0,7,10,0,7,10
764,0,3,11,3.077458718329065e-05,0.28192003569329877,0,3,11,0,3,11
765,0,9,11,0.02008578471554501,0.5986571944258974,0,9,11,0,9,11
766,0,4,11,0.00012814964869309556,0.3672433420531441,0,4,11,0,4,11
767,0,5,10,0.00011299683666392701,0.3999807598270252,0,5,10,0,5,10
768,0,8,11,0.14799804847312642,0.7395986013247938,0,8,11,0,8,11
769,0,8,11,0.008275625920901161,0.5994510556651772,0,8,11,0,8,11
770,0,4,11,4.5092312422025216e-05,0.4490160418452934,0,4,11,0,4,11
771,0,8,10,0.0030959695651195172,0.4592276627780027,0,8,10,0,5,10
772,0,7,11,0.006584263027296375,0.6360270599594946,0,7,11,0,7,11
773,0,5,10,0.0013203720164530108,0.5242273598516212,0,5,10,0,5,10
774,0,6,10,0.053047532303693,0.6697248969306704,0,5,10,0,5,10
775,0,2,10,0.016566671219138535,0.4996672943997174,0,2,10,0,2,10
776,0,4,10,0.005177299636174118,0.5998166915986276,0,4,10,0,4,10
777,0,3,10,9.359828891718807e-06,0.3237992997046499,0,3,10,0,3,10
778,0,8,10,0.026038025964204393,0.7902602217046432,0,8,10,0,8,10
779,0,8,10,0.23319722771494059,0.7947639219219689,0,8,10,0,8,10
780,0,4,10,0.0003554027646447363,0.38414670776583876,0,4,10,0,4,10
781,0,8,11,0.029111312946394168,0.7248165040874067,0,8,11,0,8,11
782,0,7,10,0.015824914385495967,0.7922365556806785,0,7,10,0,7,10
783,0,6,10,0.00618474508142592,0.6793801265670003,0,6,10,0,6,10
784,0,4,10,0.000443472028762413,0.39115778948885344,0,4,10,0,4,10
785,0,5,11,0.002342833493596697,0.7176098304253207,0,6,11,0,6,11
786,0,3,10,6.448730872213845e-05,0.3006897694805293,0,3,10,0,3,10
787,0,5,10,0.03655362182316144,0.5718389994975163,0,5,10,0,6,10
788,0,4,10,0.00882087750344121,0.5164460184625732,0,4,10,0,4,10
789,0,7,11,0.011198019071851712,0.7244937690451424,0,7,11,0,7,11
790,0,8,10,0.02154587227645159,0.700045999586519,0,8,10,0,8,10
791,0,2,10,1.2233226318781818e-06,0.20002488644547728,0,2,10,0,2,10
792,0,5,11,7.336303577413387e-05,0.47102651245859684,0,5,11,0,5,11
793,0,4,10,8.25103036828041e-05,0.5875432445488744,0,4,10,0,4,10
794,0,7,11,0.0007948039779285001,0.6358603229475661,0,7,11,0,7,11
795,0,5,10,0.0005323576851262495,0.4999397737465734,0,5,10,0,5,10
796,0,7,11,0.000750485230029931,0.6358536150957934,0,7,11,0,7,11
797,0,4,10,1.8651847770834634e-05,0.4997422640320819,0,4,10,0,4,10
798,0,6,10,0.003480684812972031,0.4617701980920731,0,6,10,0,7,10
799,0,9,10,0.0017155790651088819,0.585190206712015,0,6,10,0,9,10
