image_id,source,alignment_score,artifact_score,class_id
0,Sys_VAR_ref_500_1,4.85,4.2,4
0,Sys_VAR_ref_500_2,4.62,3.85,4
0,Sys_VAR_ref_500_3,4.85,4.72,4
0,User_VAR_500_1,5.0,3.0,4
0,User_VAR_500_2,4.44,3.0,4
0,User_VAR_500_3,5.0,3.0,4
1,Sys_VAR_ref_500_1,4.65,1.82,4
1,Sys_VAR_ref_500_2,4.65,3.82,4
1,Sys_VAR_ref_500_3,4.62,2.85,4
1,User_VAR_500_1,5.0,3.0,4
1,User_VAR_500_2,4.44,3.0,4
1,User_VAR_500_3,5.0,3.0,4
4,Sys_VAR_ref_500_1,4.65,3.85,4
4,Sys_VAR_ref_500_2,4.68,3.85,4
4,Sys_VAR_ref_500_3,4.85,4.62,4
4,User_VAR_500_1,5.0,3.0,4
4,User_VAR_500_2,5.0,3.0,4
4,User_VAR_500_3,5.0,3.0,4
6,Sys_VAR_ref_500_1,3.85,1.42,4
6,Sys_VAR_ref_500_2,4.35,2.85,4
6,Sys_VAR_ref_500_3,4.65,3.85,4
6,User_VAR_500_1,5.0,3.0,4
6,User_VAR_500_2,5.0,3.0,4
6,User_VAR_500_3,4.29,3.0,4
9,Sys_VAR_ref_500_1,3.85,2.15,4
9,Sys_VAR_ref_500_2,4.65,2.85,4
9,Sys_VAR_ref_500_3,4.65,2.85,4
9,User_VAR_500_1,5.0,3.0,4
9,User_VAR_500_2,5.0,2.0,4
9,User_VAR_500_3,4.38,2.0,4
11,Sys_VAR_ref_500_1,4.15,3.65,7
11,Sys_VAR_ref_500_2,4.15,3.85,7
11,Sys_VAR_ref_500_3,4.12,3.85,7
11,User_VAR_500_1,4.17,3.0,7
11,User_VAR_500_2,4.17,4.0,7
11,User_VAR_500_3,4.17,4.0,7
12,Sys_VAR_ref_500_1,3.85,1.5,7
12,Sys_VAR_ref_500_2,3.85,2.15,7
12,Sys_VAR_ref_500_3,4.12,1.5,7
12,User_VAR_500_1,5.0,2.0,7
12,User_VAR_500_2,4.09,3.0,7
12,User_VAR_500_3,4.09,3.0,7
13,Sys_VAR_ref_500_1,4.82,4.15,7
13,Sys_VAR_ref_500_2,4.85,3.65,7
13,Sys_VAR_ref_500_3,4.82,3.65,7
13,User_VAR_500_1,5.0,4.0,7
13,User_VAR_500_2,5.0,4.0,7
13,User_VAR_500_3,5.0,5.0,7
14,Sys_VAR_ref_500_1,4.12,1.5,7
14,Sys_VAR_ref_500_2,4.82,1.5,7
14,Sys_VAR_ref_500_3,4.12,1.5,7
14,User_VAR_500_1,5.0,3.0,7
14,User_VAR_500_2,5.0,2.0,7
14,User_VAR_500_3,5.0,2.0,7
18,Sys_VAR_ref_500_1,3.85,3.92,7
18,Sys_VAR_ref_500_2,3.45,2.8,7
18,Sys_VAR_ref_500_3,3.42,2.85,7
18,User_VAR_500_1,3.33,3.0,7
18,User_VAR_500_2,3.33,3.0,7
18,User_VAR_500_3,3.33,3.0,7
20,Sys_VAR_ref_500_1,3.42,2.15,10
20,Sys_VAR_ref_500_2,4.85,4.15,10
20,Sys_VAR_ref_500_3,4.85,4.75,10
20,User_VAR_500_1,5.0,3.0,10
20,User_VAR_500_2,5.0,5.0,10
20,User_VAR_500_3,3.75,4.0,10
21,Sys_VAR_ref_500_1,3.42,2.85,10
21,Sys_VAR_ref_500_2,3.42,2.85,10
21,Sys_VAR_ref_500_3,3.65,1.85,10
21,User_VAR_500_1,4.44,2.0,10
21,User_VAR_500_2,4.38,3.0,10
21,User_VAR_500_3,4.38,3.0,10
26,Sys_VAR_ref_500_1,4.92,4.85,10
26,Sys_VAR_ref_500_2,4.82,4.65,10
26,Sys_VAR_ref_500_3,4.92,4.95,10
26,User_VAR_500_1,4.0,5.0,10
26,User_VAR_500_2,4.0,5.0,10
26,User_VAR_500_3,4.0,5.0,10
27,Sys_VAR_ref_500_1,4.85,1.5,10
27,Sys_VAR_ref_500_2,4.12,1.5,10
27,Sys_VAR_ref_500_3,3.85,1.5,10
27,User_VAR_500_1,3.33,4.0,10
27,User_VAR_500_2,3.33,4.0,10
27,User_VAR_500_3,5.0,4.0,10
29,Sys_VAR_ref_500_1,3.85,1.5,10
29,Sys_VAR_ref_500_2,3.15,1.5,10
29,Sys_VAR_ref_500_3,3.42,1.5,10
29,User_VAR_500_1,3.89,5.0,10
29,User_VAR_500_2,4.0,2.0,10
29,User_VAR_500_3,4.38,2.0,10
30,Sys_VAR_ref_500_1,1.25,1.5,25
30,Sys_VAR_ref_500_2,4.12,3.65,25
30,Sys_VAR_ref_500_3,3.85,3.6,25
30,User_VAR_500_1,4.0,3.0,25
30,User_VAR_500_2,4.0,4.0,25
30,User_VAR_500_3,4.0,4.0,25
33,Sys_VAR_ref_500_1,4.72,3.85,25
33,Sys_VAR_ref_500_2,4.65,3.85,25
33,Sys_VAR_ref_500_3,4.72,1.5,25
33,User_VAR_500_1,4.29,4.0,25
33,User_VAR_500_2,4.29,4.0,25
33,User_VAR_500_3,4.29,4.0,25
35,Sys_VAR_ref_500_1,4.85,4.92,25
35,Sys_VAR_ref_500_2,4.85,1.5,25
35,Sys_VAR_ref_500_3,4.85,4.92,25
35,User_VAR_500_1,5.0,2.0,25
35,User_VAR_500_2,5.0,2.0,25
35,User_VAR_500_3,5.0,5.0,25
36,Sys_VAR_ref_500_1,4.65,2.0,25
36,Sys_VAR_ref_500_2,4.85,4.75,25
36,Sys_VAR_ref_500_3,3.85,2.0,25
36,User_VAR_500_1,3.57,4.0,25
36,User_VAR_500_2,4.29,3.0,25
36,User_VAR_500_3,3.57,3.0,25
38,Sys_VAR_ref_500_1,4.12,2.0,25
38,Sys_VAR_ref_500_2,4.82,2.0,25
38,Sys_VAR_ref_500_3,4.85,4.92,25
38,User_VAR_500_1,5.0,5.0,25
38,User_VAR_500_2,5.0,4.0,25
38,User_VAR_500_3,5.0,4.0,25
43,Sys_VAR_ref_500_1,4.12,3.65,35
43,Sys_VAR_ref_500_2,3.42,2.85,35
43,Sys_VAR_ref_500_3,4.15,3.65,35
43,User_VAR_500_1,3.75,4.0,35
43,User_VAR_500_2,4.0,4.0,35
43,User_VAR_500_3,3.75,4.0,35
44,Sys_VAR_ref_500_1,3.45,2.15,35
44,Sys_VAR_ref_500_2,2.85,1.9,35
44,Sys_VAR_ref_500_3,3.42,1.85,35
44,User_VAR_500_1,4.0,2.0,35
44,User_VAR_500_2,4.0,2.0,35
44,User_VAR_500_3,4.0,2.0,35
46,Sys_VAR_ref_500_1,2.85,2.1,35
46,Sys_VAR_ref_500_2,3.82,2.65,35
46,Sys_VAR_ref_500_3,2.15,2.85,35
46,User_VAR_500_1,5.0,3.0,35
46,User_VAR_500_2,5.0,3.0,35
46,User_VAR_500_3,5.0,2.0,35
47,Sys_VAR_ref_500_1,4.35,2.85,35
47,Sys_VAR_ref_500_2,4.12,3.85,35
47,Sys_VAR_ref_500_3,4.85,4.72,35
47,User_VAR_500_1,5.0,4.0,35
47,User_VAR_500_2,4.17,4.0,35
47,User_VAR_500_3,4.17,4.0,35
48,Sys_VAR_ref_500_1,4.15,2.85,35
48,Sys_VAR_ref_500_2,4.12,3.65,35
48,Sys_VAR_ref_500_3,2.85,3.6,35
48,User_VAR_500_1,4.0,4.0,35
48,User_VAR_500_2,4.0,3.0,35
48,User_VAR_500_3,4.0,3.0,35
50,Sys_VAR_ref_500_1,4.85,4.92,39
50,Sys_VAR_ref_500_2,4.12,2.85,39
50,Sys_VAR_ref_500_3,4.92,5.0,39
50,User_VAR_500_1,5.0,5.0,39
50,User_VAR_500_2,5.0,3.0,39
50,User_VAR_500_3,5.0,3.0,39
52,Sys_VAR_ref_500_1,4.92,4.85,39
52,Sys_VAR_ref_500_2,4.85,4.75,39
52,Sys_VAR_ref_500_3,4.95,4.85,39
52,User_VAR_500_1,5.0,5.0,39
52,User_VAR_500_2,5.0,5.0,39
52,User_VAR_500_3,5.0,5.0,39
53,Sys_VAR_ref_500_1,4.85,4.92,39
53,Sys_VAR_ref_500_2,4.85,4.62,39
53,Sys_VAR_ref_500_3,4.85,4.92,39
53,User_VAR_500_1,4.29,5.0,39
53,User_VAR_500_2,4.29,5.0,39
53,User_VAR_500_3,5.0,5.0,39
54,Sys_VAR_ref_500_1,4.65,3.85,39
54,Sys_VAR_ref_500_2,4.65,3.85,39
54,Sys_VAR_ref_500_3,4.65,3.85,39
54,User_VAR_500_1,5.0,4.0,39
54,User_VAR_500_2,5.0,4.0,39
54,User_VAR_500_3,5.0,4.0,39
55,Sys_VAR_ref_500_1,3.42,1.5,39
55,Sys_VAR_ref_500_2,3.42,1.5,39
55,Sys_VAR_ref_500_3,3.85,2.8,39
55,User_VAR_500_1,4.29,4.0,39
55,User_VAR_500_2,4.29,5.0,39
55,User_VAR_500_3,5.0,4.0,39
61,Sys_VAR_ref_500_1,3.42,2.85,49
61,Sys_VAR_ref_500_2,3.42,2.85,49
61,Sys_VAR_ref_500_3,3.85,3.62,49
61,User_VAR_500_1,5.0,2.0,49
61,User_VAR_500_2,5.0,2.0,49
61,User_VAR_500_3,5.0,4.0,49
62,Sys_VAR_ref_500_1,2.85,2.1,49
62,Sys_VAR_ref_500_2,2.85,3.12,49
62,Sys_VAR_ref_500_3,3.85,3.6,49
62,User_VAR_500_1,5.0,4.0,49
62,User_VAR_500_2,5.0,2.0,49
62,User_VAR_500_3,5.0,4.0,49
64,Sys_VAR_ref_500_1,2.85,1.92,49
64,Sys_VAR_ref_500_2,3.85,3.2,49
64,Sys_VAR_ref_500_3,2.85,4.72,49
64,User_VAR_500_1,4.29,2.0,49
64,User_VAR_500_2,4.29,3.0,49
64,User_VAR_500_3,5.0,3.0,49
65,Sys_VAR_ref_500_1,2.85,2.0,49
65,Sys_VAR_ref_500_2,2.15,2.85,49
65,Sys_VAR_ref_500_3,2.45,2.1,49
65,User_VAR_500_1,3.12,3.0,49
65,User_VAR_500_2,5.0,2.0,49
65,User_VAR_500_3,5.0,2.0,49
67,Sys_VAR_ref_500_1,3.85,3.6,49
67,Sys_VAR_ref_500_2,3.65,2.85,49
67,Sys_VAR_ref_500_3,4.12,3.65,49
67,User_VAR_500_1,5.0,3.0,49
67,User_VAR_500_2,5.0,3.0,49
67,User_VAR_500_3,5.0,5.0,49
70,Sys_VAR_ref_500_1,5.0,5.0,51
70,Sys_VAR_ref_500_2,4.12,2.85,51
70,Sys_VAR_ref_500_3,4.85,4.6,51
70,User_VAR_500_1,5.0,4.0,51
70,User_VAR_500_2,5.0,4.0,51
70,User_VAR_500_3,5.0,2.0,51
71,Sys_VAR_ref_500_1,2.85,1.92,51
71,Sys_VAR_ref_500_2,4.15,2.85,51
71,Sys_VAR_ref_500_3,3.85,2.65,51
71,User_VAR_500_1,2.86,2.0,51
71,User_VAR_500_2,4.0,3.0,51
71,User_VAR_500_3,4.0,2.0,51
72,Sys_VAR_ref_500_1,3.65,2.85,51
72,Sys_VAR_ref_500_2,4.65,3.82,51
72,Sys_VAR_ref_500_3,4.72,3.85,51
72,User_VAR_500_1,3.75,2.0,51
72,User_VAR_500_2,3.75,2.0,51
72,User_VAR_500_3,5.0,3.0,51
76,Sys_VAR_ref_500_1,4.92,4.95,51
76,Sys_VAR_ref_500_2,5.0,5.0,51
76,Sys_VAR_ref_500_3,4.92,4.95,51
76,User_VAR_500_1,5.0,5.0,51
76,User_VAR_500_2,5.0,5.0,51
76,User_VAR_500_3,5.0,5.0,51
79,Sys_VAR_ref_500_1,4.92,4.85,51
79,Sys_VAR_ref_500_2,4.92,4.85,51
79,Sys_VAR_ref_500_3,4.92,4.85,51
79,User_VAR_500_1,5.0,5.0,51
79,User_VAR_500_2,5.0,5.0,51
79,User_VAR_500_3,5.0,5.0,51
80,Sys_VAR_ref_500_1,4.85,4.92,52
80,Sys_VAR_ref_500_2,4.92,4.95,52
80,Sys_VAR_ref_500_3,4.85,4.92,52
80,User_VAR_500_1,5.0,5.0,52
80,User_VAR_500_2,5.0,5.0,52
80,User_VAR_500_3,5.0,5.0,52
83,Sys_VAR_ref_500_1,4.12,2.85,52
83,Sys_VAR_ref_500_2,4.12,2.85,52
83,Sys_VAR_ref_500_3,4.65,3.82,52
83,User_VAR_500_1,5.0,3.0,52
83,User_VAR_500_2,5.0,3.0,52
83,User_VAR_500_3,5.0,3.0,52
84,Sys_VAR_ref_500_1,4.65,3.82,52
84,Sys_VAR_ref_500_2,4.65,3.85,52
84,Sys_VAR_ref_500_3,4.92,4.65,52
84,User_VAR_500_1,5.0,5.0,52
84,User_VAR_500_2,5.0,5.0,52
84,User_VAR_500_3,5.0,5.0,52
85,Sys_VAR_ref_500_1,3.45,3.82,52
85,Sys_VAR_ref_500_2,2.85,3.62,52
85,Sys_VAR_ref_500_3,2.85,3.42,52
85,User_VAR_500_1,4.17,4.0,52
85,User_VAR_500_2,4.29,4.0,52
85,User_VAR_500_3,4.17,4.0,52
89,Sys_VAR_ref_500_1,4.92,4.85,52
89,Sys_VAR_ref_500_2,4.85,4.92,52
89,Sys_VAR_ref_500_3,4.92,4.95,52
89,User_VAR_500_1,5.0,5.0,52
89,User_VAR_500_2,5.0,5.0,52
89,User_VAR_500_3,5.0,5.0,52
90,Sys_VAR_ref_500_1,4.92,4.98,64
90,Sys_VAR_ref_500_2,4.65,4.2,64
90,Sys_VAR_ref_500_3,4.92,4.85,64
90,User_VAR_500_1,5.0,3.0,64
90,User_VAR_500_2,5.0,5.0,64
90,User_VAR_500_3,5.0,5.0,64
91,Sys_VAR_ref_500_1,2.85,1.65,64
91,Sys_VAR_ref_500_2,2.85,2.6,64
91,Sys_VAR_ref_500_3,2.85,3.6,64
91,User_VAR_500_1,3.57,3.0,64
91,User_VAR_500_2,2.86,4.0,64
91,User_VAR_500_3,2.14,4.0,64
94,Sys_VAR_ref_500_1,1.25,3.85,64
94,Sys_VAR_ref_500_2,1.85,3.62,64
94,Sys_VAR_ref_500_3,1.85,2.4,64
94,User_VAR_500_1,2.86,3.0,64
94,User_VAR_500_2,2.86,2.0,64
94,User_VAR_500_3,2.86,2.0,64
96,Sys_VAR_ref_500_1,2.85,3.42,64
96,Sys_VAR_ref_500_2,2.15,3.42,64
96,Sys_VAR_ref_500_3,1.85,2.4,64
96,User_VAR_500_1,4.29,3.0,64
96,User_VAR_500_2,4.29,4.0,64
96,User_VAR_500_3,4.29,3.0,64
98,Sys_VAR_ref_500_1,4.35,2.85,64
98,Sys_VAR_ref_500_2,4.65,3.12,64
98,Sys_VAR_ref_500_3,4.35,2.85,64
98,User_VAR_500_1,5.0,4.0,64
98,User_VAR_500_2,5.0,4.0,64
98,User_VAR_500_3,5.0,4.0,64
100,Sys_VAR_ref_500_1,4.85,3.62,80
100,Sys_VAR_ref_500_2,4.65,1.5,80
100,Sys_VAR_ref_500_3,4.62,2.85,80
100,User_VAR_500_1,5.0,4.0,80
100,User_VAR_500_2,5.0,3.0,80
100,User_VAR_500_3,5.0,4.0,80
103,Sys_VAR_ref_500_1,3.42,1.5,80
103,Sys_VAR_ref_500_2,4.65,1.5,80
103,Sys_VAR_ref_500_3,3.42,1.5,80
103,User_VAR_500_1,5.0,2.0,80
103,User_VAR_500_2,3.57,2.0,80
103,User_VAR_500_3,5.0,2.0,80
104,Sys_VAR_ref_500_1,3.42,1.85,80
104,Sys_VAR_ref_500_2,4.12,1.85,80
104,Sys_VAR_ref_500_3,3.85,1.25,80
104,User_VAR_500_1,4.29,2.0,80
104,User_VAR_500_2,5.0,1.0,80
104,User_VAR_500_3,5.0,1.0,80
105,Sys_VAR_ref_500_1,4.15,2.0,80
105,Sys_VAR_ref_500_2,3.85,1.92,80
105,Sys_VAR_ref_500_3,3.85,2.0,80
105,User_VAR_500_1,4.29,3.0,80
105,User_VAR_500_2,4.29,3.0,80
105,User_VAR_500_3,4.29,3.0,80
108,Sys_VAR_ref_500_1,3.85,1.5,80
108,Sys_VAR_ref_500_2,4.62,1.5,80
108,Sys_VAR_ref_500_3,4.15,1.5,80
108,User_VAR_500_1,4.17,3.0,80
108,User_VAR_500_2,4.17,4.0,80
108,User_VAR_500_3,4.17,4.0,80
110,Sys_VAR_ref_500_1,4.85,4.92,97
110,Sys_VAR_ref_500_2,4.82,4.65,97
110,Sys_VAR_ref_500_3,4.82,3.65,97
110,User_VAR_500_1,5.0,4.0,97
110,User_VAR_500_2,5.0,4.0,97
110,User_VAR_500_3,5.0,5.0,97
111,Sys_VAR_ref_500_1,4.72,3.85,97
111,Sys_VAR_ref_500_2,4.92,4.98,97
111,Sys_VAR_ref_500_3,4.92,4.95,97
111,User_VAR_500_1,5.0,4.0,97
111,User_VAR_500_2,5.0,4.0,97
111,User_VAR_500_3,5.0,4.0,97
113,Sys_VAR_ref_500_1,2.85,3.62,97
113,Sys_VAR_ref_500_2,2.85,4.12,97
113,Sys_VAR_ref_500_3,1.85,3.0,97
113,User_VAR_500_1,2.5,4.0,97
113,User_VAR_500_2,2.5,4.0,97
113,User_VAR_500_3,2.5,3.0,97
114,Sys_VAR_ref_500_1,4.65,1.5,97
114,Sys_VAR_ref_500_2,4.85,1.5,97
114,Sys_VAR_ref_500_3,2.85,4.15,97
114,User_VAR_500_1,1.67,4.0,97
114,User_VAR_500_2,2.5,4.0,97
114,User_VAR_500_3,1.67,4.0,97
119,Sys_VAR_ref_500_1,4.65,1.5,97
119,Sys_VAR_ref_500_2,4.15,1.5,97
119,Sys_VAR_ref_500_3,3.45,1.5,97
119,User_VAR_500_1,3.33,3.0,97
119,User_VAR_500_2,3.33,3.0,97
119,User_VAR_500_3,3.33,3.0,97
121,Sys_VAR_ref_500_1,4.65,2.85,106
121,Sys_VAR_ref_500_2,4.12,2.85,106
121,Sys_VAR_ref_500_3,4.65,3.85,106
121,User_VAR_500_1,5.0,5.0,106
121,User_VAR_500_2,5.0,4.0,106
121,User_VAR_500_3,5.0,4.0,106
123,Sys_VAR_ref_500_1,4.12,2.85,106
123,Sys_VAR_ref_500_2,4.85,3.0,106
123,Sys_VAR_ref_500_3,4.62,3.0,106
123,User_VAR_500_1,5.0,3.0,106
123,User_VAR_500_2,5.0,3.0,106
123,User_VAR_500_3,5.0,3.0,106
124,Sys_VAR_ref_500_1,4.85,3.75,106
124,Sys_VAR_ref_500_2,4.92,4.85,106
124,Sys_VAR_ref_500_3,4.85,3.65,106
124,User_VAR_500_1,5.0,5.0,106
124,User_VAR_500_2,5.0,5.0,106
124,User_VAR_500_3,5.0,5.0,106
125,Sys_VAR_ref_500_1,4.92,4.85,106
125,Sys_VAR_ref_500_2,4.92,4.85,106
125,Sys_VAR_ref_500_3,4.92,4.85,106
125,User_VAR_500_1,5.0,5.0,106
125,User_VAR_500_2,5.0,4.0,106
125,User_VAR_500_3,5.0,4.0,106
126,Sys_VAR_ref_500_1,3.65,1.5,106
126,Sys_VAR_ref_500_2,4.65,1.5,106
126,Sys_VAR_ref_500_3,4.85,4.92,106
126,User_VAR_500_1,5.0,2.0,106
126,User_VAR_500_2,5.0,3.0,106
126,User_VAR_500_3,5.0,3.0,106
131,Sys_VAR_ref_500_1,4.62,2.85,116
131,Sys_VAR_ref_500_2,4.82,3.15,116
131,Sys_VAR_ref_500_3,4.62,2.85,116
131,User_VAR_500_1,5.0,4.0,116
131,User_VAR_500_2,5.0,4.0,116
131,User_VAR_500_3,5.0,4.0,116
132,Sys_VAR_ref_500_1,4.65,3.85,116
132,Sys_VAR_ref_500_2,4.85,4.6,116
132,Sys_VAR_ref_500_3,4.65,2.85,116
132,User_VAR_500_1,5.0,4.0,116
132,User_VAR_500_2,5.0,4.0,116
132,User_VAR_500_3,5.0,5.0,116
135,Sys_VAR_ref_500_1,4.15,3.6,116
135,Sys_VAR_ref_500_2,4.85,3.65,116
135,Sys_VAR_ref_500_3,4.85,4.15,116
135,User_VAR_500_1,5.0,4.0,116
135,User_VAR_500_2,5.0,4.0,116
135,User_VAR_500_3,4.29,4.0,116
138,Sys_VAR_ref_500_1,4.92,4.85,116
138,Sys_VAR_ref_500_2,4.98,4.95,116
138,Sys_VAR_ref_500_3,4.92,4.85,116
138,User_VAR_500_1,5.0,4.0,116
138,User_VAR_500_2,5.0,4.0,116
138,User_VAR_500_3,5.0,4.0,116
139,Sys_VAR_ref_500_1,4.98,4.85,116
139,Sys_VAR_ref_500_2,4.98,4.95,116
139,Sys_VAR_ref_500_3,4.92,4.85,116
139,User_VAR_500_1,5.0,5.0,116
139,User_VAR_500_2,5.0,5.0,116
139,User_VAR_500_3,5.0,5.0,116
141,Sys_VAR_ref_500_1,1.85,1.42,118
141,Sys_VAR_ref_500_2,1.85,1.2,118
141,Sys_VAR_ref_500_3,2.85,1.42,118
141,User_VAR_500_1,4.17,2.0,118
141,User_VAR_500_2,3.33,2.0,118
141,User_VAR_500_3,4.0,2.0,118
142,Sys_VAR_ref_500_1,3.42,2.15,118
142,Sys_VAR_ref_500_2,3.85,2.65,118
142,Sys_VAR_ref_500_3,2.85,1.42,118
142,User_VAR_500_1,2.5,2.0,118
142,User_VAR_500_2,2.5,2.0,118
142,User_VAR_500_3,3.0,3.0,118
144,Sys_VAR_ref_500_1,4.35,3.15,118
144,Sys_VAR_ref_500_2,4.12,2.85,118
144,Sys_VAR_ref_500_3,4.12,3.65,118
144,User_VAR_500_1,3.75,4.0,118
144,User_VAR_500_2,3.75,4.0,118
144,User_VAR_500_3,4.38,4.0,118
145,Sys_VAR_ref_500_1,3.85,2.65,118
145,Sys_VAR_ref_500_2,4.15,2.85,118
145,Sys_VAR_ref_500_3,3.85,2.65,118
145,User_VAR_500_1,3.33,2.0,118
145,User_VAR_500_2,3.12,2.0,118
145,User_VAR_500_3,3.12,3.0,118
149,Sys_VAR_ref_500_1,1.85,1.45,118
149,Sys_VAR_ref_500_2,4.12,3.85,118
149,Sys_VAR_ref_500_3,4.35,3.82,118
149,User_VAR_500_1,4.29,4.0,118
149,User_VAR_500_2,1.67,2.0,118
149,User_VAR_500_3,4.38,2.0,118
152,Sys_VAR_ref_500_1,3.85,2.0,129
152,Sys_VAR_ref_500_2,4.12,2.0,129
152,Sys_VAR_ref_500_3,4.12,2.0,129
152,User_VAR_500_1,3.57,4.0,129
152,User_VAR_500_2,3.57,2.0,129
152,User_VAR_500_3,3.57,4.0,129
153,Sys_VAR_ref_500_1,3.85,1.5,129
153,Sys_VAR_ref_500_2,3.65,1.5,129
153,Sys_VAR_ref_500_3,4.65,1.5,129
153,User_VAR_500_1,3.33,2.0,129
153,User_VAR_500_2,3.33,2.0,129
153,User_VAR_500_3,3.33,3.0,129
157,Sys_VAR_ref_500_1,4.12,1.5,129
157,Sys_VAR_ref_500_2,4.85,1.5,129
157,Sys_VAR_ref_500_3,3.65,1.5,129
157,User_VAR_500_1,0.0,2.0,129
157,User_VAR_500_2,3.57,2.0,129
157,User_VAR_500_3,3.57,3.0,129
158,Sys_VAR_ref_500_1,3.42,1.5,129
158,Sys_VAR_ref_500_2,3.85,1.5,129
158,Sys_VAR_ref_500_3,4.12,1.5,129
158,User_VAR_500_1,4.29,2.0,129
158,User_VAR_500_2,3.57,3.0,129
158,User_VAR_500_3,4.29,3.0,129
159,Sys_VAR_ref_500_1,3.42,1.5,129
159,Sys_VAR_ref_500_2,3.42,1.5,129
159,Sys_VAR_ref_500_3,3.85,1.5,129
159,User_VAR_500_1,3.33,2.0,129
159,User_VAR_500_2,2.78,2.0,129
159,User_VAR_500_3,3.33,2.0,129
160,Sys_VAR_ref_500_1,4.15,2.85,144
160,Sys_VAR_ref_500_2,4.68,3.42,144
160,Sys_VAR_ref_500_3,4.12,3.65,144
160,User_VAR_500_1,4.29,3.0,144
160,User_VAR_500_2,4.29,3.0,144
160,User_VAR_500_3,4.29,4.0,144
163,Sys_VAR_ref_500_1,4.12,1.5,144
163,Sys_VAR_ref_500_2,4.62,2.85,144
163,Sys_VAR_ref_500_3,4.82,3.65,144
163,User_VAR_500_1,5.0,3.0,144
163,User_VAR_500_2,5.0,3.0,144
163,User_VAR_500_3,5.0,3.0,144
165,Sys_VAR_ref_500_1,2.85,1.5,144
165,Sys_VAR_ref_500_2,2.85,1.5,144
165,Sys_VAR_ref_500_3,2.85,1.5,144
165,User_VAR_500_1,3.89,2.0,144
165,User_VAR_500_2,3.89,3.0,144
165,User_VAR_500_3,3.89,2.0,144
166,Sys_VAR_ref_500_1,3.82,3.65,144
166,Sys_VAR_ref_500_2,2.85,3.62,144
166,Sys_VAR_ref_500_3,2.85,3.42,144
166,User_VAR_500_1,4.38,4.0,144
166,User_VAR_500_2,4.29,4.0,144
166,User_VAR_500_3,4.38,3.0,144
168,Sys_VAR_ref_500_1,4.35,1.5,144
168,Sys_VAR_ref_500_2,4.15,1.5,144
168,Sys_VAR_ref_500_3,4.15,1.5,144
168,User_VAR_500_1,5.0,2.0,144
168,User_VAR_500_2,5.0,3.0,144
168,User_VAR_500_3,4.44,3.0,144
170,Sys_VAR_ref_500_1,4.12,2.85,147
170,Sys_VAR_ref_500_2,4.85,3.65,147
170,Sys_VAR_ref_500_3,4.85,3.65,147
170,User_VAR_500_1,5.0,4.0,147
170,User_VAR_500_2,5.0,4.0,147
170,User_VAR_500_3,5.0,4.0,147
172,Sys_VAR_ref_500_1,4.82,3.65,147
172,Sys_VAR_ref_500_2,4.82,3.65,147
172,Sys_VAR_ref_500_3,4.85,3.65,147
172,User_VAR_500_1,5.0,4.0,147
172,User_VAR_500_2,5.0,4.0,147
172,User_VAR_500_3,5.0,4.0,147
173,Sys_VAR_ref_500_1,4.85,3.65,147
173,Sys_VAR_ref_500_2,4.62,3.85,147
173,Sys_VAR_ref_500_3,4.85,3.65,147
173,User_VAR_500_1,5.0,4.0,147
173,User_VAR_500_2,5.0,4.0,147
173,User_VAR_500_3,5.0,4.0,147
175,Sys_VAR_ref_500_1,4.85,4.62,147
175,Sys_VAR_ref_500_2,4.85,3.65,147
175,Sys_VAR_ref_500_3,4.65,3.15,147
175,User_VAR_500_1,5.0,4.0,147
175,User_VAR_500_2,5.0,4.0,147
175,User_VAR_500_3,5.0,4.0,147
179,Sys_VAR_ref_500_1,2.85,1.92,147
179,Sys_VAR_ref_500_2,4.12,2.35,147
179,Sys_VAR_ref_500_3,4.85,2.3,147
179,User_VAR_500_1,5.0,3.0,147
179,User_VAR_500_2,2.5,2.0,147
179,User_VAR_500_3,2.5,2.0,147
181,Sys_VAR_ref_500_1,4.12,2.0,150
181,Sys_VAR_ref_500_2,4.12,2.0,150
181,Sys_VAR_ref_500_3,4.62,2.0,150
181,User_VAR_500_1,3.89,3.0,150
181,User_VAR_500_2,3.89,3.0,150
181,User_VAR_500_3,3.57,3.0,150
183,Sys_VAR_ref_500_1,4.12,1.5,150
183,Sys_VAR_ref_500_2,4.65,1.5,150
183,Sys_VAR_ref_500_3,4.12,1.5,150
183,User_VAR_500_1,5.0,2.0,150
183,User_VAR_500_2,5.0,3.0,150
183,User_VAR_500_3,5.0,4.0,150
185,Sys_VAR_ref_500_1,4.12,1.5,150
185,Sys_VAR_ref_500_2,4.12,1.5,150
185,Sys_VAR_ref_500_3,4.12,1.5,150
185,User_VAR_500_1,3.75,2.0,150
185,User_VAR_500_2,3.89,2.0,150
185,User_VAR_500_3,3.89,2.0,150
187,Sys_VAR_ref_500_1,3.42,2.0,150
187,Sys_VAR_ref_500_2,2.85,1.92,150
187,Sys_VAR_ref_500_3,4.35,2.0,150
187,User_VAR_500_1,4.38,2.0,150
187,User_VAR_500_2,3.12,3.0,150
187,User_VAR_500_3,1.67,2.0,150
189,Sys_VAR_ref_500_1,4.15,1.5,150
189,Sys_VAR_ref_500_2,4.68,1.5,150
189,Sys_VAR_ref_500_3,4.12,1.5,150
189,User_VAR_500_1,5.0,2.0,150
189,User_VAR_500_2,5.0,2.0,150
189,User_VAR_500_3,5.0,3.0,150
191,Sys_VAR_ref_500_1,4.65,2.0,156
191,Sys_VAR_ref_500_2,4.62,2.0,156
191,Sys_VAR_ref_500_3,4.62,2.0,156
191,User_VAR_500_1,5.0,3.0,156
191,User_VAR_500_2,5.0,2.0,156
191,User_VAR_500_3,5.0,3.0,156
192,Sys_VAR_ref_500_1,4.85,3.8,156
192,Sys_VAR_ref_500_2,4.85,3.65,156
192,Sys_VAR_ref_500_3,4.85,3.8,156
192,User_VAR_500_1,5.0,4.0,156
192,User_VAR_500_2,5.0,4.0,156
192,User_VAR_500_3,5.0,4.0,156
196,Sys_VAR_ref_500_1,4.12,1.5,156
196,Sys_VAR_ref_500_3,4.12,1.5,156
196,User_VAR_500_1,5.0,3.0,156
196,User_VAR_500_2,5.0,4.0,156
196,User_VAR_500_3,5.0,4.0,156
197,Sys_VAR_ref_500_1,4.62,2.0,156
197,Sys_VAR_ref_500_2,4.68,2.0,156
197,Sys_VAR_ref_500_3,4.62,2.0,156
197,User_VAR_500_1,5.0,4.0,156
197,User_VAR_500_2,5.0,3.0,156
197,User_VAR_500_3,5.0,3.0,156
199,Sys_VAR_ref_500_1,4.12,2.0,156
199,Sys_VAR_ref_500_2,4.15,2.0,156
199,Sys_VAR_ref_500_3,4.12,2.0,156
199,User_VAR_500_1,5.0,3.0,156
199,User_VAR_500_2,4.29,2.0,156
199,User_VAR_500_3,5.0,2.0,156
202,Sys_VAR_ref_500_1,3.42,1.5,159
202,Sys_VAR_ref_500_2,4.35,1.5,159
202,Sys_VAR_ref_500_3,3.45,1.5,159
202,User_VAR_500_1,5.0,2.0,159
202,User_VAR_500_2,4.29,2.0,159
202,User_VAR_500_3,4.29,2.0,159
203,Sys_VAR_ref_500_1,2.85,1.5,159
203,Sys_VAR_ref_500_2,2.85,1.5,159
203,Sys_VAR_ref_500_3,3.45,1.5,159
203,User_VAR_500_1,5.0,2.0,159
203,User_VAR_500_2,5.0,3.0,159
203,User_VAR_500_3,5.0,2.0,159
204,Sys_VAR_ref_500_1,4.82,3.65,159
204,Sys_VAR_ref_500_2,4.12,3.85,159
204,Sys_VAR_ref_500_3,4.15,3.85,159
204,User_VAR_500_1,5.0,4.0,159
204,User_VAR_500_2,5.0,4.0,159
204,User_VAR_500_3,5.0,4.0,159
205,Sys_VAR_ref_500_1,3.42,1.85,159
205,Sys_VAR_ref_500_2,4.35,2.0,159
205,Sys_VAR_ref_500_3,4.35,2.0,159
205,User_VAR_500_1,5.0,2.0,159
205,User_VAR_500_2,4.0,2.0,159
205,User_VAR_500_3,5.0,2.0,159
207,Sys_VAR_ref_500_1,3.82,1.5,159
207,Sys_VAR_ref_500_2,3.85,1.5,159
207,Sys_VAR_ref_500_3,2.85,1.2,159
207,User_VAR_500_1,4.17,1.0,159
207,User_VAR_500_2,4.17,1.0,159
207,User_VAR_500_3,4.17,2.0,159
211,Sys_VAR_ref_500_1,4.82,1.5,281
211,Sys_VAR_ref_500_2,4.15,1.5,281
211,Sys_VAR_ref_500_3,4.82,1.5,281
211,User_VAR_500_1,5.0,2.0,281
211,User_VAR_500_2,5.0,5.0,281
211,User_VAR_500_3,4.38,5.0,281
215,Sys_VAR_ref_500_1,4.85,1.5,281
215,Sys_VAR_ref_500_2,4.65,1.5,281
215,Sys_VAR_ref_500_3,4.85,1.5,281
215,User_VAR_500_1,5.0,2.0,281
215,User_VAR_500_2,5.0,4.0,281
215,User_VAR_500_3,5.0,4.0,281
216,Sys_VAR_ref_500_1,4.85,1.5,281
216,Sys_VAR_ref_500_2,4.85,1.5,281
216,Sys_VAR_ref_500_3,4.72,1.5,281
216,User_VAR_500_1,5.0,2.0,281
216,User_VAR_500_2,5.0,4.0,281
216,User_VAR_500_3,5.0,3.0,281
218,Sys_VAR_ref_500_1,1.85,0.92,281
218,Sys_VAR_ref_500_2,3.85,1.5,281
218,Sys_VAR_ref_500_3,3.85,1.5,281
218,User_VAR_500_1,5.0,2.0,281
218,User_VAR_500_2,5.0,3.0,281
218,User_VAR_500_3,5.0,2.0,281
219,Sys_VAR_ref_500_1,4.12,1.5,281
219,Sys_VAR_ref_500_2,3.85,1.25,281
219,Sys_VAR_ref_500_3,3.82,1.45,281
219,User_VAR_500_1,3.75,2.0,281
219,User_VAR_500_2,5.0,2.0,281
219,User_VAR_500_3,3.75,2.0,281
220,Sys_VAR_ref_500_1,4.85,3.62,300
220,Sys_VAR_ref_500_2,4.15,3.2,300
220,Sys_VAR_ref_500_3,4.92,3.85,300
220,User_VAR_500_1,4.38,4.0,300
220,User_VAR_500_2,5.0,4.0,300
220,User_VAR_500_3,5.0,5.0,300
221,Sys_VAR_ref_500_1,4.98,4.95,300
221,Sys_VAR_ref_500_2,4.98,4.95,300
221,Sys_VAR_ref_500_3,4.98,4.95,300
221,User_VAR_500_1,5.0,5.0,300
221,User_VAR_500_2,5.0,5.0,300
221,User_VAR_500_3,5.0,5.0,300
226,Sys_VAR_ref_500_1,2.85,1.2,300
226,Sys_VAR_ref_500_2,2.85,2.6,300
226,Sys_VAR_ref_500_3,2.15,1.85,300
226,User_VAR_500_1,0.0,1.0,300
226,User_VAR_500_2,0.0,1.0,300
226,User_VAR_500_3,0.0,2.0,300
227,Sys_VAR_ref_500_1,4.12,3.85,300
227,Sys_VAR_ref_500_2,5.0,5.0,300
227,Sys_VAR_ref_500_3,4.65,4.2,300
227,User_VAR_500_1,4.38,4.0,300
227,User_VAR_500_2,4.38,5.0,300
227,User_VAR_500_3,5.0,4.0,300
228,Sys_VAR_ref_500_1,4.92,4.85,300
228,Sys_VAR_ref_500_2,4.65,4.12,300
228,Sys_VAR_ref_500_3,4.92,4.85,300
228,User_VAR_500_1,4.38,5.0,300
228,User_VAR_500_2,4.38,5.0,300
228,User_VAR_500_3,5.0,4.0,300
231,Sys_VAR_ref_500_1,4.63,2.85,322
231,Sys_VAR_ref_500_2,4.62,2.85,322
231,Sys_VAR_ref_500_3,4.65,3.85,322
231,User_VAR_500_1,5.0,4.0,322
231,User_VAR_500_2,5.0,4.0,322
231,User_VAR_500_3,5.0,4.0,322
232,Sys_VAR_ref_500_1,4.65,3.85,322
232,Sys_VAR_ref_500_2,4.15,1.5,322
232,Sys_VAR_ref_500_3,4.65,3.85,322
232,User_VAR_500_1,4.29,4.0,322
232,User_VAR_500_2,4.29,4.0,322
232,User_VAR_500_3,4.29,4.0,322
235,Sys_VAR_ref_500_1,4.92,4.85,322
235,Sys_VAR_ref_500_2,4.65,3.85,322
235,Sys_VAR_ref_500_3,4.85,3.75,322
235,User_VAR_500_1,4.29,5.0,322
235,User_VAR_500_2,4.29,5.0,322
235,User_VAR_500_3,5.0,5.0,322
236,Sys_VAR_ref_500_1,4.65,3.8,322
236,Sys_VAR_ref_500_2,4.85,3.65,322
236,Sys_VAR_ref_500_3,4.65,2.85,322
236,User_VAR_500_1,5.0,3.0,322
236,User_VAR_500_2,5.0,3.0,322
236,User_VAR_500_3,5.0,3.0,322
238,Sys_VAR_ref_500_1,4.92,4.85,322
238,Sys_VAR_ref_500_2,4.96,4.92,322
238,Sys_VAR_ref_500_3,4.92,4.85,322
238,User_VAR_500_1,5.0,5.0,322
238,User_VAR_500_2,5.0,5.0,322
238,User_VAR_500_3,5.0,5.0,322
241,Sys_VAR_ref_500_1,3.45,1.5,330
241,Sys_VAR_ref_500_2,3.42,1.5,330
241,Sys_VAR_ref_500_3,3.42,1.5,330
241,User_VAR_500_1,4.17,2.0,330
241,User_VAR_500_2,4.0,2.0,330
241,User_VAR_500_3,4.0,3.0,330
243,Sys_VAR_ref_500_1,3.85,2.9,330
243,Sys_VAR_ref_500_2,3.65,2.85,330
243,Sys_VAR_ref_500_3,3.42,3.85,330
243,User_VAR_500_1,4.17,4.0,330
243,User_VAR_500_2,3.57,4.0,330
243,User_VAR_500_3,3.57,4.0,330
244,Sys_VAR_ref_500_1,4.72,3.0,330
244,Sys_VAR_ref_500_2,4.35,3.0,330
244,Sys_VAR_ref_500_3,4.35,2.85,330
244,User_VAR_500_1,4.29,2.0,330
244,User_VAR_500_2,5.0,2.0,330
244,User_VAR_500_3,5.0,2.0,330
246,Sys_VAR_ref_500_1,3.85,2.75,330
246,Sys_VAR_ref_500_2,3.42,3.85,330
246,Sys_VAR_ref_500_3,3.45,2.85,330
246,User_VAR_500_1,3.57,2.0,330
246,User_VAR_500_2,3.57,3.0,330
246,User_VAR_500_3,3.57,2.0,330
249,Sys_VAR_ref_500_1,4.92,4.95,330
249,Sys_VAR_ref_500_2,4.82,3.65,330
249,Sys_VAR_ref_500_3,4.85,4.62,330
249,User_VAR_500_1,4.17,3.0,330
249,User_VAR_500_2,5.0,5.0,330
249,User_VAR_500_3,4.17,5.0,330
250,Sys_VAR_ref_500_1,2.85,1.65,333
250,Sys_VAR_ref_500_2,3.82,1.47,333
250,Sys_VAR_ref_500_3,2.85,1.65,333
250,User_VAR_500_1,3.0,2.0,333
250,User_VAR_500_2,4.0,1.0,333
250,User_VAR_500_3,4.0,2.0,333
254,Sys_VAR_ref_500_1,2.15,1.5,333
254,Sys_VAR_ref_500_2,1.85,1.5,333
254,Sys_VAR_ref_500_3,2.85,1.45,333
254,User_VAR_500_1,3.75,3.0,333
254,User_VAR_500_2,2.5,2.0,333
254,User_VAR_500_3,2.5,3.0,333
257,Sys_VAR_ref_500_1,3.42,1.5,333
257,Sys_VAR_ref_500_2,3.42,1.5,333
257,Sys_VAR_ref_500_3,3.42,1.5,333
257,User_VAR_500_1,4.17,3.0,333
257,User_VAR_500_2,4.17,2.0,333
257,User_VAR_500_3,4.17,2.0,333
258,Sys_VAR_ref_500_1,4.65,1.5,333
258,Sys_VAR_ref_500_2,4.65,3.82,333
258,Sys_VAR_ref_500_3,4.85,4.92,333
258,User_VAR_500_1,5.0,3.0,333
258,User_VAR_500_2,5.0,4.0,333
258,User_VAR_500_3,5.0,3.0,333
259,Sys_VAR_ref_500_1,3.45,1.5,333
259,Sys_VAR_ref_500_2,3.45,1.5,333
259,Sys_VAR_ref_500_3,3.45,1.5,333
259,User_VAR_500_1,5.0,2.0,333
259,User_VAR_500_2,5.0,3.0,333
259,User_VAR_500_3,5.0,3.0,333
261,Sys_VAR_ref_500_1,4.12,2.0,339
261,Sys_VAR_ref_500_2,4.12,2.0,339
261,Sys_VAR_ref_500_3,4.72,2.0,339
261,User_VAR_500_1,5.0,3.0,339
261,User_VAR_500_2,4.29,2.0,339
261,User_VAR_500_3,4.29,3.0,339
264,Sys_VAR_ref_500_1,1.85,0.92,339
264,Sys_VAR_ref_500_2,1.85,1.2,339
264,Sys_VAR_ref_500_3,1.25,1.1,339
264,User_VAR_500_1,1.67,1.0,339
264,User_VAR_500_2,2.5,1.0,339
264,User_VAR_500_3,1.67,1.0,339
265,Sys_VAR_ref_500_1,4.65,3.85,339
265,Sys_VAR_ref_500_2,4.92,4.15,339
265,Sys_VAR_ref_500_3,4.98,4.85,339
265,User_VAR_500_1,5.0,4.0,339
265,User_VAR_500_2,5.0,4.0,339
265,User_VAR_500_3,5.0,4.0,339
266,Sys_VAR_ref_500_1,2.85,1.9,339
266,Sys_VAR_ref_500_2,4.12,3.0,339
266,Sys_VAR_ref_500_3,4.92,3.0,339
266,User_VAR_500_1,5.0,4.0,339
266,User_VAR_500_2,5.0,3.0,339
266,User_VAR_500_3,5.0,4.0,339
268,Sys_VAR_ref_500_1,4.15,3.85,339
268,Sys_VAR_ref_500_2,4.85,3.92,339
268,Sys_VAR_ref_500_3,4.65,3.85,339
268,User_VAR_500_1,4.38,2.0,339
268,User_VAR_500_2,5.0,3.0,339
268,User_VAR_500_3,4.38,3.0,339
271,Sys_VAR_ref_500_1,4.85,3.6,347
271,Sys_VAR_ref_500_2,4.85,1.5,347
271,Sys_VAR_ref_500_3,4.92,4.95,347
271,User_VAR_500_1,5.0,2.0,347
271,User_VAR_500_2,5.0,4.0,347
271,User_VAR_500_3,5.0,4.0,347
273,Sys_VAR_ref_500_1,4.92,4.88,347
273,Sys_VAR_ref_500_2,4.98,4.97,347
273,Sys_VAR_ref_500_3,5.0,5.0,347
273,User_VAR_500_1,5.0,5.0,347
273,User_VAR_500_2,5.0,5.0,347
273,User_VAR_500_3,5.0,5.0,347
274,Sys_VAR_ref_500_1,4.15,4.62,347
274,Sys_VAR_ref_500_2,4.12,3.0,347
274,Sys_VAR_ref_500_3,4.12,3.0,347
274,User_VAR_500_1,5.0,4.0,347
274,User_VAR_500_2,5.0,3.0,347
274,User_VAR_500_3,5.0,5.0,347
275,Sys_VAR_ref_500_1,2.15,2.85,347
275,Sys_VAR_ref_500_2,2.85,2.1,347
275,Sys_VAR_ref_500_3,2.15,3.0,347
275,User_VAR_500_1,5.0,3.0,347
275,User_VAR_500_2,3.33,3.0,347
275,User_VAR_500_3,3.33,3.0,347
278,Sys_VAR_ref_500_1,4.85,3.65,347
278,Sys_VAR_ref_500_2,4.82,3.65,347
278,Sys_VAR_ref_500_3,4.68,2.85,347
278,User_VAR_500_1,5.0,5.0,347
278,User_VAR_500_2,5.0,5.0,347
278,User_VAR_500_3,5.0,5.0,347
280,Sys_VAR_ref_500_1,4.82,1.5,356
280,Sys_VAR_ref_500_2,4.85,1.5,356
280,Sys_VAR_ref_500_3,4.12,1.5,356
280,User_VAR_500_1,4.29,2.0,356
280,User_VAR_500_2,4.29,3.0,356
280,User_VAR_500_3,4.29,3.0,356
281,Sys_VAR_ref_500_1,4.12,2.0,356
281,Sys_VAR_ref_500_2,4.12,2.0,356
281,Sys_VAR_ref_500_3,3.85,2.0,356
281,User_VAR_500_1,4.29,2.0,356
281,User_VAR_500_2,4.29,4.0,356
281,User_VAR_500_3,4.29,3.0,356
284,Sys_VAR_ref_500_1,4.85,3.0,356
284,Sys_VAR_ref_500_2,4.85,3.0,356
284,Sys_VAR_ref_500_3,4.85,3.0,356
284,User_VAR_500_1,5.0,3.0,356
284,User_VAR_500_2,5.0,5.0,356
284,User_VAR_500_3,5.0,3.0,356
287,Sys_VAR_ref_500_1,4.65,2.85,356
287,Sys_VAR_ref_500_2,4.62,3.85,356
287,Sys_VAR_ref_500_3,4.85,2.75,356
287,User_VAR_500_1,5.0,5.0,356
287,User_VAR_500_2,5.0,5.0,356
287,User_VAR_500_3,5.0,4.0,356
289,Sys_VAR_ref_500_1,4.35,3.0,356
289,Sys_VAR_ref_500_2,4.15,3.0,356
289,Sys_VAR_ref_500_3,4.85,3.0,356
289,User_VAR_500_1,5.0,3.0,356
289,User_VAR_500_2,5.0,4.0,356
289,User_VAR_500_3,5.0,3.0,356
291,Sys_VAR_ref_500_1,4.82,3.65,365
291,Sys_VAR_ref_500_2,3.85,3.65,365
291,Sys_VAR_ref_500_3,4.15,3.85,365
291,User_VAR_500_1,5.0,4.0,365
291,User_VAR_500_2,5.0,2.0,365
291,User_VAR_500_3,5.0,2.0,365
294,Sys_VAR_ref_500_1,4.12,1.5,365
294,Sys_VAR_ref_500_2,4.12,1.5,365
294,Sys_VAR_ref_500_3,4.65,1.5,365
294,User_VAR_500_1,5.0,2.0,365
294,User_VAR_500_2,5.0,4.0,365
294,User_VAR_500_3,5.0,4.0,365
295,Sys_VAR_ref_500_1,4.12,1.5,365
295,Sys_VAR_ref_500_2,4.15,1.5,365
295,Sys_VAR_ref_500_3,4.85,1.5,365
295,User_VAR_500_1,5.0,3.0,365
295,User_VAR_500_2,5.0,4.0,365
295,User_VAR_500_3,5.0,3.0,365
296,Sys_VAR_ref_500_1,4.12,1.5,365
296,Sys_VAR_ref_500_2,4.12,1.5,365
296,Sys_VAR_ref_500_3,4.12,1.5,365
296,User_VAR_500_1,5.0,3.0,365
296,User_VAR_500_2,5.0,3.0,365
296,User_VAR_500_3,5.0,3.0,365
298,Sys_VAR_ref_500_1,4.12,1.5,365
298,Sys_VAR_ref_500_2,4.12,1.5,365
298,Sys_VAR_ref_500_3,4.12,1.5,365
298,User_VAR_500_1,4.0,2.0,365
298,User_VAR_500_2,4.0,3.0,365
298,User_VAR_500_3,4.0,3.0,365
301,Sys_VAR_ref_500_1,4.68,3.42,370
301,Sys_VAR_ref_500_2,4.62,3.85,370
301,Sys_VAR_ref_500_3,4.65,3.2,370
301,User_VAR_500_1,5.0,4.0,370
301,User_VAR_500_2,5.0,3.0,370
301,User_VAR_500_3,5.0,3.0,370
302,Sys_VAR_ref_500_1,4.62,3.0,370
302,Sys_VAR_ref_500_2,4.68,3.0,370
302,Sys_VAR_ref_500_3,4.92,3.0,370
302,User_VAR_500_1,5.0,3.0,370
302,User_VAR_500_2,5.0,4.0,370
302,User_VAR_500_3,5.0,5.0,370
303,Sys_VAR_ref_500_1,3.82,2.65,370
303,Sys_VAR_ref_500_2,2.85,1.5,370
303,Sys_VAR_ref_500_3,3.45,1.5,370
303,User_VAR_500_1,4.0,2.0,370
303,User_VAR_500_2,3.0,3.0,370
303,User_VAR_500_3,4.0,2.0,370
307,Sys_VAR_ref_500_1,3.42,1.5,370
307,Sys_VAR_ref_500_2,3.65,2.85,370
307,Sys_VAR_ref_500_3,3.42,4.15,370
307,User_VAR_500_1,5.0,2.0,370
307,User_VAR_500_2,5.0,4.0,370
307,User_VAR_500_3,5.0,3.0,370
308,Sys_VAR_ref_500_1,4.92,1.5,370
308,Sys_VAR_ref_500_2,4.85,1.5,370
308,Sys_VAR_ref_500_3,4.92,1.5,370
308,User_VAR_500_1,5.0,5.0,370
308,User_VAR_500_2,5.0,2.0,370
308,User_VAR_500_3,5.0,5.0,370
310,Sys_VAR_ref_500_1,1.85,2.4,389
310,Sys_VAR_ref_500_2,1.25,1.5,389
310,Sys_VAR_ref_500_3,1.15,1.5,389
310,User_VAR_500_1,1.67,3.0,389
310,User_VAR_500_2,2.22,2.0,389
310,User_VAR_500_3,1.67,2.0,389
312,Sys_VAR_ref_500_1,1.25,2.0,389
312,Sys_VAR_ref_500_2,1.42,2.0,389
312,Sys_VAR_ref_500_3,1.85,2.0,389
312,User_VAR_500_1,2.14,4.0,389
312,User_VAR_500_2,1.11,3.0,389
312,User_VAR_500_3,1.11,3.0,389
314,Sys_VAR_ref_500_1,4.12,3.85,389
314,Sys_VAR_ref_500_2,2.85,3.62,389
314,Sys_VAR_ref_500_3,2.85,2.1,389
314,User_VAR_500_1,3.33,3.0,389
314,User_VAR_500_2,3.89,3.0,389
314,User_VAR_500_3,3.89,2.0,389
318,Sys_VAR_ref_500_1,1.85,1.5,389
318,Sys_VAR_ref_500_2,4.12,1.5,389
318,Sys_VAR_ref_500_3,1.42,1.5,389
318,User_VAR_500_1,1.67,3.0,389
318,User_VAR_500_2,1.67,2.0,389
318,User_VAR_500_3,1.67,2.0,389
319,Sys_VAR_ref_500_1,1.85,1.42,389
319,Sys_VAR_ref_500_2,1.15,1.5,389
319,Sys_VAR_ref_500_3,1.25,1.5,389
319,User_VAR_500_1,1.11,2.0,389
319,User_VAR_500_2,1.67,2.0,389
319,User_VAR_500_3,1.11,2.0,389
320,Sys_VAR_ref_500_1,1.85,2.1,392
320,Sys_VAR_ref_500_2,1.85,2.9,392
320,Sys_VAR_ref_500_3,1.85,3.42,392
320,User_VAR_500_1,3.0,4.0,392
320,User_VAR_500_2,3.33,4.0,392
320,User_VAR_500_3,3.33,4.0,392
323,Sys_VAR_ref_500_1,4.65,3.82,392
323,Sys_VAR_ref_500_2,4.65,2.85,392
323,Sys_VAR_ref_500_3,4.15,3.2,392
323,User_VAR_500_1,4.29,3.0,392
323,User_VAR_500_2,4.29,3.0,392
323,User_VAR_500_3,4.29,3.0,392
326,Sys_VAR_ref_500_1,4.85,3.72,392
326,Sys_VAR_ref_500_2,4.72,2.85,392
326,Sys_VAR_ref_500_3,4.72,3.85,392
326,User_VAR_500_1,5.0,4.0,392
326,User_VAR_500_2,5.0,2.0,392
326,User_VAR_500_3,5.0,2.0,392
328,Sys_VAR_ref_500_1,1.85,2.1,392
328,Sys_VAR_ref_500_2,2.15,1.2,392
328,Sys_VAR_ref_500_3,2.85,1.2,392
328,User_VAR_500_1,2.14,1.0,392
328,User_VAR_500_2,2.14,2.0,392
328,User_VAR_500_3,2.14,2.0,392
329,Sys_VAR_ref_500_1,4.85,3.65,392
329,Sys_VAR_ref_500_2,4.85,3.65,392
329,Sys_VAR_ref_500_3,4.85,4.12,392
329,User_VAR_500_1,5.0,4.0,392
329,User_VAR_500_2,5.0,4.0,392
329,User_VAR_500_3,5.0,4.0,392
330,Sys_VAR_ref_500_1,1.85,1.2,394
330,Sys_VAR_ref_500_2,3.15,1.85,394
330,Sys_VAR_ref_500_3,1.85,1.65,394
330,User_VAR_500_1,1.67,2.0,394
330,User_VAR_500_2,3.75,1.0,394
330,User_VAR_500_3,1.67,2.0,394
333,Sys_VAR_ref_500_1,4.65,2.85,394
333,Sys_VAR_ref_500_2,4.98,4.95,394
333,Sys_VAR_ref_500_3,4.72,2.85,394
333,User_VAR_500_1,5.0,5.0,394
333,User_VAR_500_2,5.0,5.0,394
333,User_VAR_500_3,5.0,5.0,394
334,Sys_VAR_ref_500_1,4.12,1.85,394
334,Sys_VAR_ref_500_2,3.42,1.85,394
334,Sys_VAR_ref_500_3,2.85,2.15,394
334,User_VAR_500_1,3.57,2.0,394
334,User_VAR_500_2,5.0,2.0,394
334,User_VAR_500_3,5.0,2.0,394
338,Sys_VAR_ref_500_1,4.85,3.6,394
338,Sys_VAR_ref_500_2,4.85,2.1,394
338,Sys_VAR_ref_500_3,4.85,2.65,394
338,User_VAR_500_1,5.0,4.0,394
338,User_VAR_500_2,5.0,4.0,394
338,User_VAR_500_3,5.0,4.0,394
339,Sys_VAR_ref_500_1,4.65,4.82,394
339,Sys_VAR_ref_500_2,4.12,2.85,394
339,Sys_VAR_ref_500_3,4.12,3.85,394
339,User_VAR_500_1,4.17,3.0,394
339,User_VAR_500_2,4.17,5.0,394
339,User_VAR_500_3,5.0,2.0,394
341,Sys_VAR_ref_500_1,4.35,3.65,396
341,Sys_VAR_ref_500_2,4.65,3.85,396
341,Sys_VAR_ref_500_3,4.82,3.65,396
341,User_VAR_500_1,5.0,3.0,396
341,User_VAR_500_2,5.0,4.0,396
341,User_VAR_500_3,5.0,3.0,396
344,Sys_VAR_ref_500_1,4.72,3.85,396
344,Sys_VAR_ref_500_2,4.15,2.85,396
344,Sys_VAR_ref_500_3,4.35,2.65,396
344,User_VAR_500_1,3.57,3.0,396
344,User_VAR_500_2,3.57,3.0,396
344,User_VAR_500_3,4.17,4.0,396
346,Sys_VAR_ref_500_1,4.35,3.82,396
346,Sys_VAR_ref_500_2,4.72,3.85,396
346,Sys_VAR_ref_500_3,4.72,3.85,396
346,User_VAR_500_1,5.0,4.0,396
346,User_VAR_500_2,5.0,4.0,396
346,User_VAR_500_3,5.0,4.0,396
347,Sys_VAR_ref_500_1,4.72,3.85,396
347,Sys_VAR_ref_500_2,4.92,4.88,396
347,Sys_VAR_ref_500_3,4.72,3.85,396
347,User_VAR_500_1,5.0,5.0,396
347,User_VAR_500_2,5.0,4.0,396
347,User_VAR_500_3,5.0,4.0,396
349,Sys_VAR_ref_500_1,4.92,4.85,396
349,Sys_VAR_ref_500_2,4.92,4.95,396
349,Sys_VAR_ref_500_3,4.82,3.65,396
349,User_VAR_500_1,5.0,4.0,396
349,User_VAR_500_2,5.0,4.0,396
349,User_VAR_500_3,5.0,4.0,396
351,Sys_VAR_ref_500_1,4.12,3.65,400
351,Sys_VAR_ref_500_2,4.85,3.72,400
351,Sys_VAR_ref_500_3,4.15,3.25,400
351,User_VAR_500_1,5.0,2.0,400
351,User_VAR_500_2,5.0,4.0,400
351,User_VAR_500_3,5.0,4.0,400
352,Sys_VAR_ref_500_1,4.65,1.5,400
352,Sys_VAR_ref_500_2,4.85,3.65,400
352,Sys_VAR_ref_500_3,4.85,1.5,400
352,User_VAR_500_1,5.0,3.0,400
352,User_VAR_500_2,4.44,3.0,400
352,User_VAR_500_3,4.44,2.0,400
354,Sys_VAR_ref_500_1,4.12,1.5,400
354,Sys_VAR_ref_500_2,3.45,1.5,400
354,Sys_VAR_ref_500_3,4.85,1.5,400
354,User_VAR_500_1,5.0,4.0,400
354,User_VAR_500_2,5.0,3.0,400
354,User_VAR_500_3,5.0,3.0,400
357,Sys_VAR_ref_500_1,4.12,1.5,400
357,Sys_VAR_ref_500_2,3.65,1.5,400
357,Sys_VAR_ref_500_3,4.12,1.5,400
357,User_VAR_500_1,3.0,2.0,400
357,User_VAR_500_2,5.0,2.0,400
357,User_VAR_500_3,3.0,2.0,400
359,Sys_VAR_ref_500_1,4.85,3.75,400
359,Sys_VAR_ref_500_2,4.85,3.6,400
359,Sys_VAR_ref_500_3,4.12,1.5,400
359,User_VAR_500_1,5.0,4.0,400
359,User_VAR_500_2,5.0,4.0,400
359,User_VAR_500_3,5.0,4.0,400
361,Sys_VAR_ref_500_1,3.85,2.15,405
361,Sys_VAR_ref_500_2,4.12,2.85,405
361,Sys_VAR_ref_500_3,4.15,2.85,405
361,User_VAR_500_1,3.12,2.0,405
361,User_VAR_500_2,3.75,2.0,405
361,User_VAR_500_3,3.75,2.0,405
364,Sys_VAR_ref_500_1,3.82,2.45,405
364,Sys_VAR_ref_500_2,4.85,3.72,405
364,Sys_VAR_ref_500_3,4.15,2.85,405
364,User_VAR_500_1,5.0,4.0,405
364,User_VAR_500_2,4.0,4.0,405
364,User_VAR_500_3,5.0,2.0,405
366,Sys_VAR_ref_500_1,3.85,2.15,405
366,Sys_VAR_ref_500_2,4.85,1.5,405
366,Sys_VAR_ref_500_3,4.85,2.65,405
366,User_VAR_500_1,5.0,2.0,405
366,User_VAR_500_2,5.0,2.0,405
366,User_VAR_500_3,5.0,2.0,405
368,Sys_VAR_ref_500_1,2.85,2.15,405
368,Sys_VAR_ref_500_2,2.85,2.6,405
368,Sys_VAR_ref_500_3,2.85,2.4,405
368,User_VAR_500_1,2.22,3.0,405
368,User_VAR_500_2,2.22,3.0,405
368,User_VAR_500_3,2.22,4.0,405
369,Sys_VAR_ref_500_1,4.85,3.92,405
369,Sys_VAR_ref_500_2,4.85,3.92,405
369,Sys_VAR_ref_500_3,4.85,3.65,405
369,User_VAR_500_1,5.0,4.0,405
369,User_VAR_500_2,5.0,5.0,405
369,User_VAR_500_3,5.0,4.0,405
373,Sys_VAR_ref_500_1,4.12,3.85,406
373,Sys_VAR_ref_500_2,4.15,4.62,406
373,Sys_VAR_ref_500_3,4.72,4.15,406
373,User_VAR_500_1,5.0,4.0,406
373,User_VAR_500_2,4.44,4.0,406
373,User_VAR_500_3,5.0,5.0,406
374,Sys_VAR_ref_500_1,4.65,2.85,406
374,Sys_VAR_ref_500_2,4.65,2.85,406
374,Sys_VAR_ref_500_3,4.12,1.85,406
374,User_VAR_500_1,4.44,3.0,406
374,User_VAR_500_2,4.44,3.0,406
374,User_VAR_500_3,4.44,3.0,406
375,Sys_VAR_ref_500_1,2.85,2.15,406
375,Sys_VAR_ref_500_2,2.85,2.15,406
375,Sys_VAR_ref_500_3,2.85,1.92,406
375,User_VAR_500_1,3.75,3.0,406
375,User_VAR_500_2,3.0,3.0,406
375,User_VAR_500_3,5.0,2.0,406
376,Sys_VAR_ref_500_1,2.85,2.4,406
376,Sys_VAR_ref_500_2,2.15,2.85,406
376,Sys_VAR_ref_500_3,4.65,3.82,406
376,User_VAR_500_1,2.22,2.0,406
376,User_VAR_500_2,5.0,2.0,406
376,User_VAR_500_3,2.86,4.0,406
377,Sys_VAR_ref_500_1,4.85,3.7,406
377,Sys_VAR_ref_500_2,4.85,3.6,406
377,Sys_VAR_ref_500_3,4.15,2.65,406
377,User_VAR_500_1,0.0,4.0,406
377,User_VAR_500_2,0.0,4.0,406
377,User_VAR_500_3,4.29,4.0,406
380,Sys_VAR_ref_500_1,4.85,3.2,413
380,Sys_VAR_ref_500_2,5.0,5.0,413
380,Sys_VAR_ref_500_3,5.0,5.0,413
380,User_VAR_500_1,5.0,3.0,413
380,User_VAR_500_2,5.0,3.0,413
380,User_VAR_500_3,5.0,3.0,413
381,Sys_VAR_ref_500_1,4.65,3.82,413
381,Sys_VAR_ref_500_2,3.85,2.15,413
381,Sys_VAR_ref_500_3,4.25,4.1,413
381,User_VAR_500_1,4.29,3.0,413
381,User_VAR_500_2,3.57,4.0,413
381,User_VAR_500_3,4.38,4.0,413
385,Sys_VAR_ref_500_1,2.15,1.85,413
385,Sys_VAR_ref_500_2,3.45,2.85,413
385,Sys_VAR_ref_500_3,3.82,2.15,413
385,User_VAR_500_1,3.33,2.0,413
385,User_VAR_500_2,3.33,3.0,413
385,User_VAR_500_3,3.89,2.0,413
387,Sys_VAR_ref_500_1,1.85,4.12,413
387,Sys_VAR_ref_500_2,4.85,3.2,413
387,Sys_VAR_ref_500_3,1.85,0.92,413
387,User_VAR_500_1,5.0,2.0,413
387,User_VAR_500_2,0.0,2.0,413
387,User_VAR_500_3,0.0,2.0,413
388,Sys_VAR_ref_500_1,4.12,1.5,413
388,Sys_VAR_ref_500_2,3.42,1.5,413
388,Sys_VAR_ref_500_3,4.65,3.82,413
388,User_VAR_500_1,4.38,3.0,413
388,User_VAR_500_2,3.75,3.0,413
388,User_VAR_500_3,3.75,3.0,413
390,Sys_VAR_ref_500_1,3.82,1.47,415
390,Sys_VAR_ref_500_2,3.82,1.47,415
390,Sys_VAR_ref_500_3,3.82,1.47,415
390,User_VAR_500_1,4.0,1.0,415
390,User_VAR_500_2,5.0,1.0,415
390,User_VAR_500_3,5.0,1.0,415
391,Sys_VAR_ref_500_1,3.85,1.92,415
391,Sys_VAR_ref_500_2,4.12,2.85,415
391,Sys_VAR_ref_500_3,4.15,2.85,415
391,User_VAR_500_1,5.0,3.0,415
391,User_VAR_500_2,3.89,3.0,415
391,User_VAR_500_3,3.89,3.0,415
393,Sys_VAR_ref_500_1,0.15,2.85,415
393,Sys_VAR_ref_500_2,0.42,1.85,415
393,Sys_VAR_ref_500_3,1.85,2.1,415
393,User_VAR_500_1,0.62,3.0,415
393,User_VAR_500_2,1.67,3.0,415
393,User_VAR_500_3,0.62,3.0,415
394,Sys_VAR_ref_500_1,1.25,2.1,415
394,Sys_VAR_ref_500_2,1.25,2.85,415
394,Sys_VAR_ref_500_3,1.25,2.85,415
394,User_VAR_500_1,1.25,3.0,415
394,User_VAR_500_2,1.25,3.0,415
394,User_VAR_500_3,1.25,3.0,415
395,Sys_VAR_ref_500_1,1.85,3.62,415
395,Sys_VAR_ref_500_2,1.85,2.65,415
395,Sys_VAR_ref_500_3,0.0,3.85,415
395,User_VAR_500_1,0.0,4.0,415
395,User_VAR_500_2,1.67,3.0,415
395,User_VAR_500_3,1.67,3.0,415
400,Sys_VAR_ref_500_1,1.25,2.8,419
400,Sys_VAR_ref_500_2,1.85,2.1,419
400,Sys_VAR_ref_500_3,1.25,2.1,419
400,User_VAR_500_1,3.57,2.0,419
400,User_VAR_500_2,3.57,3.0,419
400,User_VAR_500_3,3.57,3.0,419
403,Sys_VAR_ref_500_1,4.85,3.65,419
403,Sys_VAR_ref_500_2,4.25,3.8,419
403,Sys_VAR_ref_500_3,4.85,3.75,419
403,User_VAR_500_1,4.38,4.0,419
403,User_VAR_500_2,4.38,4.0,419
403,User_VAR_500_3,4.38,2.0,419
406,Sys_VAR_ref_500_1,2.85,2.1,419
406,Sys_VAR_ref_500_2,2.85,1.92,419
406,Sys_VAR_ref_500_3,2.15,1.85,419
406,User_VAR_500_1,2.22,1.0,419
406,User_VAR_500_2,2.78,2.0,419
406,User_VAR_500_3,3.75,2.0,419
408,Sys_VAR_ref_500_1,4.85,4.12,419
408,Sys_VAR_ref_500_2,4.85,4.2,419
408,Sys_VAR_ref_500_3,4.85,2.15,419
408,User_VAR_500_1,4.29,4.0,419
408,User_VAR_500_2,4.29,4.0,419
408,User_VAR_500_3,5.0,4.0,419
409,Sys_VAR_ref_500_1,0.0,0.0,419
409,Sys_VAR_ref_500_2,0.0,4.85,419
409,Sys_VAR_ref_500_3,0.0,1.0,419
409,User_VAR_500_1,0.0,5.0,419
409,User_VAR_500_2,0.0,5.0,419
409,User_VAR_500_3,0.0,5.0,419
410,Sys_VAR_ref_500_1,2.85,1.2,421
410,Sys_VAR_ref_500_2,4.62,1.85,421
410,Sys_VAR_ref_500_3,3.42,1.65,421
410,User_VAR_500_1,5.0,3.0,421
410,User_VAR_500_2,2.78,2.0,421
410,User_VAR_500_3,5.0,3.0,421
411,Sys_VAR_ref_500_1,2.85,1.92,421
411,Sys_VAR_ref_500_2,1.85,2.1,421
411,Sys_VAR_ref_500_3,2.15,1.85,421
411,User_VAR_500_1,2.78,1.0,421
411,User_VAR_500_2,2.78,1.0,421
411,User_VAR_500_3,3.33,2.0,421
412,Sys_VAR_ref_500_1,3.45,2.85,421
412,Sys_VAR_ref_500_2,4.92,4.35,421
412,Sys_VAR_ref_500_3,3.45,2.85,421
412,User_VAR_500_1,5.0,4.0,421
412,User_VAR_500_2,3.33,4.0,421
412,User_VAR_500_3,3.33,3.0,421
413,Sys_VAR_ref_500_1,3.45,2.85,421
413,Sys_VAR_ref_500_2,2.78,3.42,421
413,Sys_VAR_ref_500_3,2.85,2.1,421
413,User_VAR_500_1,3.12,4.0,421
413,User_VAR_500_2,2.78,2.0,421
413,User_VAR_500_3,2.78,2.0,421
419,Sys_VAR_ref_500_1,4.65,2.85,421
419,Sys_VAR_ref_500_2,4.85,4.2,421
419,Sys_VAR_ref_500_3,4.85,3.2,421
419,User_VAR_500_1,4.44,4.0,421
419,User_VAR_500_2,4.44,4.0,421
419,User_VAR_500_3,4.44,4.0,421
421,Sys_VAR_ref_500_1,2.85,1.65,426
421,Sys_VAR_ref_500_2,2.85,1.65,426
421,Sys_VAR_ref_500_3,2.15,1.85,426
421,User_VAR_500_1,2.5,2.0,426
421,User_VAR_500_2,2.5,2.0,426
421,User_VAR_500_3,2.5,2.0,426
422,Sys_VAR_ref_500_1,3.85,1.2,426
422,Sys_VAR_ref_500_2,1.85,1.2,426
422,Sys_VAR_ref_500_3,2.85,1.65,426
422,User_VAR_500_1,3.75,1.0,426
422,User_VAR_500_2,3.12,2.0,426
422,User_VAR_500_3,3.12,2.0,426
423,Sys_VAR_ref_500_1,2.85,1.65,426
423,Sys_VAR_ref_500_2,3.85,1.92,426
423,Sys_VAR_ref_500_3,2.85,1.45,426
423,User_VAR_500_1,3.12,2.0,426
423,User_VAR_500_2,3.12,2.0,426
423,User_VAR_500_3,3.12,2.0,426
425,Sys_VAR_ref_500_1,2.85,1.9,426
425,Sys_VAR_ref_500_2,2.85,1.65,426
425,Sys_VAR_ref_500_3,2.85,1.92,426
425,User_VAR_500_1,3.12,2.0,426
425,User_VAR_500_2,3.12,2.0,426
425,User_VAR_500_3,2.5,1.0,426
428,Sys_VAR_ref_500_1,2.85,1.5,426
428,Sys_VAR_ref_500_2,2.85,1.45,426
428,Sys_VAR_ref_500_3,2.15,1.5,426
428,User_VAR_500_1,3.12,2.0,426
428,User_VAR_500_2,3.12,1.0,426
428,User_VAR_500_3,3.12,2.0,426
432,Sys_VAR_ref_500_1,2.85,2.15,429
432,Sys_VAR_ref_500_2,1.85,1.42,429
432,Sys_VAR_ref_500_3,1.85,2.4,429
432,User_VAR_500_1,1.25,3.0,429
432,User_VAR_500_2,1.88,2.0,429
432,User_VAR_500_3,1.88,3.0,429
433,Sys_VAR_ref_500_1,2.85,2.1,429
433,Sys_VAR_ref_500_2,1.85,1.92,429
433,Sys_VAR_ref_500_3,0.85,2.1,429
433,User_VAR_500_1,3.75,2.0,429
433,User_VAR_500_2,3.75,2.0,429
433,User_VAR_500_3,3.75,2.0,429
434,Sys_VAR_ref_500_1,0.12,1.35,429
434,Sys_VAR_ref_500_2,0.15,1.5,429
434,Sys_VAR_ref_500_3,0.12,1.35,429
434,User_VAR_500_1,0.0,1.0,429
434,User_VAR_500_2,0.0,2.0,429
434,User_VAR_500_3,0.0,2.0,429
435,Sys_VAR_ref_500_1,0.15,0.85,429
435,Sys_VAR_ref_500_2,0.12,0.85,429
435,Sys_VAR_ref_500_3,0.42,1.15,429
435,User_VAR_500_1,0.0,1.0,429
435,User_VAR_500_2,0.0,1.0,429
435,User_VAR_500_3,0.0,2.0,429
437,Sys_VAR_ref_500_1,4.15,3.85,429
437,Sys_VAR_ref_500_2,4.85,3.62,429
437,Sys_VAR_ref_500_3,4.85,3.72,429
437,User_VAR_500_1,4.38,3.0,429
437,User_VAR_500_2,3.75,5.0,429
437,User_VAR_500_3,4.38,5.0,429
443,Sys_VAR_ref_500_1,4.85,3.62,432
443,Sys_VAR_ref_500_2,4.65,2.85,432
443,Sys_VAR_ref_500_3,4.85,1.5,432
443,User_VAR_500_1,5.0,4.0,432
443,User_VAR_500_2,5.0,4.0,432
443,User_VAR_500_3,5.0,4.0,432
446,Sys_VAR_ref_500_1,4.85,1.5,432
446,Sys_VAR_ref_500_2,4.92,4.85,432
446,Sys_VAR_ref_500_3,4.85,3.75,432
446,User_VAR_500_1,5.0,2.0,432
446,User_VAR_500_2,5.0,3.0,432
446,User_VAR_500_3,5.0,5.0,432
447,Sys_VAR_ref_500_1,4.85,1.5,432
447,Sys_VAR_ref_500_2,3.85,1.5,432
447,Sys_VAR_ref_500_3,4.12,1.5,432
447,User_VAR_500_1,4.38,2.0,432
447,User_VAR_500_2,4.29,2.0,432
447,User_VAR_500_3,4.38,2.0,432
448,Sys_VAR_ref_500_1,3.85,1.92,432
448,Sys_VAR_ref_500_2,2.85,1.9,432
448,Sys_VAR_ref_500_3,1.25,1.83,432
448,User_VAR_500_1,3.12,2.0,432
448,User_VAR_500_2,3.12,2.0,432
448,User_VAR_500_3,3.12,1.0,432
449,Sys_VAR_ref_500_1,4.65,3.82,432
449,Sys_VAR_ref_500_2,4.85,3.72,432
449,Sys_VAR_ref_500_3,3.65,1.5,432
449,User_VAR_500_1,5.0,4.0,432
449,User_VAR_500_2,5.0,4.0,432
449,User_VAR_500_3,5.0,5.0,432
450,Sys_VAR_ref_500_1,5.0,5.0,443
450,Sys_VAR_ref_500_2,5.0,5.0,443
450,Sys_VAR_ref_500_3,4.65,3.82,443
450,User_VAR_500_1,5.0,4.0,443
450,User_VAR_500_2,5.0,3.0,443
450,User_VAR_500_3,5.0,4.0,443
451,Sys_VAR_ref_500_1,4.85,4.92,443
451,Sys_VAR_ref_500_2,4.85,4.72,443
451,Sys_VAR_ref_500_3,4.95,4.92,443
451,User_VAR_500_1,5.0,4.0,443
451,User_VAR_500_2,5.0,4.0,443
451,User_VAR_500_3,0.0,4.0,443
453,Sys_VAR_ref_500_1,1.25,3.8,443
453,Sys_VAR_ref_500_2,0.85,3.2,443
453,Sys_VAR_ref_500_3,1.25,2.85,443
453,User_VAR_500_1,1.67,3.0,443
453,User_VAR_500_2,1.67,3.0,443
453,User_VAR_500_3,1.67,3.0,443
455,Sys_VAR_ref_500_1,4.12,2.85,443
455,Sys_VAR_ref_500_2,4.25,3.65,443
455,Sys_VAR_ref_500_3,4.65,2.85,443
455,User_VAR_500_1,5.0,3.0,443
455,User_VAR_500_2,5.0,2.0,443
455,User_VAR_500_3,4.38,3.0,443
456,Sys_VAR_ref_500_1,4.25,3.8,443
456,Sys_VAR_ref_500_2,5.0,5.0,443
456,Sys_VAR_ref_500_3,4.85,3.75,443
456,User_VAR_500_1,4.38,4.0,443
456,User_VAR_500_2,4.38,4.0,443
456,User_VAR_500_3,4.38,4.0,443
463,Sys_VAR_ref_500_1,3.85,2.15,446
463,Sys_VAR_ref_500_2,3.85,2.4,446
463,Sys_VAR_ref_500_3,3.85,2.15,446
463,User_VAR_500_1,5.0,3.0,446
463,User_VAR_500_2,5.0,3.0,446
463,User_VAR_500_3,5.0,2.0,446
465,Sys_VAR_ref_500_1,4.12,3.65,446
465,Sys_VAR_ref_500_2,4.35,3.62,446
465,Sys_VAR_ref_500_3,4.25,1.85,446
465,User_VAR_500_1,3.89,3.0,446
465,User_VAR_500_2,4.38,3.0,446
465,User_VAR_500_3,3.89,3.0,446
466,Sys_VAR_ref_500_1,4.65,2.85,446
466,Sys_VAR_ref_500_2,4.65,2.85,446
466,Sys_VAR_ref_500_3,4.65,2.85,446
466,User_VAR_500_1,4.38,3.0,446
466,User_VAR_500_2,4.38,4.0,446
466,User_VAR_500_3,5.0,4.0,446
467,Sys_VAR_ref_500_1,1.15,3.85,446
467,Sys_VAR_ref_500_2,0.12,3.45,446
467,Sys_VAR_ref_500_3,0.15,2.85,446
467,User_VAR_500_1,0.56,3.0,446
467,User_VAR_500_2,0.56,2.0,446
467,User_VAR_500_3,1.11,5.0,446
469,Sys_VAR_ref_500_1,4.65,3.82,446
469,Sys_VAR_ref_500_2,4.25,2.85,446
469,Sys_VAR_ref_500_3,4.65,2.85,446
469,User_VAR_500_1,4.38,3.0,446
469,User_VAR_500_2,3.89,3.0,446
469,User_VAR_500_3,3.89,3.0,446
470,Sys_VAR_ref_500_1,3.82,1.47,453
470,Sys_VAR_ref_500_2,3.85,1.2,453
470,Sys_VAR_ref_500_3,4.25,3.85,453
470,User_VAR_500_1,5.0,2.0,453
470,User_VAR_500_2,4.38,2.0,453
470,User_VAR_500_3,3.75,2.0,453
471,Sys_VAR_ref_500_1,4.65,3.85,453
471,Sys_VAR_ref_500_2,4.65,2.85,453
471,Sys_VAR_ref_500_3,4.65,2.85,453
471,User_VAR_500_1,4.38,2.0,453
471,User_VAR_500_2,4.38,3.0,453
471,User_VAR_500_3,5.0,3.0,453
473,Sys_VAR_ref_500_1,4.85,2.3,453
473,Sys_VAR_ref_500_2,4.85,3.6,453
473,Sys_VAR_ref_500_3,4.85,2.75,453
473,User_VAR_500_1,5.0,3.0,453
473,User_VAR_500_2,4.17,3.0,453
473,User_VAR_500_3,5.0,3.0,453
475,Sys_VAR_ref_500_1,4.85,3.65,453
475,Sys_VAR_ref_500_2,4.12,2.85,453
475,Sys_VAR_ref_500_3,4.85,2.15,453
475,User_VAR_500_1,3.75,2.0,453
475,User_VAR_500_2,3.75,3.0,453
475,User_VAR_500_3,3.75,2.0,453
479,Sys_VAR_ref_500_1,4.85,2.75,453
479,Sys_VAR_ref_500_2,4.12,2.85,453
479,Sys_VAR_ref_500_3,3.85,2.4,453
479,User_VAR_500_1,2.86,3.0,453
479,User_VAR_500_2,3.33,3.0,453
479,User_VAR_500_3,3.33,3.0,453
481,Sys_VAR_ref_500_1,1.85,3.62,461
481,Sys_VAR_ref_500_2,1.85,3.62,461
481,Sys_VAR_ref_500_3,1.85,3.62,461
481,User_VAR_500_1,2.22,5.0,461
481,User_VAR_500_2,2.22,5.0,461
481,User_VAR_500_3,2.22,5.0,461
483,Sys_VAR_ref_500_1,3.85,3.72,461
483,Sys_VAR_ref_500_2,3.85,4.2,461
483,Sys_VAR_ref_500_3,3.45,4.62,461
483,User_VAR_500_1,3.33,4.0,461
483,User_VAR_500_2,3.33,4.0,461
483,User_VAR_500_3,3.33,4.0,461
485,Sys_VAR_ref_500_1,4.65,1.5,461
485,Sys_VAR_ref_500_2,3.15,1.5,461
485,Sys_VAR_ref_500_3,4.65,3.85,461
485,User_VAR_500_1,4.44,4.0,461
485,User_VAR_500_2,3.33,4.0,461
485,User_VAR_500_3,3.33,4.0,461
486,Sys_VAR_ref_500_1,5.0,5.0,461
486,Sys_VAR_ref_500_2,4.85,4.6,461
486,Sys_VAR_ref_500_3,4.65,3.85,461
486,User_VAR_500_1,4.38,4.0,461
486,User_VAR_500_2,5.0,5.0,461
486,User_VAR_500_3,5.0,4.0,461
488,Sys_VAR_ref_500_1,4.65,3.85,461
488,Sys_VAR_ref_500_2,4.65,3.82,461
488,Sys_VAR_ref_500_3,3.85,2.65,461
488,User_VAR_500_1,4.44,5.0,461
488,User_VAR_500_2,4.44,4.0,461
488,User_VAR_500_3,3.33,4.0,461
491,Sys_VAR_ref_500_1,2.85,1.92,477
491,Sys_VAR_ref_500_2,2.85,1.65,477
491,Sys_VAR_ref_500_3,2.85,1.42,477
491,User_VAR_500_1,2.78,2.0,477
491,User_VAR_500_2,2.78,2.0,477
491,User_VAR_500_3,2.78,2.0,477
492,Sys_VAR_ref_500_1,4.15,2.85,477
492,Sys_VAR_ref_500_2,3.45,2.15,477
492,Sys_VAR_ref_500_3,3.45,2.15,477
492,User_VAR_500_1,3.33,2.0,477
492,User_VAR_500_2,0.0,1.0,477
492,User_VAR_500_3,3.33,4.0,477
493,Sys_VAR_ref_500_1,2.15,2.85,477
493,Sys_VAR_ref_500_2,3.45,2.85,477
493,Sys_VAR_ref_500_3,3.85,2.4,477
493,User_VAR_500_1,2.22,2.0,477
493,User_VAR_500_2,2.22,3.0,477
493,User_VAR_500_3,2.22,2.0,477
497,Sys_VAR_ref_500_1,1.85,1.2,477
497,Sys_VAR_ref_500_2,2.15,1.2,477
497,Sys_VAR_ref_500_3,1.85,1.2,477
497,User_VAR_500_1,0.0,1.0,477
497,User_VAR_500_2,2.5,2.0,477
497,User_VAR_500_3,2.5,1.0,477
498,Sys_VAR_ref_500_1,1.85,2.4,477
498,Sys_VAR_ref_500_2,1.85,2.4,477
498,Sys_VAR_ref_500_3,1.85,2.4,477
498,User_VAR_500_1,2.78,2.0,477
498,User_VAR_500_2,2.78,2.0,477
498,User_VAR_500_3,2.22,2.0,477
500,Sys_VAR_ref_500_1,4.65,3.85,479
500,Sys_VAR_ref_500_2,4.85,4.62,479
500,Sys_VAR_ref_500_3,4.65,3.85,479
500,User_VAR_500_1,4.44,4.0,479
500,User_VAR_500_2,4.44,4.0,479
500,User_VAR_500_3,4.44,5.0,479
503,Sys_VAR_ref_500_1,4.85,3.72,479
503,Sys_VAR_ref_500_2,4.85,3.72,479
503,Sys_VAR_ref_500_3,4.15,2.85,479
503,User_VAR_500_1,2.78,4.0,479
503,User_VAR_500_2,2.78,3.0,479
503,User_VAR_500_3,2.78,4.0,479
504,Sys_VAR_ref_500_1,4.12,2.85,479
504,Sys_VAR_ref_500_2,4.65,2.85,479
504,Sys_VAR_ref_500_3,1.15,2.85,479
504,User_VAR_500_1,1.25,2.0,479
504,User_VAR_500_2,5.0,2.0,479
504,User_VAR_500_3,5.0,1.0,479
506,Sys_VAR_ref_500_1,4.85,3.6,479
506,Sys_VAR_ref_500_2,4.85,3.62,479
506,Sys_VAR_ref_500_3,5.0,5.0,479
506,User_VAR_500_1,5.0,4.0,479
506,User_VAR_500_2,5.0,4.0,479
506,User_VAR_500_3,5.0,4.0,479
507,Sys_VAR_ref_500_1,4.72,3.85,479
507,Sys_VAR_ref_500_2,4.15,3.85,479
507,Sys_VAR_ref_500_3,4.65,3.75,479
507,User_VAR_500_1,3.89,4.0,479
507,User_VAR_500_2,3.33,3.0,479
507,User_VAR_500_3,3.89,4.0,479
510,Sys_VAR_ref_500_1,4.65,2.85,481
510,Sys_VAR_ref_500_2,1.85,1.92,481
510,Sys_VAR_ref_500_3,4.65,2.85,481
510,User_VAR_500_1,2.22,3.0,481
510,User_VAR_500_2,3.75,2.0,481
510,User_VAR_500_3,3.75,2.0,481
511,Sys_VAR_ref_500_1,0.85,1.2,481
511,Sys_VAR_ref_500_2,4.65,3.82,481
511,Sys_VAR_ref_500_3,1.85,1.2,481
511,User_VAR_500_1,1.67,1.0,481
511,User_VAR_500_2,0.56,2.0,481
511,User_VAR_500_3,1.67,2.0,481
515,Sys_VAR_ref_500_1,4.65,2.85,481
515,Sys_VAR_ref_500_2,4.65,2.85,481
515,Sys_VAR_ref_500_3,4.65,3.82,481
515,User_VAR_500_1,4.38,3.0,481
515,User_VAR_500_2,5.0,3.0,481
515,User_VAR_500_3,5.0,3.0,481
517,Sys_VAR_ref_500_1,3.85,1.92,481
517,Sys_VAR_ref_500_2,3.45,1.82,481
517,Sys_VAR_ref_500_3,3.85,2.15,481
517,User_VAR_500_1,4.0,1.0,481
517,User_VAR_500_2,4.0,2.0,481
517,User_VAR_500_3,4.17,2.0,481
518,Sys_VAR_ref_500_1,0.12,0.85,481
518,Sys_VAR_ref_500_2,0.82,1.15,481
518,Sys_VAR_ref_500_3,0.85,1.2,481
518,User_VAR_500_1,0.56,1.0,481
518,User_VAR_500_2,0.56,1.0,481
518,User_VAR_500_3,0.0,1.0,481
520,Sys_VAR_ref_500_1,3.85,2.15,488
520,Sys_VAR_ref_500_2,3.65,2.85,488
520,Sys_VAR_ref_500_3,2.85,2.1,488
520,User_VAR_500_1,4.29,2.0,488
520,User_VAR_500_2,5.0,2.0,488
520,User_VAR_500_3,5.0,2.0,488
521,Sys_VAR_ref_500_1,4.85,3.75,488
521,Sys_VAR_ref_500_2,4.98,4.97,488
521,Sys_VAR_ref_500_3,4.85,3.6,488
521,User_VAR_500_1,4.38,4.0,488
521,User_VAR_500_2,4.38,4.0,488
521,User_VAR_500_3,4.38,4.0,488
526,Sys_VAR_ref_500_1,1.85,1.2,488
526,Sys_VAR_ref_500_2,3.85,3.6,488
526,Sys_VAR_ref_500_3,1.85,2.1,488
526,User_VAR_500_1,5.0,1.0,488
526,User_VAR_500_2,2.86,2.0,488
526,User_VAR_500_3,0.0,2.0,488
527,Sys_VAR_ref_500_1,2.85,3.62,488
527,Sys_VAR_ref_500_2,3.85,2.15,488
527,Sys_VAR_ref_500_3,3.85,2.9,488
527,User_VAR_500_1,4.38,3.0,488
527,User_VAR_500_2,0.0,4.0,488
527,User_VAR_500_3,5.0,3.0,488
528,Sys_VAR_ref_500_1,3.85,3.42,488
528,Sys_VAR_ref_500_2,2.15,3.42,488
528,Sys_VAR_ref_500_3,2.85,3.6,488
528,User_VAR_500_1,5.0,3.0,488
528,User_VAR_500_2,5.0,4.0,488
528,User_VAR_500_3,5.0,4.0,488
531,Sys_VAR_ref_500_1,3.85,3.6,499
531,Sys_VAR_ref_500_2,4.15,3.2,499
531,Sys_VAR_ref_500_3,4.12,1.85,499
531,User_VAR_500_1,3.89,3.0,499
531,User_VAR_500_2,3.89,3.0,499
531,User_VAR_500_3,3.89,4.0,499
532,Sys_VAR_ref_500_1,2.85,2.1,499
532,Sys_VAR_ref_500_2,1.85,3.2,499
532,Sys_VAR_ref_500_3,1.85,2.1,499
532,User_VAR_500_1,4.29,2.0,499
532,User_VAR_500_2,4.17,2.0,499
532,User_VAR_500_3,4.17,2.0,499
533,Sys_VAR_ref_500_1,0.0,0.0,499
533,Sys_VAR_ref_500_2,0.0,1.2,499
533,Sys_VAR_ref_500_3,0.0,1.0,499
533,User_VAR_500_1,0.0,2.0,499
533,User_VAR_500_2,0.0,2.0,499
533,User_VAR_500_3,0.0,1.0,499
536,Sys_VAR_ref_500_1,0.15,1.2,499
536,Sys_VAR_ref_500_2,0.85,1.92,499
536,Sys_VAR_ref_500_3,0.12,1.85,499
536,User_VAR_500_1,1.67,1.0,499
536,User_VAR_500_2,1.67,2.0,499
536,User_VAR_500_3,1.67,1.0,499
537,Sys_VAR_ref_500_1,3.85,2.15,499
537,Sys_VAR_ref_500_2,2.15,2.8,499
537,Sys_VAR_ref_500_3,4.12,2.35,499
537,User_VAR_500_1,5.0,3.0,499
537,User_VAR_500_2,3.12,2.0,499
537,User_VAR_500_3,3.12,4.0,499
540,Sys_VAR_ref_500_1,4.12,2.85,529
540,Sys_VAR_ref_500_2,4.12,3.65,529
540,Sys_VAR_ref_500_3,4.25,3.8,529
540,User_VAR_500_1,4.17,4.0,529
540,User_VAR_500_2,4.29,4.0,529
540,User_VAR_500_3,4.38,4.0,529
542,Sys_VAR_ref_500_1,4.65,2.85,529
542,Sys_VAR_ref_500_2,4.85,3.72,529
542,Sys_VAR_ref_500_3,4.85,3.2,529
542,User_VAR_500_1,4.38,4.0,529
542,User_VAR_500_2,4.38,3.0,529
542,User_VAR_500_3,4.38,3.0,529
543,Sys_VAR_ref_500_1,3.85,3.2,529
543,Sys_VAR_ref_500_2,4.62,3.85,529
543,Sys_VAR_ref_500_3,4.12,2.85,529
543,User_VAR_500_1,4.29,4.0,529
543,User_VAR_500_2,4.0,4.0,529
543,User_VAR_500_3,4.29,4.0,529
546,Sys_VAR_ref_500_1,4.85,1.5,529
546,Sys_VAR_ref_500_2,4.12,1.5,529
546,Sys_VAR_ref_500_3,4.15,1.5,529
546,User_VAR_500_1,4.29,2.0,529
546,User_VAR_500_2,4.29,3.0,529
546,User_VAR_500_3,4.29,2.0,529
548,Sys_VAR_ref_500_1,4.85,3.75,529
548,Sys_VAR_ref_500_2,4.25,3.85,529
548,Sys_VAR_ref_500_3,4.12,2.85,529
548,User_VAR_500_1,3.75,4.0,529
548,User_VAR_500_2,3.75,3.0,529
548,User_VAR_500_3,3.75,4.0,529
552,Sys_VAR_ref_500_1,4.65,3.82,535
552,Sys_VAR_ref_500_2,4.85,3.65,535
552,Sys_VAR_ref_500_3,4.85,3.75,535
552,User_VAR_500_1,5.0,4.0,535
552,User_VAR_500_2,4.38,2.0,535
552,User_VAR_500_3,4.38,4.0,535
553,Sys_VAR_ref_500_1,4.65,3.85,535
553,Sys_VAR_ref_500_2,4.65,3.85,535
553,Sys_VAR_ref_500_3,4.65,3.85,535
553,User_VAR_500_1,4.44,4.0,535
553,User_VAR_500_2,4.44,4.0,535
553,User_VAR_500_3,4.44,4.0,535
554,Sys_VAR_ref_500_1,3.85,2.75,535
554,Sys_VAR_ref_500_2,3.85,2.15,535
554,Sys_VAR_ref_500_3,3.85,2.4,535
554,User_VAR_500_1,2.78,1.0,535
554,User_VAR_500_2,2.78,2.0,535
554,User_VAR_500_3,2.78,1.0,535
556,Sys_VAR_ref_500_1,3.82,2.75,535
556,Sys_VAR_ref_500_2,4.15,3.82,535
556,Sys_VAR_ref_500_3,4.12,3.85,535
556,User_VAR_500_1,4.29,4.0,535
556,User_VAR_500_2,4.17,4.0,535
556,User_VAR_500_3,4.29,4.0,535
557,Sys_VAR_ref_500_1,2.85,1.92,535
557,Sys_VAR_ref_500_2,3.45,2.15,535
557,Sys_VAR_ref_500_3,3.65,2.8,535
557,User_VAR_500_1,3.33,1.0,535
557,User_VAR_500_2,3.33,2.0,535
557,User_VAR_500_3,3.75,1.0,535
561,Sys_VAR_ref_500_1,4.85,2.15,554
561,Sys_VAR_ref_500_2,4.85,1.92,554
561,Sys_VAR_ref_500_3,4.15,1.85,554
561,User_VAR_500_1,0.0,2.0,554
561,User_VAR_500_2,0.0,2.0,554
561,User_VAR_500_3,0.0,2.0,554
562,Sys_VAR_ref_500_1,4.92,1.85,554
562,Sys_VAR_ref_500_2,4.92,1.85,554
562,Sys_VAR_ref_500_3,4.85,1.75,554
562,User_VAR_500_1,0.0,2.0,554
562,User_VAR_500_2,0.0,2.0,554
562,User_VAR_500_3,0.0,2.0,554
567,Sys_VAR_ref_500_1,4.85,3.62,554
567,Sys_VAR_ref_500_2,5.0,3.65,554
567,Sys_VAR_ref_500_3,4.85,3.62,554
567,User_VAR_500_1,0.0,4.0,554
567,User_VAR_500_2,0.0,3.0,554
567,User_VAR_500_3,0.0,4.0,554
568,Sys_VAR_ref_500_1,2.85,1.65,554
568,Sys_VAR_ref_500_2,1.85,1.2,554
568,Sys_VAR_ref_500_3,4.15,2.85,554
568,User_VAR_500_1,0.0,3.0,554
568,User_VAR_500_2,0.0,4.0,554
568,User_VAR_500_3,0.0,3.0,554
569,Sys_VAR_ref_500_1,4.85,2.65,554
569,Sys_VAR_ref_500_2,4.85,2.15,554
569,Sys_VAR_ref_500_3,4.85,2.15,554
569,User_VAR_500_1,2.5,2.0,554
569,User_VAR_500_2,2.5,1.0,554
569,User_VAR_500_3,2.5,2.0,554
570,Sys_VAR_ref_500_1,4.85,3.6,567
570,Sys_VAR_ref_500_2,4.65,3.2,567
570,Sys_VAR_ref_500_3,4.85,3.62,567
570,User_VAR_500_1,4.17,2.0,567
570,User_VAR_500_2,4.17,4.0,567
570,User_VAR_500_3,4.17,4.0,567
572,Sys_VAR_ref_500_1,2.15,1.85,567
572,Sys_VAR_ref_500_2,2.85,1.42,567
572,Sys_VAR_ref_500_3,3.85,2.1,567
572,User_VAR_500_1,5.0,2.0,567
572,User_VAR_500_2,3.12,2.0,567
572,User_VAR_500_3,5.0,2.0,567
573,Sys_VAR_ref_500_1,2.15,1.2,567
573,Sys_VAR_ref_500_2,2.85,2.6,567
573,Sys_VAR_ref_500_3,2.85,2.1,567
573,User_VAR_500_1,3.75,3.0,567
573,User_VAR_500_2,3.12,2.0,567
573,User_VAR_500_3,3.12,2.0,567
575,Sys_VAR_ref_500_1,4.85,4.2,567
575,Sys_VAR_ref_500_2,4.82,3.65,567
575,Sys_VAR_ref_500_3,4.82,4.65,567
575,User_VAR_500_1,5.0,4.0,567
575,User_VAR_500_2,5.0,4.0,567
575,User_VAR_500_3,5.0,4.0,567
578,Sys_VAR_ref_500_1,3.82,1.47,567
578,Sys_VAR_ref_500_2,4.85,1.2,567
578,Sys_VAR_ref_500_3,3.85,1.65,567
578,User_VAR_500_1,5.0,2.0,567
578,User_VAR_500_2,5.0,2.0,567
578,User_VAR_500_3,5.0,1.0,567
580,Sys_VAR_ref_500_1,4.85,3.2,575
580,Sys_VAR_ref_500_2,4.65,2.85,575
580,Sys_VAR_ref_500_3,4.85,2.35,575
580,User_VAR_500_1,5.0,2.0,575
580,User_VAR_500_2,5.0,3.0,575
580,User_VAR_500_3,5.0,2.0,575
584,Sys_VAR_ref_500_1,4.65,2.85,575
584,Sys_VAR_ref_500_2,4.85,2.15,575
584,Sys_VAR_ref_500_3,4.85,3.62,575
584,User_VAR_500_1,5.0,4.0,575
584,User_VAR_500_2,5.0,4.0,575
584,User_VAR_500_3,5.0,4.0,575
586,Sys_VAR_ref_500_1,4.25,2.85,575
586,Sys_VAR_ref_500_2,4.65,2.85,575
586,Sys_VAR_ref_500_3,4.85,3.2,575
586,User_VAR_500_1,4.38,3.0,575
586,User_VAR_500_2,4.38,3.0,575
586,User_VAR_500_3,4.38,4.0,575
587,Sys_VAR_ref_500_1,4.85,1.5,575
587,Sys_VAR_ref_500_2,4.12,1.5,575
587,Sys_VAR_ref_500_3,4.65,1.5,575
587,User_VAR_500_1,5.0,3.0,575
587,User_VAR_500_2,5.0,2.0,575
587,User_VAR_500_3,5.0,3.0,575
589,Sys_VAR_ref_500_1,4.25,1.5,575
589,Sys_VAR_ref_500_2,4.12,1.5,575
589,Sys_VAR_ref_500_3,4.85,1.5,575
589,User_VAR_500_1,5.0,2.0,575
589,User_VAR_500_2,5.0,2.0,575
589,User_VAR_500_3,5.0,2.0,575
590,Sys_VAR_ref_500_1,4.15,3.82,585
590,Sys_VAR_ref_500_2,4.12,2.0,585
590,Sys_VAR_ref_500_3,4.85,4.62,585
590,User_VAR_500_1,5.0,2.0,585
590,User_VAR_500_2,5.0,3.0,585
590,User_VAR_500_3,5.0,2.0,585
591,Sys_VAR_ref_500_1,2.15,1.85,585
591,Sys_VAR_ref_500_2,0.85,1.2,585
591,Sys_VAR_ref_500_3,1.25,1.8,585
591,User_VAR_500_1,0.0,2.0,585
591,User_VAR_500_2,2.86,2.0,585
591,User_VAR_500_3,0.0,2.0,585
592,Sys_VAR_ref_500_1,0.15,1.2,585
592,Sys_VAR_ref_500_2,1.85,1.2,585
592,Sys_VAR_ref_500_3,0.12,0.85,585
592,User_VAR_500_1,3.75,2.0,585
592,User_VAR_500_2,0.0,1.0,585
592,User_VAR_500_3,0.0,2.0,585
596,Sys_VAR_ref_500_1,1.85,2.1,585
596,Sys_VAR_ref_500_2,0.85,1.2,585
596,Sys_VAR_ref_500_3,1.15,1.82,585
596,User_VAR_500_1,1.43,2.0,585
596,User_VAR_500_2,1.43,2.0,585
596,User_VAR_500_3,1.43,1.0,585
597,Sys_VAR_ref_500_1,0.0,1.25,585
597,Sys_VAR_ref_500_2,0.0,1.25,585
597,Sys_VAR_ref_500_3,0.0,1.25,585
597,User_VAR_500_1,0.0,1.0,585
597,User_VAR_500_2,0.0,1.0,585
597,User_VAR_500_3,0.0,1.0,585
600,Sys_VAR_ref_500_1,4.12,2.85,590
600,Sys_VAR_ref_500_2,4.85,2.15,590
600,Sys_VAR_ref_500_3,4.85,3.2,590
600,User_VAR_500_1,5.0,3.0,590
600,User_VAR_500_2,5.0,3.0,590
600,User_VAR_500_3,5.0,3.0,590
601,Sys_VAR_ref_500_1,4.65,2.85,590
601,Sys_VAR_ref_500_2,4.15,2.85,590
601,Sys_VAR_ref_500_3,4.65,3.82,590
601,User_VAR_500_1,3.0,3.0,590
601,User_VAR_500_2,3.0,3.0,590
601,User_VAR_500_3,5.0,3.0,590
603,Sys_VAR_ref_500_1,1.85,2.1,590
603,Sys_VAR_ref_500_2,0.12,1.15,590
603,Sys_VAR_ref_500_3,1.25,1.1,590
603,User_VAR_500_1,1.0,1.0,590
603,User_VAR_500_2,1.0,1.0,590
603,User_VAR_500_3,2.5,1.0,590
607,Sys_VAR_ref_500_1,2.85,1.92,590
607,Sys_VAR_ref_500_2,3.42,1.85,590
607,Sys_VAR_ref_500_3,4.15,2.85,590
607,User_VAR_500_1,4.0,2.0,590
607,User_VAR_500_2,4.0,2.0,590
607,User_VAR_500_3,4.0,2.0,590
609,Sys_VAR_ref_500_1,4.65,3.85,590
609,Sys_VAR_ref_500_2,4.85,3.72,590
609,Sys_VAR_ref_500_3,3.85,2.15,590
609,User_VAR_500_1,5.0,3.0,590
609,User_VAR_500_2,5.0,3.0,590
609,User_VAR_500_3,3.75,4.0,590
610,Sys_VAR_ref_500_1,0.0,1.2,605
610,Sys_VAR_ref_500_2,0.12,1.35,605
610,Sys_VAR_ref_500_3,0.12,1.85,605
610,User_VAR_500_1,0.0,1.0,605
610,User_VAR_500_2,0.0,2.0,605
610,User_VAR_500_3,0.0,1.0,605
613,Sys_VAR_ref_500_1,4.25,3.6,605
613,Sys_VAR_ref_500_2,4.65,3.85,605
613,Sys_VAR_ref_500_3,4.85,3.72,605
613,User_VAR_500_1,4.29,2.0,605
613,User_VAR_500_2,4.29,4.0,605
613,User_VAR_500_3,4.38,3.0,605
614,Sys_VAR_ref_500_1,4.25,3.65,605
614,Sys_VAR_ref_500_2,3.65,2.1,605
614,Sys_VAR_ref_500_3,4.25,2.85,605
614,User_VAR_500_1,4.38,3.0,605
614,User_VAR_500_2,4.29,3.0,605
614,User_VAR_500_3,4.29,3.0,605
617,Sys_VAR_ref_500_1,4.12,3.85,605
617,Sys_VAR_ref_500_2,2.85,1.92,605
617,Sys_VAR_ref_500_3,3.42,2.15,605
617,User_VAR_500_1,3.57,1.0,605
617,User_VAR_500_2,4.29,2.0,605
617,User_VAR_500_3,3.75,3.0,605
619,Sys_VAR_ref_500_1,0.15,2.85,605
619,Sys_VAR_ref_500_2,1.25,2.85,605
619,Sys_VAR_ref_500_3,1.25,2.85,605
619,User_VAR_500_1,1.88,3.0,605
619,User_VAR_500_2,1.88,3.0,605
619,User_VAR_500_3,1.88,1.0,605
621,Sys_VAR_ref_500_1,4.65,3.82,606
621,Sys_VAR_ref_500_2,4.15,2.85,606
621,Sys_VAR_ref_500_3,2.85,1.92,606
621,User_VAR_500_1,4.17,4.0,606
621,User_VAR_500_2,4.44,4.0,606
621,User_VAR_500_3,4.44,3.0,606
622,Sys_VAR_ref_500_1,4.15,1.85,606
622,Sys_VAR_ref_500_2,4.15,2.85,606
622,Sys_VAR_ref_500_3,4.85,3.8,606
622,User_VAR_500_1,5.0,4.0,606
622,User_VAR_500_2,4.44,4.0,606
622,User_VAR_500_3,5.0,2.0,606
625,Sys_VAR_ref_500_1,0.0,1.25,606
625,Sys_VAR_ref_500_2,0.0,1.2,606
625,Sys_VAR_ref_500_3,0.0,1.2,606
625,User_VAR_500_1,0.0,1.0,606
625,User_VAR_500_2,0.0,1.0,606
625,User_VAR_500_3,0.0,1.0,606
626,Sys_VAR_ref_500_1,4.85,2.15,606
626,Sys_VAR_ref_500_2,4.85,3.75,606
626,Sys_VAR_ref_500_3,4.85,3.75,606
626,User_VAR_500_1,5.0,2.0,606
626,User_VAR_500_2,5.0,4.0,606
626,User_VAR_500_3,5.0,4.0,606
628,Sys_VAR_ref_500_1,4.85,3.2,606
628,Sys_VAR_ref_500_2,4.65,2.85,606
628,Sys_VAR_ref_500_3,4.15,2.85,606
628,User_VAR_500_1,4.44,4.0,606
628,User_VAR_500_2,5.0,3.0,606
628,User_VAR_500_3,5.0,3.0,606
631,Sys_VAR_ref_500_1,4.65,2.15,626
631,Sys_VAR_ref_500_2,4.65,3.85,626
631,Sys_VAR_ref_500_3,4.65,2.85,626
631,User_VAR_500_1,3.75,4.0,626
631,User_VAR_500_2,5.0,4.0,626
631,User_VAR_500_3,3.75,4.0,626
633,Sys_VAR_ref_500_1,2.85,1.65,626
633,Sys_VAR_ref_500_2,4.85,3.75,626
633,Sys_VAR_ref_500_3,1.85,1.2,626
633,User_VAR_500_1,1.88,3.0,626
633,User_VAR_500_2,3.12,3.0,626
633,User_VAR_500_3,5.0,3.0,626
634,Sys_VAR_ref_500_1,4.92,1.85,626
634,Sys_VAR_ref_500_2,4.85,2.15,626
634,Sys_VAR_ref_500_3,4.85,1.2,626
634,User_VAR_500_1,4.38,2.0,626
634,User_VAR_500_2,5.0,2.0,626
634,User_VAR_500_3,5.0,2.0,626
635,Sys_VAR_ref_500_1,1.25,1.15,626
635,Sys_VAR_ref_500_2,1.85,1.92,626
635,Sys_VAR_ref_500_3,1.85,2.4,626
635,User_VAR_500_1,5.0,2.0,626
635,User_VAR_500_2,0.62,2.0,626
635,User_VAR_500_3,5.0,2.0,626
638,Sys_VAR_ref_500_1,0.12,1.85,626
638,Sys_VAR_ref_500_2,0.85,1.92,626
638,Sys_VAR_ref_500_3,0.0,1.25,626
638,User_VAR_500_1,0.0,2.0,626
638,User_VAR_500_2,0.0,2.0,626
638,User_VAR_500_3,0.0,2.0,626
640,Sys_VAR_ref_500_1,4.65,2.85,632
640,Sys_VAR_ref_500_2,4.85,3.62,632
640,Sys_VAR_ref_500_3,4.65,2.85,632
640,User_VAR_500_1,5.0,3.0,632
640,User_VAR_500_2,5.0,3.0,632
640,User_VAR_500_3,5.0,3.0,632
644,Sys_VAR_ref_500_1,2.85,2.15,632
644,Sys_VAR_ref_500_2,1.85,1.2,632
644,Sys_VAR_ref_500_3,0.85,1.2,632
644,User_VAR_500_1,0.71,2.0,632
644,User_VAR_500_2,0.71,2.0,632
644,User_VAR_500_3,2.86,1.0,632
645,Sys_VAR_ref_500_1,4.85,3.75,632
645,Sys_VAR_ref_500_2,4.85,3.75,632
645,Sys_VAR_ref_500_3,4.85,3.65,632
645,User_VAR_500_1,4.38,4.0,632
645,User_VAR_500_2,4.38,4.0,632
645,User_VAR_500_3,4.38,3.0,632
646,Sys_VAR_ref_500_1,4.85,2.9,632
646,Sys_VAR_ref_500_2,4.85,3.72,632
646,Sys_VAR_ref_500_3,4.85,3.75,632
646,User_VAR_500_1,4.38,2.0,632
646,User_VAR_500_2,4.38,3.0,632
646,User_VAR_500_3,4.38,3.0,632
647,Sys_VAR_ref_500_1,4.85,2.75,632
647,Sys_VAR_ref_500_2,4.13,2.85,632
647,Sys_VAR_ref_500_3,4.15,3.85,632
647,User_VAR_500_1,4.38,2.0,632
647,User_VAR_500_2,4.38,4.0,632
647,User_VAR_500_3,5.0,4.0,632
650,Sys_VAR_ref_500_1,1.85,1.2,633
650,Sys_VAR_ref_500_2,4.25,1.85,633
650,Sys_VAR_ref_500_3,1.85,1.2,633
650,User_VAR_500_1,4.38,1.0,633
650,User_VAR_500_2,1.67,1.0,633
650,User_VAR_500_3,1.25,1.0,633
651,Sys_VAR_ref_500_1,2.85,2.1,633
651,Sys_VAR_ref_500_2,3.85,1.92,633
651,Sys_VAR_ref_500_3,2.85,1.65,633
651,User_VAR_500_1,3.33,2.0,633
651,User_VAR_500_2,5.0,2.0,633
651,User_VAR_500_3,3.33,3.0,633
654,Sys_VAR_ref_500_1,4.85,1.2,633
654,Sys_VAR_ref_500_2,2.85,1.65,633
654,Sys_VAR_ref_500_3,4.12,1.85,633
654,User_VAR_500_1,3.75,2.0,633
654,User_VAR_500_2,5.0,2.0,633
654,User_VAR_500_3,5.0,2.0,633
657,Sys_VAR_ref_500_1,3.85,1.65,633
657,Sys_VAR_ref_500_2,4.12,2.85,633
657,Sys_VAR_ref_500_3,3.45,1.85,633
657,User_VAR_500_1,3.33,4.0,633
657,User_VAR_500_2,3.89,2.0,633
657,User_VAR_500_3,3.33,2.0,633
659,Sys_VAR_ref_500_1,4.65,3.82,633
659,Sys_VAR_ref_500_2,4.65,3.82,633
659,Sys_VAR_ref_500_3,4.85,3.92,633
659,User_VAR_500_1,4.38,4.0,633
659,User_VAR_500_2,5.0,4.0,633
659,User_VAR_500_3,4.38,4.0,633
661,Sys_VAR_ref_500_1,3.85,1.5,634
661,Sys_VAR_ref_500_2,3.85,2.75,634
661,Sys_VAR_ref_500_3,4.12,2.85,634
661,User_VAR_500_1,3.12,2.0,634
661,User_VAR_500_2,3.12,2.0,634
661,User_VAR_500_3,3.12,2.0,634
662,Sys_VAR_ref_500_1,4.65,3.82,634
662,Sys_VAR_ref_500_2,4.15,2.85,634
662,Sys_VAR_ref_500_3,2.85,1.65,634
662,User_VAR_500_1,2.14,2.0,634
662,User_VAR_500_2,5.0,2.0,634
662,User_VAR_500_3,5.0,2.0,634
663,Sys_VAR_ref_500_1,0.85,2.15,634
663,Sys_VAR_ref_500_2,1.85,3.42,634
663,Sys_VAR_ref_500_3,0.85,2.65,634
663,User_VAR_500_1,0.0,2.0,634
663,User_VAR_500_2,0.0,2.0,634
663,User_VAR_500_3,0.0,2.0,634
664,Sys_VAR_ref_500_1,1.85,2.1,634
664,Sys_VAR_ref_500_2,4.85,3.62,634
664,Sys_VAR_ref_500_3,1.85,1.2,634
664,User_VAR_500_1,5.0,4.0,634
664,User_VAR_500_2,2.5,2.0,634
664,User_VAR_500_3,1.11,2.0,634
668,Sys_VAR_ref_500_1,2.85,3.42,634
668,Sys_VAR_ref_500_2,2.85,3.42,634
668,Sys_VAR_ref_500_3,3.85,2.65,634
668,User_VAR_500_1,3.75,3.0,634
668,User_VAR_500_2,3.0,3.0,634
668,User_VAR_500_3,3.75,3.0,634
671,Sys_VAR_ref_500_1,4.15,3.25,645
671,Sys_VAR_ref_500_2,4.35,3.82,645
671,Sys_VAR_ref_500_3,4.85,3.72,645
671,User_VAR_500_1,5.0,3.0,645
671,User_VAR_500_2,3.33,3.0,645
671,User_VAR_500_3,2.5,3.0,645
672,Sys_VAR_ref_500_1,4.65,3.85,645
672,Sys_VAR_ref_500_2,4.65,3.85,645
672,Sys_VAR_ref_500_3,4.65,2.85,645
672,User_VAR_500_1,4.29,3.0,645
672,User_VAR_500_2,4.38,2.0,645
672,User_VAR_500_3,4.29,4.0,645
673,Sys_VAR_ref_500_1,4.65,1.5,645
673,Sys_VAR_ref_500_2,4.85,1.5,645
673,Sys_VAR_ref_500_3,4.15,1.5,645
673,User_VAR_500_1,4.38,3.0,645
673,User_VAR_500_2,4.38,3.0,645
673,User_VAR_500_3,5.0,2.0,645
675,Sys_VAR_ref_500_1,4.35,1.5,645
675,Sys_VAR_ref_500_2,3.42,1.5,645
675,Sys_VAR_ref_500_3,3.85,1.5,645
675,User_VAR_500_1,5.0,2.0,645
675,User_VAR_500_2,5.0,2.0,645
675,User_VAR_500_3,5.0,3.0,645
679,Sys_VAR_ref_500_1,4.65,1.5,645
679,Sys_VAR_ref_500_2,4.15,1.5,645
679,Sys_VAR_ref_500_3,4.65,1.5,645
679,User_VAR_500_1,5.0,2.0,645
679,User_VAR_500_2,5.0,2.0,645
679,User_VAR_500_3,5.0,2.0,645
684,Sys_VAR_ref_500_1,4.65,3.82,654
684,Sys_VAR_ref_500_2,4.65,3.82,654
684,Sys_VAR_ref_500_3,4.65,3.82,654
684,User_VAR_500_1,4.38,4.0,654
684,User_VAR_500_2,5.0,2.0,654
684,User_VAR_500_3,4.38,2.0,654
685,Sys_VAR_ref_500_1,4.65,2.15,654
685,Sys_VAR_ref_500_2,4.65,2.85,654
685,Sys_VAR_ref_500_3,4.65,2.15,654
685,User_VAR_500_1,5.0,3.0,654
685,User_VAR_500_2,5.0,3.0,654
685,User_VAR_500_3,4.38,3.0,654
687,Sys_VAR_ref_500_1,4.85,2.15,654
687,Sys_VAR_ref_500_2,4.65,2.85,654
687,Sys_VAR_ref_500_3,4.65,2.85,654
687,User_VAR_500_1,5.0,3.0,654
687,User_VAR_500_2,5.0,2.0,654
687,User_VAR_500_3,5.0,3.0,654
688,Sys_VAR_ref_500_1,4.85,3.2,654
688,Sys_VAR_ref_500_2,4.85,3.72,654
688,Sys_VAR_ref_500_3,4.85,3.6,654
688,User_VAR_500_1,5.0,5.0,654
688,User_VAR_500_2,5.0,4.0,654
688,User_VAR_500_3,5.0,5.0,654
689,Sys_VAR_ref_500_1,4.85,2.35,654
689,Sys_VAR_ref_500_2,4.85,3.72,654
689,Sys_VAR_ref_500_3,4.85,2.65,654
689,User_VAR_500_1,5.0,4.0,654
689,User_VAR_500_2,5.0,3.0,654
689,User_VAR_500_3,5.0,4.0,654
690,Sys_VAR_ref_500_1,1.85,2.4,679
690,Sys_VAR_ref_500_2,2.85,1.92,679
690,Sys_VAR_ref_500_3,1.84,2.65,679
690,User_VAR_500_1,2.86,2.0,679
690,User_VAR_500_2,2.14,3.0,679
690,User_VAR_500_3,2.14,2.0,679
694,Sys_VAR_ref_500_1,4.12,3.65,679
694,Sys_VAR_ref_500_2,4.85,4.92,679
694,Sys_VAR_ref_500_3,4.85,4.92,679
694,User_VAR_500_1,4.29,3.0,679
694,User_VAR_500_2,4.29,5.0,679
694,User_VAR_500_3,4.29,3.0,679
695,Sys_VAR_ref_500_1,4.65,3.85,679
695,Sys_VAR_ref_500_2,4.85,3.6,679
695,Sys_VAR_ref_500_3,4.65,3.2,679
695,User_VAR_500_1,3.75,4.0,679
695,User_VAR_500_2,3.75,4.0,679
695,User_VAR_500_3,3.75,4.0,679
698,Sys_VAR_ref_500_1,3.85,2.15,679
698,Sys_VAR_ref_500_2,3.85,2.15,679
698,Sys_VAR_ref_500_3,3.45,2.85,679
698,User_VAR_500_1,3.12,4.0,679
698,User_VAR_500_2,3.12,4.0,679
698,User_VAR_500_3,3.12,3.0,679
699,Sys_VAR_ref_500_1,3.85,2.75,679
699,Sys_VAR_ref_500_2,4.12,2.85,679
699,Sys_VAR_ref_500_3,3.85,2.75,679
699,User_VAR_500_1,1.88,4.0,679
699,User_VAR_500_2,2.5,4.0,679
699,User_VAR_500_3,2.5,4.0,679
700,Sys_VAR_ref_500_1,4.85,3.6,687
700,Sys_VAR_ref_500_2,4.85,3.72,687
700,Sys_VAR_ref_500_3,5.0,5.0,687
700,User_VAR_500_1,5.0,5.0,687
700,User_VAR_500_2,5.0,5.0,687
700,User_VAR_500_3,5.0,4.0,687
701,Sys_VAR_ref_500_1,4.85,3.72,687
701,Sys_VAR_ref_500_2,4.85,4.2,687
701,Sys_VAR_ref_500_3,4.85,3.72,687
701,User_VAR_500_1,5.0,4.0,687
701,User_VAR_500_2,5.0,4.0,687
701,User_VAR_500_3,5.0,4.0,687
702,Sys_VAR_ref_500_1,4.35,3.82,687
702,Sys_VAR_ref_500_2,4.85,2.15,687
702,Sys_VAR_ref_500_3,4.85,3.72,687
702,User_VAR_500_1,5.0,4.0,687
702,User_VAR_500_2,5.0,3.0,687
702,User_VAR_500_3,5.0,4.0,687
704,Sys_VAR_ref_500_1,4.85,2.75,687
704,Sys_VAR_ref_500_2,4.85,3.6,687
704,Sys_VAR_ref_500_3,4.85,3.65,687
704,User_VAR_500_1,5.0,4.0,687
704,User_VAR_500_2,5.0,4.0,687
704,User_VAR_500_3,5.0,4.0,687
705,Sys_VAR_ref_500_1,4.85,3.75,687
705,Sys_VAR_ref_500_2,3.82,2.65,687
705,Sys_VAR_ref_500_3,3.85,2.75,687
705,User_VAR_500_1,5.0,3.0,687
705,User_VAR_500_2,3.75,5.0,687
705,User_VAR_500_3,5.0,5.0,687
712,Sys_VAR_ref_500_1,4.85,2.15,730
712,Sys_VAR_ref_500_2,4.85,3.62,730
712,Sys_VAR_ref_500_3,4.65,2.85,730
712,User_VAR_500_1,5.0,4.0,730
712,User_VAR_500_2,0.0,4.0,730
712,User_VAR_500_3,5.0,4.0,730
714,Sys_VAR_ref_500_1,4.12,1.5,730
714,Sys_VAR_ref_500_2,2.85,1.2,730
714,Sys_VAR_ref_500_3,0.15,1.2,730
714,User_VAR_500_1,2.78,1.0,730
714,User_VAR_500_2,2.78,1.0,730
714,User_VAR_500_3,2.78,1.0,730
717,Sys_VAR_ref_500_1,0.12,0.85,730
717,Sys_VAR_ref_500_2,0.0,0.0,730
717,Sys_VAR_ref_500_3,0.12,0.85,730
717,User_VAR_500_1,0.0,1.0,730
717,User_VAR_500_2,0.0,0.0,730
717,User_VAR_500_3,0.0,1.0,730
718,Sys_VAR_ref_500_1,2.15,2.85,730
718,Sys_VAR_ref_500_2,4.85,2.75,730
718,Sys_VAR_ref_500_3,4.15,1.85,730
718,User_VAR_500_1,3.33,2.0,730
718,User_VAR_500_2,3.33,2.0,730
718,User_VAR_500_3,2.5,2.0,730
719,Sys_VAR_ref_500_1,3.85,3.6,730
719,Sys_VAR_ref_500_2,2.85,1.65,730
719,Sys_VAR_ref_500_3,4.65,2.85,730
719,User_VAR_500_1,3.33,2.0,730
719,User_VAR_500_2,3.33,2.0,730
719,User_VAR_500_3,3.33,2.0,730
723,Sys_VAR_ref_500_1,4.12,2.85,743
723,Sys_VAR_ref_500_2,4.85,1.92,743
723,Sys_VAR_ref_500_3,4.85,2.65,743
723,User_VAR_500_1,5.0,2.0,743
723,User_VAR_500_2,3.75,4.0,743
723,User_VAR_500_3,5.0,2.0,743
725,Sys_VAR_ref_500_1,3.85,4.12,743
725,Sys_VAR_ref_500_2,3.82,4.15,743
725,Sys_VAR_ref_500_3,3.85,3.6,743
725,User_VAR_500_1,5.0,3.0,743
725,User_VAR_500_2,5.0,3.0,743
725,User_VAR_500_3,5.0,3.0,743
726,Sys_VAR_ref_500_1,4.85,3.62,743
726,Sys_VAR_ref_500_2,4.85,4.72,743
726,Sys_VAR_ref_500_3,4.85,4.2,743
726,User_VAR_500_1,5.0,4.0,743
726,User_VAR_500_2,5.0,4.0,743
726,User_VAR_500_3,5.0,4.0,743
728,Sys_VAR_ref_500_1,2.85,3.42,743
728,Sys_VAR_ref_500_2,1.85,2.4,743
728,Sys_VAR_ref_500_3,1.85,3.62,743
728,User_VAR_500_1,5.0,3.0,743
728,User_VAR_500_2,3.33,3.0,743
728,User_VAR_500_3,3.33,3.0,743
729,Sys_VAR_ref_500_1,4.85,3.65,743
729,Sys_VAR_ref_500_2,4.85,2.65,743
729,Sys_VAR_ref_500_3,4.85,3.6,743
729,User_VAR_500_1,5.0,4.0,743
729,User_VAR_500_2,5.0,4.0,743
729,User_VAR_500_3,5.0,4.0,743
730,Sys_VAR_ref_500_1,4.85,1.5,746
730,Sys_VAR_ref_500_2,4.15,3.85,746
730,Sys_VAR_ref_500_3,4.85,3.92,746
730,User_VAR_500_1,5.0,2.0,746
730,User_VAR_500_2,5.0,3.0,746
730,User_VAR_500_3,5.0,3.0,746
732,Sys_VAR_ref_500_1,4.65,3.85,746
732,Sys_VAR_ref_500_2,4.65,3.85,746
732,Sys_VAR_ref_500_3,4.65,3.82,746
732,User_VAR_500_1,5.0,4.0,746
732,User_VAR_500_2,5.0,4.0,746
732,User_VAR_500_3,4.29,4.0,746
734,Sys_VAR_ref_500_1,3.85,1.2,746
734,Sys_VAR_ref_500_2,4.85,1.2,746
734,Sys_VAR_ref_500_3,3.85,1.2,746
734,User_VAR_500_1,4.29,4.0,746
734,User_VAR_500_2,4.29,1.0,746
734,User_VAR_500_3,4.29,1.0,746
737,Sys_VAR_ref_500_1,0.15,1.25,746
737,Sys_VAR_ref_500_2,0.12,1.35,746
737,Sys_VAR_ref_500_3,0.12,1.35,746
737,User_VAR_500_1,0.62,1.0,746
737,User_VAR_500_2,1.25,1.0,746
737,User_VAR_500_3,5.0,1.0,746
738,Sys_VAR_ref_500_1,0.0,1.5,746
738,Sys_VAR_ref_500_2,0.15,1.5,746
738,Sys_VAR_ref_500_3,0.0,1.5,746
738,User_VAR_500_1,5.0,2.0,746
738,User_VAR_500_2,5.0,2.0,746
738,User_VAR_500_3,5.0,2.0,746
740,Sys_VAR_ref_500_1,4.15,2.85,755
740,Sys_VAR_ref_500_2,4.12,2.85,755
740,Sys_VAR_ref_500_3,4.85,3.75,755
740,User_VAR_500_1,4.38,3.0,755
740,User_VAR_500_2,4.38,3.0,755
740,User_VAR_500_3,5.0,3.0,755
741,Sys_VAR_ref_500_1,3.85,2.65,755
741,Sys_VAR_ref_500_2,4.12,2.85,755
741,Sys_VAR_ref_500_3,3.85,2.65,755
741,User_VAR_500_1,5.0,4.0,755
741,User_VAR_500_2,5.0,2.0,755
741,User_VAR_500_3,5.0,2.0,755
744,Sys_VAR_ref_500_1,4.65,3.85,755
744,Sys_VAR_ref_500_2,4.85,3.72,755
744,Sys_VAR_ref_500_3,4.65,3.82,755
744,User_VAR_500_1,5.0,3.0,755
744,User_VAR_500_2,0.0,4.0,755
744,User_VAR_500_3,5.0,3.0,755
746,Sys_VAR_ref_500_1,4.65,3.85,755
746,Sys_VAR_ref_500_2,4.12,2.85,755
746,Sys_VAR_ref_500_3,4.12,3.65,755
746,User_VAR_500_1,5.0,3.0,755
746,User_VAR_500_2,5.0,4.0,755
746,User_VAR_500_3,5.0,4.0,755
748,Sys_VAR_ref_500_1,2.85,3.72,755
748,Sys_VAR_ref_500_2,3.42,3.85,755
748,Sys_VAR_ref_500_3,2.85,3.42,755
748,User_VAR_500_1,3.33,4.0,755
748,User_VAR_500_2,4.38,3.0,755
748,User_VAR_500_3,3.75,3.0,755
751,Sys_VAR_ref_500_1,4.15,3.65,756
751,Sys_VAR_ref_500_2,4.65,3.85,756
751,Sys_VAR_ref_500_3,4.35,3.85,756
751,User_VAR_500_1,5.0,4.0,756
751,User_VAR_500_2,5.0,4.0,756
751,User_VAR_500_3,5.0,4.0,756
752,Sys_VAR_ref_500_1,4.12,3.65,756
752,Sys_VAR_ref_500_2,4.65,2.85,756
752,Sys_VAR_ref_500_3,4.65,2.85,756
752,User_VAR_500_1,4.44,4.0,756
752,User_VAR_500_2,3.33,3.0,756
752,User_VAR_500_3,3.57,4.0,756
754,Sys_VAR_ref_500_1,4.15,1.5,756
754,Sys_VAR_ref_500_2,3.42,1.85,756
754,Sys_VAR_ref_500_3,4.85,2.65,756
754,User_VAR_500_1,5.0,2.0,756
754,User_VAR_500_2,3.0,2.0,756
754,User_VAR_500_3,5.0,1.0,756
755,Sys_VAR_ref_500_1,4.12,2.85,756
755,Sys_VAR_ref_500_2,3.42,2.68,756
755,Sys_VAR_ref_500_3,4.15,2.85,756
755,User_VAR_500_1,4.29,3.0,756
755,User_VAR_500_2,4.29,3.0,756
755,User_VAR_500_3,4.29,2.0,756
759,Sys_VAR_ref_500_1,4.85,3.65,756
759,Sys_VAR_ref_500_2,4.65,3.85,756
759,Sys_VAR_ref_500_3,4.15,3.65,756
759,User_VAR_500_1,5.0,4.0,756
759,User_VAR_500_2,5.0,3.0,756
759,User_VAR_500_3,5.0,3.0,756
760,Sys_VAR_ref_500_1,4.92,4.95,806
760,Sys_VAR_ref_500_2,4.85,4.2,806
760,Sys_VAR_ref_500_3,4.65,3.85,806
760,User_VAR_500_1,4.38,4.0,806
760,User_VAR_500_2,4.38,4.0,806
760,User_VAR_500_3,5.0,4.0,806
764,Sys_VAR_ref_500_1,4.85,4.92,806
764,Sys_VAR_ref_500_2,5.0,5.0,806
764,Sys_VAR_ref_500_3,4.85,4.72,806
764,User_VAR_500_1,5.0,5.0,806
764,User_VAR_500_2,5.0,5.0,806
764,User_VAR_500_3,5.0,5.0,806
766,Sys_VAR_ref_500_1,4.82,4.65,806
766,Sys_VAR_ref_500_2,4.12,3.85,806
766,Sys_VAR_ref_500_3,4.25,3.85,806
766,User_VAR_500_1,4.38,4.0,806
766,User_VAR_500_2,4.29,4.0,806
766,User_VAR_500_3,4.29,4.0,806
767,Sys_VAR_ref_500_1,4.25,2.85,806
767,Sys_VAR_ref_500_2,3.85,2.75,806
767,Sys_VAR_ref_500_3,4.15,3.85,806
767,User_VAR_500_1,4.38,4.0,806
767,User_VAR_500_2,4.38,4.0,806
767,User_VAR_500_3,4.38,4.0,806
768,Sys_VAR_ref_500_1,4.85,3.62,806
768,Sys_VAR_ref_500_2,4.85,4.2,806
768,Sys_VAR_ref_500_3,4.85,3.72,806
768,User_VAR_500_1,5.0,4.0,806
768,User_VAR_500_2,5.0,4.0,806
768,User_VAR_500_3,5.0,4.0,806
770,Sys_VAR_ref_500_1,4.12,3.65,810
770,Sys_VAR_ref_500_2,3.85,3.6,810
770,Sys_VAR_ref_500_3,3.85,2.4,810
770,User_VAR_500_1,3.75,3.0,810
770,User_VAR_500_2,4.38,3.0,810
770,User_VAR_500_3,3.75,4.0,810
771,Sys_VAR_ref_500_1,4.95,4.65,810
771,Sys_VAR_ref_500_2,4.92,4.65,810
771,Sys_VAR_ref_500_3,4.95,4.85,810
771,User_VAR_500_1,5.0,4.0,810
771,User_VAR_500_2,5.0,3.0,810
771,User_VAR_500_3,5.0,4.0,810
772,Sys_VAR_ref_500_1,0.15,1.2,810
772,Sys_VAR_ref_500_2,3.85,2.65,810
772,Sys_VAR_ref_500_3,4.65,3.85,810
772,User_VAR_500_1,3.75,3.0,810
772,User_VAR_500_2,3.75,3.0,810
772,User_VAR_500_3,1.88,3.0,810
774,Sys_VAR_ref_500_1,3.65,2.85,810
774,Sys_VAR_ref_500_2,4.25,2.85,810
774,Sys_VAR_ref_500_3,2.85,2.1,810
774,User_VAR_500_1,3.75,3.0,810
774,User_VAR_500_2,3.75,2.0,810
774,User_VAR_500_3,3.75,2.0,810
779,Sys_VAR_ref_500_1,4.65,2.85,810
779,Sys_VAR_ref_500_2,4.65,2.85,810
779,Sys_VAR_ref_500_3,4.65,3.2,810
779,User_VAR_500_1,4.38,5.0,810
779,User_VAR_500_2,5.0,5.0,810
779,User_VAR_500_3,4.38,5.0,810
781,Sys_VAR_ref_500_1,4.12,1.5,819
781,Sys_VAR_ref_500_2,4.12,3.68,819
781,Sys_VAR_ref_500_3,4.85,2.65,819
781,User_VAR_500_1,5.0,3.0,819
781,User_VAR_500_2,5.0,2.0,819
781,User_VAR_500_3,5.0,3.0,819
782,Sys_VAR_ref_500_1,4.15,1.5,819
782,Sys_VAR_ref_500_2,4.12,1.5,819
782,Sys_VAR_ref_500_3,4.35,1.5,819
782,User_VAR_500_1,5.0,2.0,819
782,User_VAR_500_2,5.0,2.0,819
782,User_VAR_500_3,5.0,2.0,819
783,Sys_VAR_ref_500_1,1.85,2.4,819
783,Sys_VAR_ref_500_2,1.85,2.4,819
783,Sys_VAR_ref_500_3,1.85,1.5,819
783,User_VAR_500_1,0.0,2.0,819
783,User_VAR_500_2,0.0,2.0,819
783,User_VAR_500_3,0.0,2.0,819
785,Sys_VAR_ref_500_1,3.65,1.5,819
785,Sys_VAR_ref_500_2,4.12,2.85,819
785,Sys_VAR_ref_500_3,4.15,1.5,819
785,User_VAR_500_1,4.17,2.0,819
785,User_VAR_500_2,4.17,3.0,819
785,User_VAR_500_3,4.17,3.0,819
788,Sys_VAR_ref_500_1,4.12,2.85,819
788,Sys_VAR_ref_500_2,4.85,2.15,819
788,Sys_VAR_ref_500_3,4.85,3.75,819
788,User_VAR_500_1,5.0,3.0,819
788,User_VAR_500_2,5.0,3.0,819
788,User_VAR_500_3,5.0,3.0,819
790,Sys_VAR_ref_500_1,0.85,1.5,836
790,Sys_VAR_ref_500_2,0.0,2.85,836
790,Sys_VAR_ref_500_3,0.15,2.85,836
790,User_VAR_500_1,0.71,2.0,836
790,User_VAR_500_2,0.83,3.0,836
790,User_VAR_500_3,0.0,3.0,836
794,Sys_VAR_ref_500_1,4.85,3.65,836
794,Sys_VAR_ref_500_2,0.0,3.2,836
794,Sys_VAR_ref_500_3,0.15,3.62,836
794,User_VAR_500_1,0.0,3.0,836
794,User_VAR_500_2,0.71,3.0,836
794,User_VAR_500_3,0.71,3.0,836
795,Sys_VAR_ref_500_1,0.0,2.85,836
795,Sys_VAR_ref_500_2,4.85,3.62,836
795,Sys_VAR_ref_500_3,1.25,3.65,836
795,User_VAR_500_1,0.56,3.0,836
795,User_VAR_500_2,0.0,3.0,836
795,User_VAR_500_3,0.0,4.0,836
796,Sys_VAR_ref_500_1,0.0,2.85,836
796,Sys_VAR_ref_500_2,4.85,1.5,836
796,Sys_VAR_ref_500_3,0.0,1.85,836
796,User_VAR_500_1,0.0,3.0,836
796,User_VAR_500_2,0.0,2.0,836
796,User_VAR_500_3,0.0,2.0,836
799,Sys_VAR_ref_500_1,0.0,3.25,836
799,Sys_VAR_ref_500_2,0.0,2.85,836
799,Sys_VAR_ref_500_3,0.0,2.85,836
799,User_VAR_500_1,0.0,2.0,836
799,User_VAR_500_2,0.0,3.0,836
799,User_VAR_500_3,0.0,4.0,836
800,Sys_VAR_ref_500_1,2.85,1.5,903
800,Sys_VAR_ref_500_2,2.15,1.2,903
800,Sys_VAR_ref_500_3,2.15,1.25,903
800,User_VAR_500_1,2.5,1.0,903
800,User_VAR_500_2,2.5,1.0,903
800,User_VAR_500_3,2.5,1.0,903
801,Sys_VAR_ref_500_1,3.85,3.62,903
801,Sys_VAR_ref_500_2,2.85,1.92,903
801,Sys_VAR_ref_500_3,3.85,2.65,903
801,User_VAR_500_1,2.86,4.0,903
801,User_VAR_500_2,2.86,4.0,903
801,User_VAR_500_3,2.86,2.0,903
803,Sys_VAR_ref_500_1,2.15,1.5,903
803,Sys_VAR_ref_500_2,3.42,1.5,903
803,Sys_VAR_ref_500_3,4.35,3.82,903
803,User_VAR_500_1,5.0,2.0,903
803,User_VAR_500_2,3.57,2.0,903
803,User_VAR_500_3,3.57,2.0,903
805,Sys_VAR_ref_500_1,1.85,2.4,903
805,Sys_VAR_ref_500_2,3.85,4.12,903
805,Sys_VAR_ref_500_3,4.15,1.85,903
805,User_VAR_500_1,5.0,2.0,903
805,User_VAR_500_2,3.75,3.0,903
805,User_VAR_500_3,3.33,2.0,903
808,Sys_VAR_ref_500_1,4.85,3.75,903
808,Sys_VAR_ref_500_2,4.15,2.85,903
808,Sys_VAR_ref_500_3,4.72,3.85,903
808,User_VAR_500_1,3.57,1.0,903
808,User_VAR_500_2,5.0,1.0,903
808,User_VAR_500_3,3.57,4.0,903
814,Sys_VAR_ref_500_1,4.12,2.85,917
814,Sys_VAR_ref_500_2,4.12,2.85,917
814,Sys_VAR_ref_500_3,4.65,2.8,917
814,User_VAR_500_1,5.0,2.0,917
814,User_VAR_500_2,5.0,3.0,917
814,User_VAR_500_3,5.0,2.0,917
815,Sys_VAR_ref_500_1,2.85,1.92,917
815,Sys_VAR_ref_500_2,3.85,1.92,917
815,Sys_VAR_ref_500_3,4.12,3.85,917
815,User_VAR_500_1,5.0,3.0,917
815,User_VAR_500_2,5.0,2.0,917
815,User_VAR_500_3,4.29,2.0,917
816,Sys_VAR_ref_500_1,4.12,2.85,917
816,Sys_VAR_ref_500_2,4.12,2.85,917
816,Sys_VAR_ref_500_3,4.12,2.85,917
816,User_VAR_500_1,5.0,2.0,917
816,User_VAR_500_2,4.17,1.0,917
816,User_VAR_500_3,5.0,1.0,917
818,Sys_VAR_ref_500_1,3.85,2.15,917
818,Sys_VAR_ref_500_2,3.85,1.2,917
818,Sys_VAR_ref_500_3,3.85,1.65,917
818,User_VAR_500_1,0.0,3.0,917
818,User_VAR_500_2,3.75,3.0,917
818,User_VAR_500_3,0.0,3.0,917
819,Sys_VAR_ref_500_1,3.85,1.92,917
819,Sys_VAR_ref_500_2,4.65,2.85,917
819,Sys_VAR_ref_500_3,4.12,2.85,917
819,User_VAR_500_1,5.0,3.0,917
819,User_VAR_500_2,5.0,2.0,917
819,User_VAR_500_3,4.38,3.0,917
821,Sys_VAR_ref_500_1,2.85,1.45,919
821,Sys_VAR_ref_500_2,1.85,1.2,919
821,Sys_VAR_ref_500_3,1.85,1.2,919
821,User_VAR_500_1,1.88,1.0,919
821,User_VAR_500_2,2.5,1.0,919
821,User_VAR_500_3,3.12,1.0,919
822,Sys_VAR_ref_500_1,1.85,1.2,919
822,Sys_VAR_ref_500_2,1.85,1.2,919
822,Sys_VAR_ref_500_3,1.85,1.2,919
822,User_VAR_500_1,2.5,1.0,919
822,User_VAR_500_2,2.5,1.0,919
822,User_VAR_500_3,2.5,1.0,919
823,Sys_VAR_ref_500_1,2.85,1.92,919
823,Sys_VAR_ref_500_2,2.85,1.92,919
823,Sys_VAR_ref_500_3,3.15,2.2,919
823,User_VAR_500_1,3.12,2.0,919
823,User_VAR_500_2,2.5,1.0,919
823,User_VAR_500_3,2.78,1.0,919
826,Sys_VAR_ref_500_1,1.85,1.2,919
826,Sys_VAR_ref_500_2,2.15,1.85,919
826,Sys_VAR_ref_500_3,1.85,1.65,919
826,User_VAR_500_1,2.5,1.0,919
826,User_VAR_500_2,2.5,1.0,919
826,User_VAR_500_3,2.5,1.0,919
829,Sys_VAR_ref_500_1,1.25,1.85,919
829,Sys_VAR_ref_500_2,1.85,1.2,919
829,Sys_VAR_ref_500_3,1.25,1.8,919
829,User_VAR_500_1,1.67,2.0,919
829,User_VAR_500_2,1.67,2.0,919
829,User_VAR_500_3,1.11,3.0,919
830,Sys_VAR_ref_500_1,4.15,2.85,920
830,Sys_VAR_ref_500_2,5.0,4.6,920
830,Sys_VAR_ref_500_3,4.85,2.1,920
830,User_VAR_500_1,5.0,4.0,920
830,User_VAR_500_2,5.0,3.0,920
830,User_VAR_500_3,4.38,3.0,920
832,Sys_VAR_ref_500_1,2.85,4.12,920
832,Sys_VAR_ref_500_2,2.85,3.62,920
832,Sys_VAR_ref_500_3,2.85,3.6,920
832,User_VAR_500_1,3.33,4.0,920
832,User_VAR_500_2,3.33,2.0,920
832,User_VAR_500_3,3.33,2.0,920
835,Sys_VAR_ref_500_1,3.45,3.82,920
835,Sys_VAR_ref_500_2,4.15,3.62,920
835,Sys_VAR_ref_500_3,3.85,3.6,920
835,User_VAR_500_1,3.33,3.0,920
835,User_VAR_500_2,3.33,3.0,920
835,User_VAR_500_3,3.33,3.0,920
836,Sys_VAR_ref_500_1,4.85,2.75,920
836,Sys_VAR_ref_500_2,4.65,2.85,920
836,Sys_VAR_ref_500_3,4.15,2.85,920
836,User_VAR_500_1,5.0,3.0,920
836,User_VAR_500_2,5.0,3.0,920
836,User_VAR_500_3,5.0,3.0,920
837,Sys_VAR_ref_500_1,4.98,4.95,920
837,Sys_VAR_ref_500_2,4.65,2.85,920
837,Sys_VAR_ref_500_3,5.0,5.0,920
837,User_VAR_500_1,5.0,4.0,920
837,User_VAR_500_2,4.38,5.0,920
837,User_VAR_500_3,4.38,3.0,920
841,Sys_VAR_ref_500_1,2.85,2.6,922
841,Sys_VAR_ref_500_2,0.85,0.92,922
841,Sys_VAR_ref_500_3,1.85,1.2,922
841,User_VAR_500_1,1.25,1.0,922
841,User_VAR_500_2,0.0,1.0,922
841,User_VAR_500_3,0.0,1.0,922
843,Sys_VAR_ref_500_1,0.45,1.2,922
843,Sys_VAR_ref_500_2,0.85,1.2,922
843,Sys_VAR_ref_500_3,0.15,0.85,922
843,User_VAR_500_1,0.56,1.0,922
843,User_VAR_500_2,0.56,1.0,922
843,User_VAR_500_3,0.71,1.0,922
844,Sys_VAR_ref_500_1,2.85,1.2,922
844,Sys_VAR_ref_500_2,4.15,2.85,922
844,Sys_VAR_ref_500_3,3.85,2.9,922
844,User_VAR_500_1,4.29,2.0,922
844,User_VAR_500_2,4.29,2.0,922
844,User_VAR_500_3,3.89,2.0,922
845,Sys_VAR_ref_500_1,0.0,1.25,922
845,Sys_VAR_ref_500_2,0.0,1.2,922
845,Sys_VAR_ref_500_3,0.0,1.25,922
845,User_VAR_500_1,0.0,1.0,922
845,User_VAR_500_2,0.0,1.0,922
845,User_VAR_500_3,0.56,1.0,922
846,Sys_VAR_ref_500_1,0.85,1.2,922
846,Sys_VAR_ref_500_2,1.25,0.85,922
846,Sys_VAR_ref_500_3,1.85,0.92,922
846,User_VAR_500_1,2.22,1.0,922
846,User_VAR_500_2,0.0,1.0,922
846,User_VAR_500_3,0.83,1.0,922
850,Sys_VAR_ref_500_1,4.15,3.2,928
850,Sys_VAR_ref_500_2,4.15,3.2,928
850,Sys_VAR_ref_500_3,4.85,3.65,928
850,User_VAR_500_1,5.0,4.0,928
850,User_VAR_500_2,4.38,4.0,928
850,User_VAR_500_3,4.38,4.0,928
851,Sys_VAR_ref_500_1,4.65,3.85,928
851,Sys_VAR_ref_500_2,4.65,2.85,928
851,Sys_VAR_ref_500_3,4.65,2.85,928
851,User_VAR_500_1,5.0,4.0,928
851,User_VAR_500_2,5.0,3.0,928
851,User_VAR_500_3,5.0,4.0,928
853,Sys_VAR_ref_500_1,1.85,3.6,928
853,Sys_VAR_ref_500_2,1.42,2.65,928
853,Sys_VAR_ref_500_3,1.42,3.65,928
853,User_VAR_500_1,1.11,3.0,928
853,User_VAR_500_2,1.67,3.0,928
853,User_VAR_500_3,1.11,3.0,928
856,Sys_VAR_ref_500_1,3.42,3.85,928
856,Sys_VAR_ref_500_2,3.42,2.85,928
856,Sys_VAR_ref_500_3,4.65,3.82,928
856,User_VAR_500_1,4.38,4.0,928
856,User_VAR_500_2,4.38,4.0,928
856,User_VAR_500_3,4.38,4.0,928
858,Sys_VAR_ref_500_1,4.65,2.85,928
858,Sys_VAR_ref_500_2,4.65,2.85,928
858,Sys_VAR_ref_500_3,4.65,2.85,928
858,User_VAR_500_1,5.0,3.0,928
858,User_VAR_500_2,5.0,3.0,928
858,User_VAR_500_3,5.0,3.0,928
862,Sys_VAR_ref_500_1,4.85,3.72,931
862,Sys_VAR_ref_500_2,4.85,2.75,931
862,Sys_VAR_ref_500_3,4.85,3.72,931
862,User_VAR_500_1,5.0,4.0,931
862,User_VAR_500_2,5.0,3.0,931
862,User_VAR_500_3,5.0,3.0,931
863,Sys_VAR_ref_500_1,4.85,3.92,931
863,Sys_VAR_ref_500_2,2.85,3.42,931
863,Sys_VAR_ref_500_3,2.15,2.8,931
863,User_VAR_500_1,4.38,4.0,931
863,User_VAR_500_2,5.0,4.0,931
863,User_VAR_500_3,5.0,3.0,931
866,Sys_VAR_ref_500_1,4.85,2.1,931
866,Sys_VAR_ref_500_2,4.65,2.85,931
866,Sys_VAR_ref_500_3,4.85,3.2,931
866,User_VAR_500_1,5.0,2.0,931
866,User_VAR_500_2,3.75,4.0,931
866,User_VAR_500_3,3.75,2.0,931
867,Sys_VAR_ref_500_1,1.85,3.62,931
867,Sys_VAR_ref_500_2,3.85,2.65,931
867,Sys_VAR_ref_500_3,2.85,3.12,931
867,User_VAR_500_1,3.75,3.0,931
867,User_VAR_500_2,3.75,3.0,931
867,User_VAR_500_3,3.75,3.0,931
869,Sys_VAR_ref_500_1,4.12,2.85,931
869,Sys_VAR_ref_500_2,3.82,2.15,931
869,Sys_VAR_ref_500_3,3.85,2.15,931
869,User_VAR_500_1,4.29,2.0,931
869,User_VAR_500_2,4.29,1.0,931
869,User_VAR_500_3,5.0,3.0,931
870,Sys_VAR_ref_500_1,3.85,4.12,943
870,Sys_VAR_ref_500_2,2.85,2.9,943
870,Sys_VAR_ref_500_3,2.85,3.42,943
870,User_VAR_500_1,3.0,3.0,943
870,User_VAR_500_2,2.78,4.0,943
870,User_VAR_500_3,2.78,4.0,943
871,Sys_VAR_ref_500_1,4.65,3.85,943
871,Sys_VAR_ref_500_2,4.85,4.2,943
871,Sys_VAR_ref_500_3,4.85,3.65,943
871,User_VAR_500_1,4.0,4.0,943
871,User_VAR_500_2,4.0,4.0,943
871,User_VAR_500_3,4.0,4.0,943
873,Sys_VAR_ref_500_1,4.85,4.2,943
873,Sys_VAR_ref_500_2,4.85,4.2,943
873,Sys_VAR_ref_500_3,4.85,3.6,943
873,User_VAR_500_1,5.0,4.0,943
873,User_VAR_500_2,5.0,4.0,943
873,User_VAR_500_3,5.0,4.0,943
875,Sys_VAR_ref_500_1,4.65,3.85,943
875,Sys_VAR_ref_500_2,4.85,3.72,943
875,Sys_VAR_ref_500_3,4.85,3.6,943
875,User_VAR_500_1,5.0,4.0,943
875,User_VAR_500_2,3.89,3.0,943
875,User_VAR_500_3,5.0,3.0,943
879,Sys_VAR_ref_500_1,4.92,4.15,943
879,Sys_VAR_ref_500_2,4.85,3.65,943
879,Sys_VAR_ref_500_3,4.68,3.45,943
879,User_VAR_500_1,5.0,4.0,943
879,User_VAR_500_2,5.0,4.0,943
879,User_VAR_500_3,5.0,4.0,943
880,Sys_VAR_ref_500_1,4.85,4.92,952
880,Sys_VAR_ref_500_2,4.85,4.2,952
880,Sys_VAR_ref_500_3,4.92,4.95,952
880,User_VAR_500_1,5.0,5.0,952
880,User_VAR_500_2,5.0,5.0,952
880,User_VAR_500_3,5.0,5.0,952
884,Sys_VAR_ref_500_1,0.05,4.82,952
884,Sys_VAR_ref_500_2,3.85,2.9,952
884,Sys_VAR_ref_500_3,0.05,4.82,952
884,User_VAR_500_1,0.0,4.0,952
884,User_VAR_500_2,0.0,5.0,952
884,User_VAR_500_3,0.0,5.0,952
885,Sys_VAR_ref_500_1,4.85,3.62,952
885,Sys_VAR_ref_500_2,4.85,3.65,952
885,Sys_VAR_ref_500_3,4.85,3.6,952
885,User_VAR_500_1,5.0,4.0,952
885,User_VAR_500_2,5.0,4.0,952
885,User_VAR_500_3,5.0,4.0,952
886,Sys_VAR_ref_500_1,4.85,4.62,952
886,Sys_VAR_ref_500_2,4.95,4.98,952
886,Sys_VAR_ref_500_3,4.15,3.65,952
886,User_VAR_500_1,5.0,4.0,952
886,User_VAR_500_2,5.0,4.0,952
886,User_VAR_500_3,5.0,4.0,952
889,Sys_VAR_ref_500_1,4.85,3.65,952
889,Sys_VAR_ref_500_2,4.92,4.85,952
889,Sys_VAR_ref_500_3,4.92,4.85,952
889,User_VAR_500_1,5.0,5.0,952
889,User_VAR_500_2,5.0,5.0,952
889,User_VAR_500_3,5.0,5.0,952
894,Sys_VAR_ref_500_1,4.65,3.85,960
894,Sys_VAR_ref_500_2,4.85,3.2,960
894,Sys_VAR_ref_500_3,4.85,4.2,960
894,User_VAR_500_1,5.0,4.0,960
894,User_VAR_500_2,5.0,4.0,960
894,User_VAR_500_3,5.0,4.0,960
895,Sys_VAR_ref_500_1,4.85,3.75,960
895,Sys_VAR_ref_500_2,4.85,3.72,960
895,Sys_VAR_ref_500_3,4.85,3.75,960
895,User_VAR_500_1,5.0,4.0,960
895,User_VAR_500_2,5.0,4.0,960
895,User_VAR_500_3,5.0,4.0,960
896,Sys_VAR_ref_500_1,4.65,2.85,960
896,Sys_VAR_ref_500_2,4.85,3.2,960
896,Sys_VAR_ref_500_3,4.65,3.82,960
896,User_VAR_500_1,5.0,4.0,960
896,User_VAR_500_2,5.0,4.0,960
896,User_VAR_500_3,5.0,4.0,960
898,Sys_VAR_ref_500_1,4.65,3.8,960
898,Sys_VAR_ref_500_2,4.85,3.75,960
898,Sys_VAR_ref_500_3,4.65,3.85,960
898,User_VAR_500_1,5.0,3.0,960
898,User_VAR_500_2,5.0,4.0,960
898,User_VAR_500_3,5.0,4.0,960
899,Sys_VAR_ref_500_1,4.85,3.65,960
899,Sys_VAR_ref_500_2,4.65,3.85,960
899,Sys_VAR_ref_500_3,4.65,3.82,960
899,User_VAR_500_1,5.0,4.0,960
899,User_VAR_500_2,4.29,4.0,960
899,User_VAR_500_3,4.29,4.0,960
900,Sys_VAR_ref_500_1,2.85,3.4,962
900,Sys_VAR_ref_500_2,2.85,2.1,962
900,Sys_VAR_ref_500_3,2.85,2.1,962
900,User_VAR_500_1,3.75,2.0,962
900,User_VAR_500_2,4.38,3.0,962
900,User_VAR_500_3,4.38,2.0,962
901,Sys_VAR_ref_500_1,4.85,3.72,962
901,Sys_VAR_ref_500_2,4.15,3.85,962
901,Sys_VAR_ref_500_3,4.85,4.62,962
901,User_VAR_500_1,4.44,4.0,962
901,User_VAR_500_2,5.0,4.0,962
901,User_VAR_500_3,4.44,4.0,962
902,Sys_VAR_ref_500_1,4.65,3.85,962
902,Sys_VAR_ref_500_2,4.85,2.15,962
902,Sys_VAR_ref_500_3,4.85,3.2,962
902,User_VAR_500_1,5.0,4.0,962
902,User_VAR_500_2,5.0,4.0,962
902,User_VAR_500_3,5.0,4.0,962
905,Sys_VAR_ref_500_1,4.12,3.85,962
905,Sys_VAR_ref_500_2,4.35,3.82,962
905,Sys_VAR_ref_500_3,3.85,4.12,962
905,User_VAR_500_1,5.0,4.0,962
905,User_VAR_500_2,5.0,4.0,962
905,User_VAR_500_3,3.75,4.0,962
907,Sys_VAR_ref_500_1,4.85,3.6,962
907,Sys_VAR_ref_500_2,4.85,3.62,962
907,Sys_VAR_ref_500_3,4.65,3.85,962
907,User_VAR_500_1,5.0,4.0,962
907,User_VAR_500_2,5.0,4.0,962
907,User_VAR_500_3,5.0,4.0,962
910,Sys_VAR_ref_500_1,3.85,1.42,968
910,Sys_VAR_ref_500_2,4.85,1.5,968
910,Sys_VAR_ref_500_3,4.12,1.5,968
910,User_VAR_500_1,5.0,2.0,968
910,User_VAR_500_2,5.0,2.0,968
910,User_VAR_500_3,5.0,2.0,968
914,Sys_VAR_ref_500_1,4.15,3.85,968
914,Sys_VAR_ref_500_2,4.82,3.65,968
914,Sys_VAR_ref_500_3,3.85,3.62,968
914,User_VAR_500_1,4.17,4.0,968
914,User_VAR_500_2,4.29,4.0,968
914,User_VAR_500_3,4.29,4.0,968
917,Sys_VAR_ref_500_1,4.65,2.85,968
917,Sys_VAR_ref_500_2,4.85,3.6,968
917,Sys_VAR_ref_500_3,4.85,3.6,968
917,User_VAR_500_1,5.0,4.0,968
917,User_VAR_500_2,5.0,4.0,968
917,User_VAR_500_3,5.0,4.0,968
918,Sys_VAR_ref_500_1,4.65,3.85,968
918,Sys_VAR_ref_500_2,4.85,3.62,968
918,Sys_VAR_ref_500_3,4.85,3.2,968
918,User_VAR_500_1,5.0,4.0,968
918,User_VAR_500_2,5.0,4.0,968
918,User_VAR_500_3,5.0,4.0,968
919,Sys_VAR_ref_500_1,4.85,3.65,968
919,Sys_VAR_ref_500_2,4.85,4.2,968
919,Sys_VAR_ref_500_3,4.85,3.65,968
919,User_VAR_500_1,5.0,4.0,968
919,User_VAR_500_2,5.0,4.0,968
919,User_VAR_500_3,5.0,4.0,968
923,Sys_VAR_ref_500_1,4.85,2.15,971
923,Sys_VAR_ref_500_2,4.85,2.15,971
923,Sys_VAR_ref_500_3,4.65,2.85,971
923,User_VAR_500_1,5.0,2.0,971
923,User_VAR_500_2,5.0,3.0,971
923,User_VAR_500_3,5.0,3.0,971
924,Sys_VAR_ref_500_1,4.15,2.85,971
924,Sys_VAR_ref_500_2,3.85,2.15,971
924,Sys_VAR_ref_500_3,3.85,1.65,971
924,User_VAR_500_1,4.38,4.0,971
924,User_VAR_500_2,4.38,2.0,971
924,User_VAR_500_3,4.38,4.0,971
925,Sys_VAR_ref_500_1,3.85,1.2,971
925,Sys_VAR_ref_500_2,2.85,1.42,971
925,Sys_VAR_ref_500_3,1.85,1.2,971
925,User_VAR_500_1,1.88,2.0,971
925,User_VAR_500_2,3.75,2.0,971
925,User_VAR_500_3,3.75,2.0,971
926,Sys_VAR_ref_500_1,4.92,4.85,971
926,Sys_VAR_ref_500_2,4.85,3.65,971
926,Sys_VAR_ref_500_3,4.82,3.65,971
926,User_VAR_500_1,5.0,4.0,971
926,User_VAR_500_2,5.0,5.0,971
926,User_VAR_500_3,5.0,4.0,971
928,Sys_VAR_ref_500_1,4.65,2.85,971
928,Sys_VAR_ref_500_2,4.85,3.2,971
928,Sys_VAR_ref_500_3,4.85,3.65,971
928,User_VAR_500_1,5.0,2.0,971
928,User_VAR_500_2,5.0,2.0,971
928,User_VAR_500_3,5.0,2.0,971
931,Sys_VAR_ref_500_1,4.65,3.85,972
931,Sys_VAR_ref_500_2,4.85,3.7,972
931,Sys_VAR_ref_500_3,4.65,3.85,972
931,User_VAR_500_1,5.0,2.0,972
931,User_VAR_500_2,5.0,2.0,972
931,User_VAR_500_3,5.0,1.0,972
934,Sys_VAR_ref_500_1,4.65,3.85,972
934,Sys_VAR_ref_500_2,4.85,4.62,972
934,Sys_VAR_ref_500_3,4.85,3.92,972
934,User_VAR_500_1,5.0,3.0,972
934,User_VAR_500_2,5.0,4.0,972
934,User_VAR_500_3,5.0,4.0,972
936,Sys_VAR_ref_500_1,4.12,1.85,972
936,Sys_VAR_ref_500_2,3.85,1.2,972
936,Sys_VAR_ref_500_3,4.15,1.85,972
936,User_VAR_500_1,5.0,1.0,972
936,User_VAR_500_2,4.44,1.0,972
936,User_VAR_500_3,4.38,1.0,972
938,Sys_VAR_ref_500_1,4.65,3.85,972
938,Sys_VAR_ref_500_2,4.85,3.2,972
938,Sys_VAR_ref_500_3,4.65,3.85,972
938,User_VAR_500_1,5.0,4.0,972
938,User_VAR_500_2,4.44,4.0,972
938,User_VAR_500_3,5.0,4.0,972
939,Sys_VAR_ref_500_1,4.85,1.2,972
939,Sys_VAR_ref_500_2,3.85,1.5,972
939,Sys_VAR_ref_500_3,4.85,1.5,972
939,User_VAR_500_1,5.0,2.0,972
939,User_VAR_500_2,5.0,2.0,972
939,User_VAR_500_3,5.0,2.0,972
940,Sys_VAR_ref_500_1,3.42,1.5,981
940,Sys_VAR_ref_500_2,3.42,1.5,981
940,Sys_VAR_ref_500_3,3.85,1.5,981
940,User_VAR_500_1,4.29,2.0,981
940,User_VAR_500_2,4.29,2.0,981
940,User_VAR_500_3,4.29,2.0,981
944,Sys_VAR_ref_500_1,4.12,2.0,981
944,Sys_VAR_ref_500_2,3.82,2.0,981
944,Sys_VAR_ref_500_3,3.85,2.0,981
944,User_VAR_500_1,3.33,2.0,981
944,User_VAR_500_2,3.33,2.0,981
944,User_VAR_500_3,5.0,2.0,981
946,Sys_VAR_ref_500_1,4.15,1.5,981
946,Sys_VAR_ref_500_2,3.65,1.5,981
946,Sys_VAR_ref_500_3,4.12,1.5,981
946,User_VAR_500_1,5.0,2.0,981
946,User_VAR_500_2,5.0,3.0,981
946,User_VAR_500_3,3.57,2.0,981
948,Sys_VAR_ref_500_1,3.42,1.5,981
948,Sys_VAR_ref_500_2,3.85,1.5,981
948,Sys_VAR_ref_500_3,4.12,1.5,981
948,User_VAR_500_1,3.33,1.0,981
948,User_VAR_500_2,3.33,1.0,981
948,User_VAR_500_3,3.33,1.0,981
949,Sys_VAR_ref_500_1,3.82,1.5,981
949,Sys_VAR_ref_500_2,3.42,1.5,981
949,Sys_VAR_ref_500_3,2.85,1.5,981
949,User_VAR_500_1,2.14,2.0,981
949,User_VAR_500_2,3.12,2.0,981
949,User_VAR_500_3,4.17,3.0,981
950,Sys_VAR_ref_500_1,3.42,1.15,982
950,Sys_VAR_ref_500_2,3.85,1.5,982
950,Sys_VAR_ref_500_3,2.15,1.5,982
950,User_VAR_500_1,3.12,1.0,982
950,User_VAR_500_2,3.12,1.0,982
950,User_VAR_500_3,3.12,1.0,982
953,Sys_VAR_ref_500_1,2.85,2.1,982
953,Sys_VAR_ref_500_2,3.65,1.5,982
953,Sys_VAR_ref_500_3,2.85,1.42,982
953,User_VAR_500_1,2.86,2.0,982
953,User_VAR_500_2,3.57,2.0,982
953,User_VAR_500_3,2.86,2.0,982
955,Sys_VAR_ref_500_1,2.85,1.5,982
955,Sys_VAR_ref_500_2,0.85,0.92,982
955,Sys_VAR_ref_500_3,1.85,1.2,982
955,User_VAR_500_1,0.0,1.0,982
955,User_VAR_500_2,2.5,1.0,982
955,User_VAR_500_3,2.5,1.0,982
958,Sys_VAR_ref_500_1,2.85,2.0,982
958,Sys_VAR_ref_500_2,1.85,2.0,982
958,Sys_VAR_ref_500_3,2.85,1.42,982
958,User_VAR_500_1,3.57,1.0,982
958,User_VAR_500_2,3.57,1.0,982
958,User_VAR_500_3,3.57,1.0,982
959,Sys_VAR_ref_500_1,1.25,1.5,982
959,Sys_VAR_ref_500_2,1.24,1.5,982
959,Sys_VAR_ref_500_3,1.25,1.5,982
959,User_VAR_500_1,1.88,2.0,982
959,User_VAR_500_2,1.88,2.0,982
959,User_VAR_500_3,1.88,2.0,982
961,Sys_VAR_ref_500_1,4.12,3.85,983
961,Sys_VAR_ref_500_2,3.65,2.85,983
961,Sys_VAR_ref_500_3,4.85,3.92,983
961,User_VAR_500_1,5.0,4.0,983
961,User_VAR_500_2,0.0,3.0,983
961,User_VAR_500_3,5.0,4.0,983
962,Sys_VAR_ref_500_1,4.12,2.85,983
962,Sys_VAR_ref_500_2,3.82,2.15,983
962,Sys_VAR_ref_500_3,4.12,3.65,983
962,User_VAR_500_1,5.0,3.0,983
962,User_VAR_500_2,5.0,3.0,983
962,User_VAR_500_3,5.0,4.0,983
965,Sys_VAR_ref_500_1,4.12,1.5,983
965,Sys_VAR_ref_500_2,4.85,3.72,983
965,Sys_VAR_ref_500_3,4.35,3.82,983
965,User_VAR_500_1,5.0,2.0,983
965,User_VAR_500_2,5.0,3.0,983
965,User_VAR_500_3,5.0,3.0,983
968,Sys_VAR_ref_500_1,2.85,1.65,983
968,Sys_VAR_ref_500_2,3.42,1.5,983
968,Sys_VAR_ref_500_3,3.65,1.5,983
968,User_VAR_500_1,5.0,2.0,983
968,User_VAR_500_2,5.0,2.0,983
968,User_VAR_500_3,5.0,2.0,983
969,Sys_VAR_ref_500_1,4.65,3.0,983
969,Sys_VAR_ref_500_2,4.65,3.0,983
969,Sys_VAR_ref_500_3,4.85,3.0,983
969,User_VAR_500_1,5.0,4.0,983
969,User_VAR_500_2,5.0,3.0,983
969,User_VAR_500_3,5.0,4.0,983
972,Sys_VAR_ref_500_1,0.0,3.85,985
972,Sys_VAR_ref_500_2,0.15,3.85,985
972,Sys_VAR_ref_500_3,0.0,4.92,985
972,User_VAR_500_1,0.0,5.0,985
972,User_VAR_500_2,0.0,5.0,985
972,User_VAR_500_3,0.0,5.0,985
973,Sys_VAR_ref_500_1,4.92,4.95,985
973,Sys_VAR_ref_500_2,4.82,4.65,985
973,Sys_VAR_ref_500_3,4.12,3.85,985
973,User_VAR_500_1,5.0,5.0,985
973,User_VAR_500_2,5.0,5.0,985
973,User_VAR_500_3,3.0,5.0,985
974,Sys_VAR_ref_500_1,4.65,3.85,985
974,Sys_VAR_ref_500_2,4.85,3.65,985
974,Sys_VAR_ref_500_3,4.85,4.62,985
974,User_VAR_500_1,5.0,4.0,985
974,User_VAR_500_2,5.0,4.0,985
974,User_VAR_500_3,5.0,4.0,985
976,Sys_VAR_ref_500_1,2.85,3.6,985
976,Sys_VAR_ref_500_2,2.85,3.62,985
976,Sys_VAR_ref_500_3,2.85,3.6,985
976,User_VAR_500_1,3.0,5.0,985
976,User_VAR_500_2,3.0,4.0,985
976,User_VAR_500_3,3.0,5.0,985
978,Sys_VAR_ref_500_1,4.62,3.85,985
978,Sys_VAR_ref_500_2,4.85,4.92,985
978,Sys_VAR_ref_500_3,4.85,4.92,985
978,User_VAR_500_1,5.0,4.0,985
978,User_VAR_500_2,5.0,4.0,985
978,User_VAR_500_3,5.0,5.0,985
981,Sys_VAR_ref_500_1,4.65,4.12,991
981,Sys_VAR_ref_500_2,4.65,3.85,991
981,Sys_VAR_ref_500_3,4.65,4.12,991
981,User_VAR_500_1,4.44,4.0,991
981,User_VAR_500_2,4.44,4.0,991
981,User_VAR_500_3,4.44,4.0,991
982,Sys_VAR_ref_500_1,4.92,4.85,991
982,Sys_VAR_ref_500_2,4.92,4.85,991
982,Sys_VAR_ref_500_3,4.68,3.42,991
982,User_VAR_500_1,5.0,5.0,991
982,User_VAR_500_2,5.0,5.0,991
982,User_VAR_500_3,5.0,3.0,991
983,Sys_VAR_ref_500_1,4.35,2.85,991
983,Sys_VAR_ref_500_2,4.85,4.2,991
983,Sys_VAR_ref_500_3,4.85,4.72,991
983,User_VAR_500_1,5.0,4.0,991
983,User_VAR_500_2,5.0,4.0,991
983,User_VAR_500_3,5.0,4.0,991
984,Sys_VAR_ref_500_1,4.15,3.85,991
984,Sys_VAR_ref_500_2,4.65,4.72,991
984,Sys_VAR_ref_500_3,4.65,3.85,991
984,User_VAR_500_1,4.44,4.0,991
984,User_VAR_500_2,4.44,4.0,991
984,User_VAR_500_3,4.44,4.0,991
988,Sys_VAR_ref_500_1,4.92,4.85,991
988,Sys_VAR_ref_500_2,4.65,3.85,991
988,Sys_VAR_ref_500_3,4.92,4.85,991
988,User_VAR_500_1,5.0,5.0,991
988,User_VAR_500_2,5.0,3.0,991
988,User_VAR_500_3,5.0,3.0,991
992,Sys_VAR_ref_500_1,3.85,2.15,999
992,Sys_VAR_ref_500_2,4.65,2.85,999
992,Sys_VAR_ref_500_3,4.65,3.85,999
992,User_VAR_500_1,5.0,3.0,999
992,User_VAR_500_2,5.0,3.0,999
992,User_VAR_500_3,5.0,3.0,999
993,Sys_VAR_ref_500_1,4.85,4.92,999
993,Sys_VAR_ref_500_2,4.92,4.98,999
993,Sys_VAR_ref_500_3,4.85,4.6,999
993,User_VAR_500_1,5.0,3.0,999
993,User_VAR_500_2,5.0,3.0,999
993,User_VAR_500_3,5.0,5.0,999
994,Sys_VAR_ref_500_1,4.35,2.8,999
994,Sys_VAR_ref_500_2,4.65,3.85,999
994,Sys_VAR_ref_500_3,4.65,2.85,999
994,User_VAR_500_1,5.0,4.0,999
994,User_VAR_500_2,5.0,3.0,999
994,User_VAR_500_3,4.29,4.0,999
996,Sys_VAR_ref_500_1,4.85,3.92,999
996,Sys_VAR_ref_500_2,4.85,3.6,999
996,Sys_VAR_ref_500_3,4.15,2.35,999
996,User_VAR_500_1,5.0,4.0,999
996,User_VAR_500_2,5.0,3.0,999
996,User_VAR_500_3,5.0,3.0,999
997,Sys_VAR_ref_500_1,0.15,1.5,999
997,Sys_VAR_ref_500_2,0.0,1.5,999
997,Sys_VAR_ref_500_3,1.25,1.5,999
997,User_VAR_500_1,0.0,1.0,999
997,User_VAR_500_2,1.67,1.0,999
997,User_VAR_500_3,1.67,3.0,999
