source,class_id,alignment_norm,artifact_norm,composite_product_classmean,composite_harmonic_classmean,vendi_ratio,vendi_ratio_train,composite_product_classmean_x_vendi_ratio,composite_product_classmean_x_vendi_ratio_train,composite_harmonic_classmean_x_vendi_ratio,composite_harmonic_classmean_x_vendi_ratio_train
Sys_IMFfdloss_ref_1,4,0.92,0.72,0.66,0.81,1.11,0.99,0.73,0.65,0.89,0.79
Sys_IMFfdloss_ref_1,7,0.8,0.49,0.39,0.57,0.52,0.77,0.21,0.3,0.3,0.44
Sys_IMFfdloss_ref_1,10,0.89,0.65,0.61,0.74,0.96,1.04,0.59,0.63,0.71,0.76
Sys_IMFfdloss_ref_1,25,0.76,0.5,0.38,0.58,1.11,0.83,0.43,0.32,0.64,0.48
Sys_IMFfdloss_ref_1,35,0.74,0.62,0.46,0.65,1.04,0.86,0.48,0.4,0.68,0.56
Sys_IMFfdloss_ref_1,39,0.85,0.52,0.46,0.61,0.8,0.94,0.37,0.43,0.49,0.57
Sys_IMFfdloss_ref_1,49,0.87,0.63,0.56,0.73,0.97,0.96,0.54,0.54,0.7,0.7
Sys_IMFfdloss_ref_1,51,0.95,0.79,0.76,0.84,0.85,0.93,0.65,0.7,0.72,0.78
Sys_IMFfdloss_ref_1,52,0.76,0.81,0.63,0.77,2.32,0.98,1.46,0.62,1.78,0.75
Sys_IMFfdloss_ref_1,64,0.67,0.62,0.45,0.64,1.27,1.01,0.57,0.45,0.82,0.65
Sys_IMFfdloss_ref_1,80,0.86,0.45,0.4,0.57,0.39,0.64,0.16,0.26,0.23,0.37
Sys_IMFfdloss_ref_1,97,0.85,0.44,0.39,0.55,1.29,0.76,0.5,0.3,0.7,0.42
Sys_IMFfdloss_ref_1,106,0.86,0.49,0.41,0.6,2.69,0.82,1.11,0.34,1.61,0.49
Sys_IMFfdloss_ref_1,116,0.86,0.73,0.65,0.78,0.42,0.7,0.27,0.45,0.32,0.54
Sys_IMFfdloss_ref_1,118,0.77,0.67,0.53,0.71,1.17,0.85,0.62,0.45,0.83,0.6
Sys_IMFfdloss_ref_1,129,0.82,0.42,0.35,0.54,0.77,1.18,0.27,0.41,0.42,0.64
Sys_IMFfdloss_ref_1,144,0.86,0.53,0.48,0.62,1.03,0.92,0.49,0.44,0.64,0.57
Sys_IMFfdloss_ref_1,147,0.91,0.7,0.64,0.78,1.14,1.03,0.73,0.66,0.89,0.8
Sys_IMFfdloss_ref_1,150,0.7,0.45,0.35,0.54,1.66,1.13,0.58,0.39,0.9,0.61
Sys_IMFfdloss_ref_1,156,0.87,0.3,0.26,0.45,0.57,0.98,0.15,0.26,0.26,0.44
Sys_IMFfdloss_ref_1,159,0.74,0.45,0.36,0.55,1.05,0.97,0.38,0.35,0.57,0.53
Sys_IMFfdloss_ref_1,281,0.9,0.35,0.32,0.5,1.64,0.94,0.52,0.3,0.81,0.47
Sys_IMFfdloss_ref_1,300,0.94,0.82,0.78,0.87,0.55,0.94,0.43,0.73,0.48,0.82
Sys_IMFfdloss_ref_1,322,0.76,0.77,0.59,0.75,0.74,0.83,0.44,0.49,0.56,0.62
Sys_IMFfdloss_ref_1,330,0.72,0.52,0.39,0.6,0.37,0.99,0.14,0.39,0.22,0.59
Sys_IMFfdloss_ref_1,333,0.81,0.37,0.31,0.5,1.11,1.01,0.34,0.31,0.56,0.51
Sys_IMFfdloss_ref_1,339,0.86,0.56,0.49,0.68,1.73,1.01,0.84,0.49,1.17,0.68
Sys_IMFfdloss_ref_1,347,0.9,0.57,0.53,0.67,0.55,0.89,0.29,0.47,0.37,0.6
Sys_IMFfdloss_ref_1,356,0.86,0.73,0.68,0.78,1.42,0.93,0.96,0.63,1.11,0.73
Sys_IMFfdloss_ref_1,365,0.91,0.41,0.38,0.56,0.93,0.88,0.35,0.33,0.52,0.49
Sys_IMFfdloss_ref_1,370,0.96,0.9,0.87,0.93,0.88,0.98,0.77,0.85,0.82,0.9
Sys_IMFfdloss_ref_1,389,0.33,0.47,0.16,0.38,2.23,0.9,0.36,0.14,0.85,0.34
Sys_IMFfdloss_ref_1,392,0.71,0.58,0.42,0.62,0.47,1.16,0.2,0.49,0.29,0.71
Sys_IMFfdloss_ref_1,394,0.8,0.54,0.45,0.64,2.12,1.0,0.95,0.44,1.35,0.63
Sys_IMFfdloss_ref_1,396,0.76,0.69,0.57,0.72,0.23,0.97,0.13,0.56,0.17,0.69
Sys_IMFfdloss_ref_1,400,0.77,0.6,0.5,0.66,0.22,0.69,0.11,0.34,0.15,0.46
Sys_IMFfdloss_ref_1,405,0.69,0.56,0.42,0.61,0.56,1.01,0.23,0.42,0.34,0.62
Sys_IMFfdloss_ref_1,406,0.81,0.54,0.45,0.63,1.35,0.8,0.6,0.36,0.85,0.51
Sys_IMFfdloss_ref_1,413,0.76,0.61,0.54,0.67,0.41,0.93,0.22,0.5,0.27,0.62
Sys_IMFfdloss_ref_1,415,0.61,0.57,0.32,0.44,1.01,0.91,0.33,0.3,0.45,0.4
Sys_IMFfdloss_ref_1,419,0.93,0.45,0.41,0.58,1.4,1.01,0.58,0.42,0.81,0.59
Sys_IMFfdloss_ref_1,421,0.64,0.71,0.47,0.6,1.84,0.8,0.86,0.37,1.11,0.48
Sys_IMFfdloss_ref_1,426,0.45,0.39,0.18,0.41,1.48,1.03,0.26,0.18,0.6,0.42
Sys_IMFfdloss_ref_1,429,0.74,0.64,0.51,0.68,0.46,0.96,0.23,0.49,0.31,0.65
Sys_IMFfdloss_ref_1,432,0.9,0.59,0.53,0.71,1.07,0.92,0.57,0.49,0.76,0.66
Sys_IMFfdloss_ref_1,443,0.96,0.71,0.69,0.82,0.25,0.76,0.17,0.53,0.2,0.62
Sys_IMFfdloss_ref_1,446,0.84,0.59,0.52,0.69,1.36,0.92,0.7,0.47,0.95,0.64
Sys_IMFfdloss_ref_1,453,0.93,0.66,0.62,0.77,0.59,0.83,0.36,0.51,0.45,0.64
Sys_IMFfdloss_ref_1,461,0.92,0.73,0.67,0.81,0.4,0.72,0.27,0.48,0.33,0.58
Sys_IMFfdloss_ref_1,477,0.52,0.57,0.31,0.47,2.62,0.84,0.8,0.26,1.23,0.4
Sys_IMFfdloss_ref_1,479,0.56,0.56,0.43,0.54,0.61,0.96,0.26,0.41,0.33,0.52
Sys_IMFfdloss_ref_1,481,0.72,0.45,0.34,0.55,0.53,0.92,0.18,0.31,0.3,0.51
Sys_IMFfdloss_ref_1,488,0.89,0.69,0.61,0.77,0.93,0.89,0.57,0.54,0.71,0.69
Sys_IMFfdloss_ref_1,499,0.74,0.61,0.5,0.67,1.28,1.07,0.63,0.53,0.85,0.71
Sys_IMFfdloss_ref_1,529,0.67,0.48,0.4,0.55,2.93,0.72,1.16,0.29,1.61,0.39
Sys_IMFfdloss_ref_1,535,0.83,0.7,0.61,0.76,0.51,1.0,0.31,0.61,0.39,0.76
Sys_IMFfdloss_ref_1,554,0.97,0.6,0.58,0.74,0.98,0.74,0.57,0.44,0.72,0.55
Sys_IMFfdloss_ref_1,567,0.84,0.6,0.51,0.68,3.65,0.88,1.85,0.45,2.49,0.6
Sys_IMFfdloss_ref_1,575,0.84,0.48,0.42,0.6,0.9,0.94,0.37,0.39,0.54,0.56
Sys_IMFfdloss_ref_1,585,0.63,0.41,0.27,0.48,1.27,0.95,0.35,0.26,0.61,0.46
Sys_IMFfdloss_ref_1,590,0.85,0.52,0.45,0.63,0.94,0.78,0.42,0.35,0.59,0.49
Sys_IMFfdloss_ref_1,605,0.71,0.59,0.44,0.63,4.24,0.94,1.87,0.41,2.67,0.59
Sys_IMFfdloss_ref_1,606,0.71,0.46,0.35,0.56,1.27,1.01,0.44,0.35,0.7,0.56
Sys_IMFfdloss_ref_1,626,0.55,0.55,0.31,0.45,2.62,0.84,0.82,0.26,1.19,0.38
Sys_IMFfdloss_ref_1,632,0.63,0.68,0.43,0.57,0.8,0.75,0.35,0.33,0.45,0.43
Sys_IMFfdloss_ref_1,633,0.7,0.56,0.42,0.59,0.87,0.86,0.36,0.36,0.52,0.51
Sys_IMFfdloss_ref_1,634,0.78,0.42,0.34,0.53,0.55,0.89,0.19,0.31,0.29,0.47
Sys_IMFfdloss_ref_1,645,0.8,0.3,0.24,0.43,0.38,0.62,0.09,0.15,0.17,0.27
Sys_IMFfdloss_ref_1,654,0.8,0.57,0.5,0.66,1.04,0.86,0.52,0.43,0.69,0.57
Sys_IMFfdloss_ref_1,679,0.73,0.67,0.52,0.69,0.67,0.79,0.34,0.41,0.46,0.55
Sys_IMFfdloss_ref_1,687,0.97,0.88,0.86,0.92,0.38,0.89,0.32,0.76,0.35,0.82
Sys_IMFfdloss_ref_1,730,0.7,0.65,0.47,0.65,1.25,0.93,0.58,0.44,0.81,0.61
Sys_IMFfdloss_ref_1,743,0.57,0.51,0.3,0.5,1.21,0.91,0.36,0.27,0.6,0.45
Sys_IMFfdloss_ref_1,746,0.66,0.47,0.37,0.55,0.73,1.4,0.27,0.52,0.4,0.77
Sys_IMFfdloss_ref_1,755,0.94,0.72,0.68,0.81,0.22,0.9,0.15,0.61,0.18,0.73
Sys_IMFfdloss_ref_1,756,0.69,0.47,0.39,0.52,2.85,0.97,1.1,0.37,1.49,0.51
Sys_IMFfdloss_ref_1,806,0.94,0.77,0.73,0.84,0.95,0.93,0.69,0.68,0.8,0.78
Sys_IMFfdloss_ref_1,810,0.82,0.53,0.45,0.61,0.35,0.85,0.16,0.38,0.21,0.52
Sys_IMFfdloss_ref_1,819,0.62,0.37,0.23,0.45,0.4,0.77,0.09,0.18,0.18,0.34
Sys_IMFfdloss_ref_1,836,0.14,0.57,0.07,0.18,1.12,0.74,0.08,0.05,0.2,0.13
Sys_IMFfdloss_ref_1,903,0.79,0.59,0.51,0.67,1.32,0.91,0.67,0.46,0.89,0.61
Sys_IMFfdloss_ref_1,917,0.63,0.39,0.25,0.48,0.96,0.79,0.24,0.2,0.46,0.38
Sys_IMFfdloss_ref_1,919,0.47,0.4,0.2,0.43,1.9,1.06,0.38,0.21,0.82,0.46
Sys_IMFfdloss_ref_1,920,0.74,0.67,0.52,0.69,0.66,0.83,0.34,0.43,0.46,0.57
Sys_IMFfdloss_ref_1,922,0.47,0.26,0.14,0.32,0.55,0.92,0.08,0.13,0.18,0.3
Sys_IMFfdloss_ref_1,928,0.59,0.59,0.41,0.58,2.49,0.83,1.01,0.33,1.45,0.48
Sys_IMFfdloss_ref_1,931,0.96,0.77,0.74,0.85,0.59,0.8,0.44,0.59,0.5,0.68
Sys_IMFfdloss_ref_1,943,0.71,0.67,0.54,0.65,0.96,0.99,0.52,0.54,0.63,0.65
Sys_IMFfdloss_ref_1,952,0.88,0.74,0.68,0.8,0.89,0.9,0.61,0.61,0.71,0.72
Sys_IMFfdloss_ref_1,960,0.89,0.73,0.65,0.8,3.03,0.85,1.97,0.55,2.41,0.67
Sys_IMFfdloss_ref_1,962,0.84,0.8,0.69,0.81,0.59,0.79,0.41,0.54,0.48,0.64
Sys_IMFfdloss_ref_1,968,0.81,0.64,0.57,0.71,1.74,0.79,0.99,0.45,1.23,0.55
Sys_IMFfdloss_ref_1,971,0.93,0.71,0.68,0.8,0.47,1.03,0.32,0.7,0.37,0.82
Sys_IMFfdloss_ref_1,972,0.86,0.57,0.5,0.66,1.97,0.81,0.99,0.41,1.3,0.54
Sys_IMFfdloss_ref_1,981,0.7,0.37,0.26,0.47,0.6,0.88,0.16,0.23,0.28,0.42
Sys_IMFfdloss_ref_1,982,0.68,0.43,0.33,0.51,1.1,0.85,0.37,0.28,0.56,0.43
Sys_IMFfdloss_ref_1,983,0.83,0.49,0.42,0.6,0.5,0.93,0.21,0.4,0.3,0.56
Sys_IMFfdloss_ref_1,985,0.78,0.88,0.72,0.82,2.11,0.92,1.53,0.66,1.73,0.75
Sys_IMFfdloss_ref_1,991,0.94,0.94,0.9,0.94,0.59,0.92,0.53,0.82,0.55,0.86
Sys_IMFfdloss_ref_1,999,0.74,0.62,0.53,0.67,0.96,0.75,0.51,0.4,0.65,0.5
Sys_IMFfdloss_ref_2,4,0.91,0.73,0.67,0.81,1.11,0.99,0.74,0.66,0.89,0.8
Sys_IMFfdloss_ref_2,7,0.89,0.53,0.48,0.62,0.52,0.77,0.25,0.37,0.33,0.48
Sys_IMFfdloss_ref_2,10,0.91,0.78,0.71,0.82,0.96,1.04,0.69,0.74,0.79,0.85
Sys_IMFfdloss_ref_2,25,0.86,0.55,0.48,0.64,1.11,0.83,0.54,0.4,0.71,0.53
Sys_IMFfdloss_ref_2,35,0.76,0.64,0.48,0.68,1.04,0.86,0.5,0.42,0.71,0.59
Sys_IMFfdloss_ref_2,39,0.87,0.73,0.66,0.77,0.8,0.94,0.53,0.62,0.62,0.73
Sys_IMFfdloss_ref_2,49,0.9,0.63,0.59,0.74,0.97,0.96,0.57,0.57,0.71,0.71
Sys_IMFfdloss_ref_2,51,0.89,0.76,0.71,0.81,0.85,0.93,0.6,0.66,0.69,0.75
Sys_IMFfdloss_ref_2,52,0.78,0.77,0.6,0.75,2.32,0.98,1.4,0.59,1.74,0.74
Sys_IMFfdloss_ref_2,64,0.64,0.61,0.43,0.62,1.27,1.01,0.54,0.43,0.78,0.62
Sys_IMFfdloss_ref_2,80,0.75,0.38,0.3,0.5,0.39,0.64,0.12,0.19,0.2,0.32
Sys_IMFfdloss_ref_2,97,0.95,0.43,0.41,0.55,1.29,0.76,0.52,0.31,0.71,0.42
Sys_IMFfdloss_ref_2,106,0.89,0.57,0.5,0.67,2.69,0.82,1.36,0.41,1.82,0.55
Sys_IMFfdloss_ref_2,116,0.87,0.77,0.7,0.81,0.42,0.7,0.29,0.49,0.34,0.57
Sys_IMFfdloss_ref_2,118,0.72,0.6,0.46,0.65,1.17,0.85,0.53,0.39,0.76,0.55
Sys_IMFfdloss_ref_2,129,0.86,0.43,0.37,0.56,0.77,1.18,0.29,0.44,0.43,0.66
Sys_IMFfdloss_ref_2,144,0.76,0.53,0.45,0.6,1.03,0.92,0.47,0.42,0.62,0.55
Sys_IMFfdloss_ref_2,147,0.92,0.62,0.57,0.73,1.14,1.03,0.65,0.59,0.84,0.75
Sys_IMFfdloss_ref_2,150,0.77,0.45,0.38,0.56,1.66,1.13,0.63,0.43,0.93,0.64
Sys_IMFfdloss_ref_2,156,0.88,0.3,0.26,0.45,0.57,0.98,0.15,0.26,0.26,0.44
Sys_IMFfdloss_ref_2,159,0.79,0.56,0.48,0.65,1.05,0.97,0.51,0.47,0.68,0.62
Sys_IMFfdloss_ref_2,281,0.95,0.39,0.37,0.53,1.64,0.94,0.61,0.35,0.88,0.5
Sys_IMFfdloss_ref_2,300,0.86,0.84,0.73,0.84,0.55,0.94,0.4,0.68,0.47,0.79
Sys_IMFfdloss_ref_2,322,0.69,0.72,0.49,0.67,0.74,0.83,0.37,0.41,0.5,0.56
Sys_IMFfdloss_ref_2,330,0.73,0.53,0.4,0.61,0.37,0.99,0.15,0.39,0.22,0.6
Sys_IMFfdloss_ref_2,333,0.87,0.32,0.28,0.47,1.11,1.01,0.31,0.28,0.52,0.47
Sys_IMFfdloss_ref_2,339,0.78,0.54,0.46,0.64,1.73,1.01,0.8,0.47,1.1,0.64
Sys_IMFfdloss_ref_2,347,0.92,0.56,0.54,0.68,0.55,0.89,0.3,0.48,0.37,0.6
Sys_IMFfdloss_ref_2,356,0.78,0.65,0.54,0.71,1.42,0.93,0.77,0.51,1.0,0.66
Sys_IMFfdloss_ref_2,365,0.89,0.45,0.4,0.57,0.93,0.88,0.37,0.35,0.53,0.5
Sys_IMFfdloss_ref_2,370,0.95,0.55,0.53,0.66,0.88,0.98,0.47,0.52,0.59,0.65
Sys_IMFfdloss_ref_2,389,0.3,0.41,0.13,0.35,2.23,0.9,0.3,0.12,0.77,0.31
Sys_IMFfdloss_ref_2,392,0.73,0.67,0.49,0.65,0.47,1.16,0.23,0.57,0.3,0.75
Sys_IMFfdloss_ref_2,394,0.68,0.53,0.37,0.59,2.12,1.0,0.78,0.37,1.24,0.58
Sys_IMFfdloss_ref_2,396,0.84,0.73,0.64,0.78,0.23,0.97,0.15,0.62,0.18,0.76
Sys_IMFfdloss_ref_2,400,0.86,0.37,0.32,0.51,0.22,0.69,0.07,0.22,0.11,0.35
Sys_IMFfdloss_ref_2,405,0.59,0.51,0.33,0.53,0.56,1.01,0.18,0.33,0.3,0.54
Sys_IMFfdloss_ref_2,406,0.85,0.65,0.55,0.72,1.35,0.8,0.74,0.44,0.97,0.58
Sys_IMFfdloss_ref_2,413,0.84,0.49,0.41,0.6,0.41,0.93,0.17,0.38,0.24,0.56
Sys_IMFfdloss_ref_2,415,0.6,0.58,0.38,0.48,1.01,0.91,0.38,0.34,0.49,0.44
Sys_IMFfdloss_ref_2,419,0.92,0.3,0.27,0.45,1.4,1.01,0.38,0.28,0.63,0.46
Sys_IMFfdloss_ref_2,421,0.82,0.55,0.46,0.65,1.84,0.8,0.85,0.37,1.2,0.52
Sys_IMFfdloss_ref_2,426,0.49,0.38,0.2,0.42,1.48,1.03,0.29,0.2,0.62,0.43
Sys_IMFfdloss_ref_2,429,0.71,0.65,0.5,0.67,0.46,0.96,0.23,0.48,0.3,0.64
Sys_IMFfdloss_ref_2,432,0.96,0.63,0.61,0.74,1.07,0.92,0.65,0.56,0.79,0.68
Sys_IMFfdloss_ref_2,443,0.96,0.74,0.71,0.84,0.25,0.76,0.18,0.54,0.21,0.64
Sys_IMFfdloss_ref_2,446,0.82,0.57,0.48,0.67,1.36,0.92,0.65,0.44,0.91,0.62
Sys_IMFfdloss_ref_2,453,0.93,0.66,0.61,0.76,0.59,0.83,0.36,0.5,0.45,0.63
Sys_IMFfdloss_ref_2,461,0.89,0.82,0.73,0.85,0.4,0.72,0.29,0.52,0.34,0.61
Sys_IMFfdloss_ref_2,477,0.47,0.58,0.28,0.46,2.62,0.84,0.75,0.24,1.21,0.39
Sys_IMFfdloss_ref_2,479,0.69,0.59,0.52,0.64,0.61,0.96,0.32,0.5,0.39,0.61
Sys_IMFfdloss_ref_2,481,0.78,0.46,0.37,0.58,0.53,0.92,0.2,0.34,0.31,0.53
Sys_IMFfdloss_ref_2,488,0.88,0.79,0.7,0.83,0.93,0.89,0.65,0.63,0.77,0.74
Sys_IMFfdloss_ref_2,499,0.73,0.67,0.53,0.69,1.28,1.07,0.68,0.57,0.88,0.74
Sys_IMFfdloss_ref_2,529,0.78,0.54,0.46,0.63,2.93,0.72,1.35,0.33,1.84,0.45
Sys_IMFfdloss_ref_2,535,0.82,0.66,0.54,0.72,0.51,1.0,0.28,0.54,0.37,0.72
Sys_IMFfdloss_ref_2,554,0.93,0.56,0.53,0.7,0.98,0.74,0.52,0.39,0.68,0.52
Sys_IMFfdloss_ref_2,567,0.87,0.67,0.59,0.76,3.65,0.88,2.15,0.52,2.76,0.67
Sys_IMFfdloss_ref_2,575,0.89,0.41,0.37,0.55,0.9,0.94,0.34,0.35,0.5,0.52
Sys_IMFfdloss_ref_2,585,0.61,0.41,0.25,0.47,1.27,0.95,0.32,0.23,0.6,0.45
Sys_IMFfdloss_ref_2,590,0.71,0.56,0.41,0.62,0.94,0.78,0.39,0.32,0.58,0.48
Sys_IMFfdloss_ref_2,605,0.81,0.61,0.49,0.67,4.24,0.94,2.09,0.46,2.86,0.63
Sys_IMFfdloss_ref_2,606,0.79,0.55,0.43,0.61,1.27,1.01,0.55,0.44,0.77,0.62
Sys_IMFfdloss_ref_2,626,0.67,0.53,0.36,0.55,2.62,0.84,0.94,0.3,1.44,0.46
Sys_IMFfdloss_ref_2,632,0.65,0.63,0.41,0.55,0.8,0.75,0.33,0.31,0.44,0.42
Sys_IMFfdloss_ref_2,633,0.83,0.63,0.52,0.69,0.87,0.86,0.45,0.45,0.6,0.59
Sys_IMFfdloss_ref_2,634,0.73,0.41,0.3,0.5,0.55,0.89,0.16,0.26,0.28,0.45
Sys_IMFfdloss_ref_2,645,0.74,0.35,0.27,0.47,0.38,0.62,0.1,0.17,0.18,0.29
Sys_IMFfdloss_ref_2,654,0.86,0.64,0.57,0.73,1.04,0.86,0.6,0.5,0.76,0.63
Sys_IMFfdloss_ref_2,679,0.81,0.64,0.54,0.71,0.67,0.79,0.36,0.43,0.47,0.56
Sys_IMFfdloss_ref_2,687,0.95,0.83,0.8,0.88,0.38,0.89,0.3,0.7,0.33,0.78
Sys_IMFfdloss_ref_2,730,0.67,0.64,0.46,0.63,1.25,0.93,0.57,0.42,0.79,0.59
Sys_IMFfdloss_ref_2,743,0.86,0.62,0.54,0.71,1.21,0.91,0.65,0.49,0.85,0.64
Sys_IMFfdloss_ref_2,746,0.67,0.38,0.28,0.48,0.73,1.4,0.2,0.39,0.35,0.67
Sys_IMFfdloss_ref_2,755,0.97,0.84,0.82,0.9,0.22,0.9,0.18,0.74,0.2,0.81
Sys_IMFfdloss_ref_2,756,0.68,0.53,0.37,0.52,2.85,0.97,1.07,0.36,1.49,0.51
Sys_IMFfdloss_ref_2,806,0.97,0.78,0.75,0.86,0.95,0.93,0.72,0.7,0.82,0.8
Sys_IMFfdloss_ref_2,810,0.68,0.52,0.35,0.5,0.35,0.85,0.12,0.29,0.18,0.43
Sys_IMFfdloss_ref_2,819,0.6,0.44,0.3,0.47,0.4,0.77,0.12,0.23,0.19,0.36
Sys_IMFfdloss_ref_2,836,0.04,0.53,0.01,0.05,1.12,0.74,0.01,0.01,0.06,0.04
Sys_IMFfdloss_ref_2,903,0.76,0.61,0.49,0.67,1.32,0.91,0.65,0.45,0.89,0.61
Sys_IMFfdloss_ref_2,917,0.65,0.38,0.25,0.48,0.96,0.79,0.24,0.2,0.46,0.38
Sys_IMFfdloss_ref_2,919,0.46,0.23,0.12,0.31,1.9,1.06,0.22,0.12,0.58,0.32
Sys_IMFfdloss_ref_2,920,0.74,0.52,0.42,0.61,0.66,0.83,0.28,0.35,0.4,0.5
Sys_IMFfdloss_ref_2,922,0.38,0.24,0.1,0.28,0.55,0.92,0.06,0.09,0.15,0.26
Sys_IMFfdloss_ref_2,928,0.61,0.49,0.32,0.53,2.49,0.83,0.8,0.27,1.32,0.44
Sys_IMFfdloss_ref_2,931,0.93,0.72,0.67,0.81,0.59,0.8,0.4,0.54,0.48,0.65
Sys_IMFfdloss_ref_2,943,0.72,0.85,0.63,0.71,0.96,0.99,0.6,0.62,0.68,0.7
Sys_IMFfdloss_ref_2,952,0.86,0.7,0.62,0.75,0.89,0.9,0.56,0.57,0.67,0.68
Sys_IMFfdloss_ref_2,960,0.88,0.7,0.62,0.76,3.03,0.85,1.86,0.52,2.31,0.65
Sys_IMFfdloss_ref_2,962,0.84,0.75,0.63,0.77,0.59,0.79,0.38,0.5,0.46,0.61
Sys_IMFfdloss_ref_2,968,0.8,0.56,0.46,0.65,1.74,0.79,0.81,0.37,1.13,0.51
Sys_IMFfdloss_ref_2,971,0.95,0.73,0.7,0.81,0.47,1.03,0.33,0.72,0.38,0.84
Sys_IMFfdloss_ref_2,972,0.82,0.57,0.5,0.65,1.97,0.81,0.98,0.4,1.29,0.53
Sys_IMFfdloss_ref_2,981,0.68,0.4,0.29,0.49,0.6,0.88,0.17,0.25,0.3,0.44
Sys_IMFfdloss_ref_2,982,0.69,0.44,0.33,0.52,1.1,0.85,0.37,0.28,0.57,0.44
Sys_IMFfdloss_ref_2,983,0.75,0.36,0.29,0.49,0.5,0.93,0.14,0.27,0.24,0.45
Sys_IMFfdloss_ref_2,985,0.82,0.87,0.74,0.84,2.11,0.92,1.57,0.68,1.78,0.77
Sys_IMFfdloss_ref_2,991,0.96,0.94,0.9,0.95,0.59,0.92,0.53,0.83,0.56,0.87
Sys_IMFfdloss_ref_2,999,0.7,0.56,0.47,0.62,0.96,0.75,0.45,0.35,0.6,0.46
Sys_IMFfdloss_ref_3,4,0.92,0.68,0.63,0.78,1.11,0.99,0.69,0.62,0.86,0.77
Sys_IMFfdloss_ref_3,7,0.81,0.45,0.37,0.56,0.52,0.77,0.19,0.28,0.29,0.43
Sys_IMFfdloss_ref_3,10,0.94,0.77,0.73,0.83,0.96,1.04,0.7,0.75,0.8,0.86
Sys_IMFfdloss_ref_3,25,0.84,0.57,0.49,0.67,1.11,0.83,0.55,0.41,0.74,0.56
Sys_IMFfdloss_ref_3,35,0.7,0.54,0.38,0.59,1.04,0.86,0.39,0.33,0.62,0.51
Sys_IMFfdloss_ref_3,39,0.85,0.75,0.65,0.78,0.8,0.94,0.52,0.61,0.62,0.73
Sys_IMFfdloss_ref_3,49,0.85,0.65,0.59,0.73,0.97,0.96,0.57,0.56,0.71,0.7
Sys_IMFfdloss_ref_3,51,0.84,0.69,0.63,0.74,0.85,0.93,0.53,0.58,0.63,0.69
Sys_IMFfdloss_ref_3,52,0.77,0.77,0.6,0.75,2.32,0.98,1.38,0.58,1.74,0.73
Sys_IMFfdloss_ref_3,64,0.77,0.72,0.56,0.75,1.27,1.01,0.71,0.56,0.95,0.76
Sys_IMFfdloss_ref_3,106,0.86,0.59,0.51,0.69,2.69,0.82,1.38,0.42,1.86,0.56
Sys_IMFfdloss_ref_3,116,0.9,0.82,0.77,0.85,0.42,0.7,0.32,0.54,0.36,0.6
Sys_IMFfdloss_ref_3,118,0.81,0.62,0.53,0.7,1.17,0.85,0.62,0.45,0.82,0.59
Sys_IMFfdloss_ref_3,129,0.85,0.43,0.36,0.55,0.77,1.18,0.27,0.42,0.42,0.65
Sys_IMFfdloss_ref_3,144,0.88,0.53,0.48,0.63,1.03,0.92,0.5,0.44,0.65,0.58
Sys_IMFfdloss_ref_3,147,0.94,0.71,0.67,0.8,1.14,1.03,0.76,0.69,0.92,0.82
Sys_IMFfdloss_ref_3,150,0.78,0.46,0.39,0.57,1.66,1.13,0.64,0.44,0.94,0.64
Sys_IMFfdloss_ref_3,156,0.87,0.3,0.26,0.45,0.57,0.98,0.15,0.26,0.26,0.44
Sys_IMFfdloss_ref_3,159,0.73,0.48,0.38,0.57,1.05,0.97,0.4,0.37,0.6,0.55
Sys_IMFfdloss_ref_3,281,0.94,0.39,0.35,0.52,1.64,0.94,0.58,0.33,0.85,0.49
Sys_IMFfdloss_ref_3,300,0.86,0.81,0.7,0.82,0.55,0.94,0.39,0.66,0.46,0.77
Sys_IMFfdloss_ref_3,322,0.7,0.77,0.56,0.72,0.74,0.83,0.42,0.46,0.53,0.6
Sys_IMFfdloss_ref_3,330,0.66,0.54,0.35,0.58,0.37,0.99,0.13,0.35,0.22,0.58
Sys_IMFfdloss_ref_3,333,0.85,0.41,0.36,0.54,1.11,1.01,0.4,0.36,0.6,0.54
Sys_IMFfdloss_ref_3,339,0.77,0.61,0.48,0.66,1.73,1.01,0.83,0.48,1.14,0.66
Sys_IMFfdloss_ref_3,347,0.91,0.61,0.58,0.7,0.55,0.89,0.32,0.52,0.39,0.62
Sys_IMFfdloss_ref_3,356,0.85,0.64,0.56,0.72,1.42,0.93,0.8,0.52,1.02,0.67
Sys_IMFfdloss_ref_3,365,0.89,0.45,0.39,0.57,0.93,0.88,0.37,0.35,0.53,0.5
Sys_IMFfdloss_ref_3,370,0.92,0.69,0.65,0.76,0.88,0.98,0.57,0.63,0.67,0.74
Sys_IMFfdloss_ref_3,389,0.26,0.53,0.14,0.33,2.23,0.9,0.32,0.13,0.74,0.3
Sys_IMFfdloss_ref_3,392,0.69,0.6,0.4,0.6,0.47,1.16,0.19,0.46,0.28,0.7
Sys_IMFfdloss_ref_3,394,0.74,0.52,0.39,0.59,2.12,1.0,0.84,0.39,1.26,0.59
Sys_IMFfdloss_ref_3,396,0.77,0.66,0.54,0.7,0.23,0.97,0.13,0.52,0.16,0.68
Sys_IMFfdloss_ref_3,400,0.88,0.58,0.51,0.68,0.22,0.69,0.11,0.35,0.15,0.47
Sys_IMFfdloss_ref_3,405,0.64,0.48,0.32,0.54,0.56,1.01,0.18,0.32,0.3,0.55
Sys_IMFfdloss_ref_3,406,0.92,0.71,0.66,0.79,1.35,0.8,0.89,0.53,1.07,0.64
Sys_IMFfdloss_ref_3,413,0.9,0.63,0.57,0.73,0.41,0.93,0.23,0.53,0.3,0.67
Sys_IMFfdloss_ref_3,415,0.57,0.51,0.35,0.47,1.01,0.91,0.35,0.32,0.47,0.42
Sys_IMFfdloss_ref_3,419,0.94,0.47,0.44,0.61,1.4,1.01,0.62,0.45,0.85,0.62
Sys_IMFfdloss_ref_3,421,0.72,0.52,0.4,0.59,1.84,0.8,0.73,0.31,1.09,0.47
Sys_IMFfdloss_ref_3,426,0.42,0.38,0.16,0.39,1.48,1.03,0.24,0.17,0.58,0.4
Sys_IMFfdloss_ref_3,429,0.67,0.68,0.49,0.65,0.46,0.96,0.23,0.48,0.3,0.63
Sys_IMFfdloss_ref_3,432,0.85,0.69,0.62,0.76,1.07,0.92,0.66,0.57,0.81,0.7
Sys_IMFfdloss_ref_3,443,0.98,0.83,0.82,0.89,0.25,0.76,0.2,0.62,0.22,0.68
Sys_IMFfdloss_ref_3,446,0.89,0.54,0.48,0.66,1.36,0.92,0.66,0.44,0.9,0.61
Sys_IMFfdloss_ref_3,453,0.93,0.57,0.53,0.69,0.59,0.83,0.31,0.44,0.41,0.57
Sys_IMFfdloss_ref_3,461,0.9,0.81,0.73,0.84,0.4,0.72,0.29,0.52,0.34,0.61
Sys_IMFfdloss_ref_3,477,0.65,0.52,0.37,0.53,2.62,0.84,0.96,0.31,1.38,0.44
Sys_IMFfdloss_ref_3,479,0.6,0.6,0.47,0.58,0.61,0.96,0.29,0.45,0.36,0.56
Sys_IMFfdloss_ref_3,481,0.75,0.49,0.37,0.59,0.53,0.92,0.2,0.34,0.32,0.54
Sys_IMFfdloss_ref_3,488,0.8,0.61,0.5,0.67,0.93,0.89,0.47,0.45,0.62,0.6
Sys_IMFfdloss_ref_3,499,0.8,0.58,0.49,0.66,1.28,1.07,0.62,0.52,0.84,0.7
Sys_IMFfdloss_ref_3,529,0.75,0.52,0.43,0.57,2.93,0.72,1.25,0.31,1.66,0.41
Sys_IMFfdloss_ref_3,535,0.76,0.62,0.48,0.68,0.51,1.0,0.25,0.48,0.35,0.68
Sys_IMFfdloss_ref_3,554,0.94,0.7,0.66,0.8,0.98,0.74,0.64,0.49,0.78,0.6
Sys_IMFfdloss_ref_3,567,0.8,0.58,0.47,0.66,3.65,0.88,1.7,0.41,2.41,0.58
Sys_IMFfdloss_ref_3,575,0.87,0.5,0.45,0.63,0.9,0.94,0.4,0.42,0.57,0.59
Sys_IMFfdloss_ref_3,585,0.63,0.43,0.28,0.49,1.27,0.95,0.35,0.26,0.62,0.46
Sys_IMFfdloss_ref_3,590,0.73,0.52,0.39,0.6,0.94,0.78,0.36,0.3,0.56,0.47
Sys_IMFfdloss_ref_3,605,0.83,0.62,0.52,0.7,4.24,0.94,2.22,0.49,2.98,0.66
Sys_IMFfdloss_ref_3,606,0.78,0.5,0.42,0.6,1.27,1.01,0.53,0.43,0.76,0.6
Sys_IMFfdloss_ref_3,626,0.55,0.48,0.29,0.49,2.62,0.84,0.77,0.25,1.29,0.41
Sys_IMFfdloss_ref_3,632,0.71,0.61,0.49,0.61,0.8,0.75,0.39,0.37,0.49,0.46
Sys_IMFfdloss_ref_3,633,0.81,0.54,0.45,0.61,0.87,0.86,0.39,0.38,0.53,0.52
Sys_IMFfdloss_ref_3,634,0.63,0.47,0.3,0.51,0.55,0.89,0.17,0.27,0.28,0.46
Sys_IMFfdloss_ref_3,645,0.78,0.28,0.22,0.42,0.38,0.62,0.09,0.14,0.16,0.26
Sys_IMFfdloss_ref_3,687,1.0,0.98,0.98,0.99,0.38,0.89,0.37,0.87,0.37,0.88
Sys_IMFfdloss_ref_3,743,0.8,0.5,0.4,0.61,1.21,0.91,0.48,0.37,0.74,0.56
Sys_IMFfdloss_ref_3,755,0.98,0.8,0.79,0.87,0.22,0.9,0.17,0.71,0.19,0.79
Sys_IMFfdloss_ref_3,756,0.77,0.3,0.23,0.43,2.85,0.97,0.66,0.22,1.23,0.42
Sys_IMFfdloss_ref_3,806,0.93,0.77,0.72,0.84,0.95,0.93,0.68,0.67,0.8,0.78
Sys_IMFfdloss_ref_3,819,0.76,0.43,0.33,0.55,0.4,0.77,0.13,0.25,0.22,0.42
Sys_IMFfdloss_ref_3,903,0.68,0.43,0.29,0.53,1.32,0.91,0.39,0.27,0.7,0.48
Sys_IMFfdloss_ref_3,917,0.43,0.37,0.16,0.4,0.96,0.79,0.15,0.13,0.38,0.31
Sys_IMFfdloss_ref_3,920,0.93,0.77,0.72,0.84,0.66,0.83,0.47,0.59,0.56,0.7
Sys_IMFfdloss_ref_3,943,0.97,0.92,0.9,0.95,0.96,0.99,0.86,0.89,0.91,0.94
Sys_IMFfdloss_ref_3,985,1.0,1.0,0.99,1.0,2.11,0.92,2.1,0.91,2.11,0.91
User_IMFfdloss_1,4,1.0,0.8,0.8,0.88,1.11,0.99,0.88,0.79,0.98,0.87
User_IMFfdloss_1,7,0.89,0.64,0.57,0.74,0.52,0.77,0.3,0.44,0.39,0.57
User_IMFfdloss_1,10,0.79,0.88,0.69,0.82,0.96,1.04,0.66,0.71,0.79,0.85
User_IMFfdloss_1,25,0.93,0.6,0.55,0.71,1.11,0.83,0.61,0.46,0.79,0.59
User_IMFfdloss_1,35,0.96,0.76,0.73,0.84,1.04,0.86,0.76,0.63,0.88,0.73
User_IMFfdloss_1,39,0.9,0.76,0.7,0.81,0.8,0.94,0.56,0.65,0.65,0.76
User_IMFfdloss_1,49,1.0,0.72,0.72,0.83,0.97,0.96,0.7,0.69,0.81,0.8
User_IMFfdloss_1,51,0.93,0.88,0.83,0.9,0.85,0.93,0.7,0.77,0.76,0.83
User_IMFfdloss_1,52,0.83,0.8,0.66,0.79,2.32,0.98,1.53,0.65,1.84,0.78
User_IMFfdloss_1,64,0.72,0.64,0.48,0.66,1.27,1.01,0.61,0.48,0.84,0.67
User_IMFfdloss_1,80,0.78,0.6,0.48,0.67,0.39,0.64,0.19,0.31,0.26,0.43
User_IMFfdloss_1,97,0.81,0.76,0.6,0.74,1.29,0.76,0.78,0.46,0.96,0.57
User_IMFfdloss_1,106,0.98,0.64,0.63,0.77,2.69,0.82,1.69,0.51,2.07,0.63
User_IMFfdloss_1,116,0.97,0.84,0.83,0.89,0.42,0.7,0.35,0.58,0.37,0.62
User_IMFfdloss_1,118,1.0,0.64,0.64,0.76,1.17,0.85,0.75,0.55,0.89,0.65
User_IMFfdloss_1,129,0.79,0.68,0.54,0.72,0.77,1.18,0.41,0.64,0.55,0.85
User_IMFfdloss_1,144,0.91,0.72,0.66,0.77,1.03,0.92,0.68,0.6,0.8,0.71
User_IMFfdloss_1,147,1.0,0.68,0.68,0.78,1.14,1.03,0.78,0.7,0.9,0.81
User_IMFfdloss_1,150,0.73,0.56,0.41,0.63,1.66,1.13,0.69,0.47,1.04,0.71
User_IMFfdloss_1,156,1.0,0.56,0.56,0.71,0.57,0.98,0.32,0.55,0.4,0.69
User_IMFfdloss_1,159,0.8,0.6,0.56,0.65,1.05,0.97,0.59,0.54,0.68,0.63
User_IMFfdloss_1,281,1.0,0.6,0.6,0.73,1.64,0.94,0.98,0.56,1.19,0.68
User_IMFfdloss_1,300,0.9,0.88,0.8,0.89,0.55,0.94,0.44,0.75,0.49,0.83
User_IMFfdloss_1,322,0.83,0.8,0.67,0.8,0.74,0.83,0.5,0.55,0.6,0.66
User_IMFfdloss_1,330,0.77,0.72,0.56,0.73,0.37,0.99,0.21,0.55,0.27,0.72
User_IMFfdloss_1,333,0.93,0.64,0.6,0.76,1.11,1.01,0.66,0.6,0.84,0.76
User_IMFfdloss_1,339,0.81,0.64,0.54,0.7,1.73,1.01,0.94,0.55,1.22,0.71
User_IMFfdloss_1,347,0.98,0.88,0.87,0.92,0.55,0.89,0.48,0.77,0.51,0.82
User_IMFfdloss_1,356,0.84,0.72,0.62,0.76,1.42,0.93,0.89,0.58,1.09,0.71
User_IMFfdloss_1,365,0.93,0.48,0.45,0.63,0.93,0.88,0.42,0.4,0.59,0.55
User_IMFfdloss_1,370,1.0,0.92,0.92,0.96,0.88,0.98,0.81,0.9,0.84,0.93
User_IMFfdloss_1,389,0.4,0.52,0.21,0.45,2.23,0.9,0.47,0.19,1.0,0.4
User_IMFfdloss_1,392,0.81,0.72,0.58,0.76,0.47,1.16,0.27,0.67,0.35,0.88
User_IMFfdloss_1,394,0.69,0.6,0.42,0.62,2.12,1.0,0.9,0.42,1.31,0.61
User_IMFfdloss_1,396,0.86,0.68,0.59,0.72,0.23,0.97,0.14,0.58,0.17,0.7
User_IMFfdloss_1,400,0.6,0.6,0.4,0.55,0.22,0.69,0.09,0.28,0.12,0.38
User_IMFfdloss_1,405,0.67,0.64,0.44,0.62,0.56,1.01,0.25,0.44,0.34,0.62
User_IMFfdloss_1,406,0.87,0.68,0.57,0.73,1.35,0.8,0.77,0.46,0.99,0.59
User_IMFfdloss_1,413,0.77,0.6,0.49,0.64,0.41,0.93,0.2,0.46,0.26,0.6
User_IMFfdloss_1,415,0.56,0.56,0.37,0.49,1.01,0.91,0.38,0.34,0.49,0.44
User_IMFfdloss_1,419,0.97,0.48,0.47,0.63,1.4,1.01,0.66,0.48,0.88,0.64
User_IMFfdloss_1,421,0.78,0.56,0.46,0.62,1.84,0.8,0.85,0.37,1.15,0.5
User_IMFfdloss_1,426,0.51,0.32,0.18,0.39,1.48,1.03,0.26,0.18,0.58,0.4
User_IMFfdloss_1,429,0.78,0.72,0.6,0.73,0.46,0.96,0.27,0.58,0.33,0.7
User_IMFfdloss_1,432,0.97,0.72,0.7,0.81,1.07,0.92,0.75,0.65,0.86,0.74
User_IMFfdloss_1,443,0.76,0.88,0.68,0.73,0.25,0.76,0.17,0.52,0.18,0.56
User_IMFfdloss_1,446,0.83,0.56,0.46,0.65,1.36,0.92,0.63,0.43,0.89,0.6
User_IMFfdloss_1,453,0.83,0.72,0.59,0.76,0.59,0.83,0.35,0.48,0.45,0.63
User_IMFfdloss_1,461,0.87,0.72,0.63,0.75,0.4,0.72,0.25,0.45,0.3,0.54
User_IMFfdloss_1,477,0.54,0.52,0.28,0.45,2.62,0.84,0.75,0.24,1.19,0.38
User_IMFfdloss_1,479,0.58,0.64,0.48,0.58,0.61,0.96,0.3,0.47,0.36,0.56
User_IMFfdloss_1,481,0.8,0.36,0.29,0.49,0.53,0.92,0.16,0.27,0.26,0.45
User_IMFfdloss_1,488,0.84,0.72,0.63,0.76,0.93,0.89,0.58,0.56,0.71,0.68
User_IMFfdloss_1,499,0.88,0.6,0.53,0.7,1.28,1.07,0.68,0.57,0.89,0.75
User_IMFfdloss_1,529,0.74,0.72,0.6,0.67,2.93,0.72,1.76,0.43,1.97,0.48
User_IMFfdloss_1,535,0.69,0.68,0.47,0.67,0.51,1.0,0.24,0.47,0.34,0.67
User_IMFfdloss_1,554,0.0,0.52,0.0,0.0,0.98,0.74,0.0,0.0,0.0,0.0
User_IMFfdloss_1,567,1.0,0.64,0.64,0.77,3.65,0.88,2.34,0.57,2.81,0.68
User_IMFfdloss_1,575,0.92,0.52,0.48,0.66,0.9,0.94,0.43,0.45,0.59,0.62
User_IMFfdloss_1,585,0.6,0.44,0.26,0.47,1.27,0.95,0.33,0.24,0.6,0.44
User_IMFfdloss_1,590,0.76,0.6,0.45,0.65,0.94,0.78,0.43,0.35,0.61,0.51
User_IMFfdloss_1,605,0.63,0.68,0.46,0.63,4.24,0.94,1.96,0.43,2.65,0.58
User_IMFfdloss_1,606,0.85,0.72,0.62,0.77,1.27,1.01,0.78,0.62,0.98,0.78
User_IMFfdloss_1,626,0.85,0.56,0.5,0.65,2.62,0.84,1.31,0.42,1.69,0.54
User_IMFfdloss_1,632,0.65,0.68,0.44,0.57,0.8,0.75,0.35,0.33,0.46,0.43
User_IMFfdloss_1,633,0.85,0.6,0.51,0.65,0.87,0.86,0.44,0.43,0.57,0.56
User_IMFfdloss_1,634,0.54,0.48,0.24,0.46,0.55,0.89,0.13,0.22,0.25,0.41
User_IMFfdloss_1,645,0.91,0.4,0.37,0.55,0.38,0.62,0.14,0.23,0.21,0.34
User_IMFfdloss_1,654,0.94,0.6,0.58,0.72,1.04,0.86,0.6,0.5,0.75,0.62
User_IMFfdloss_1,679,0.77,0.72,0.55,0.74,0.67,0.79,0.37,0.44,0.49,0.59
User_IMFfdloss_1,687,1.0,0.88,0.88,0.93,0.38,0.89,0.33,0.78,0.35,0.83
User_IMFfdloss_1,730,0.66,0.76,0.51,0.7,1.25,0.93,0.64,0.47,0.87,0.65
User_IMFfdloss_1,743,0.75,0.6,0.43,0.63,1.21,0.91,0.52,0.39,0.76,0.57
User_IMFfdloss_1,746,0.85,0.4,0.36,0.53,0.73,1.4,0.27,0.51,0.39,0.75
User_IMFfdloss_1,755,0.98,0.88,0.86,0.92,0.22,0.9,0.19,0.77,0.2,0.82
User_IMFfdloss_1,756,0.7,0.4,0.34,0.5,2.85,0.97,0.96,0.33,1.41,0.48
User_IMFfdloss_1,806,0.94,0.88,0.82,0.9,0.95,0.93,0.78,0.77,0.86,0.84
User_IMFfdloss_1,810,0.8,0.6,0.5,0.67,0.35,0.85,0.17,0.42,0.23,0.57
User_IMFfdloss_1,819,0.69,0.36,0.27,0.44,0.4,0.77,0.11,0.21,0.17,0.34
User_IMFfdloss_1,836,0.04,0.6,0.03,0.08,1.12,0.74,0.04,0.02,0.09,0.06
User_IMFfdloss_1,903,0.86,0.64,0.57,0.71,1.32,0.91,0.75,0.51,0.94,0.65
User_IMFfdloss_1,917,0.66,0.44,0.3,0.52,0.96,0.79,0.29,0.24,0.5,0.41
User_IMFfdloss_1,919,0.5,0.24,0.12,0.31,1.9,1.06,0.22,0.12,0.59,0.33
User_IMFfdloss_1,920,0.83,0.4,0.34,0.51,0.66,0.83,0.23,0.28,0.34,0.42
User_IMFfdloss_1,922,0.57,0.28,0.18,0.32,0.55,0.92,0.1,0.17,0.18,0.3
User_IMFfdloss_1,928,0.4,0.4,0.19,0.34,2.49,0.83,0.48,0.16,0.84,0.28
User_IMFfdloss_1,931,0.98,0.76,0.74,0.85,0.59,0.8,0.44,0.6,0.5,0.68
User_IMFfdloss_1,943,0.76,0.76,0.61,0.69,0.96,0.99,0.59,0.6,0.66,0.68
User_IMFfdloss_1,952,0.88,0.76,0.65,0.75,0.89,0.9,0.58,0.59,0.67,0.68
User_IMFfdloss_1,960,1.0,0.72,0.72,0.83,3.03,0.85,2.18,0.61,2.52,0.71
User_IMFfdloss_1,962,0.83,0.8,0.66,0.79,0.59,0.79,0.39,0.53,0.47,0.63
User_IMFfdloss_1,968,0.93,0.64,0.61,0.74,1.74,0.79,1.06,0.48,1.29,0.58
User_IMFfdloss_1,971,1.0,0.8,0.8,0.88,0.47,1.03,0.38,0.83,0.41,0.91
User_IMFfdloss_1,972,0.93,0.64,0.61,0.72,1.97,0.81,1.19,0.49,1.42,0.58
User_IMFfdloss_1,981,0.63,0.52,0.34,0.51,0.6,0.88,0.21,0.3,0.31,0.45
User_IMFfdloss_1,982,0.71,0.52,0.43,0.6,1.1,0.85,0.47,0.36,0.66,0.51
User_IMFfdloss_1,983,0.82,0.4,0.35,0.52,0.5,0.93,0.17,0.33,0.26,0.49
User_IMFfdloss_1,985,0.72,0.84,0.67,0.76,2.11,0.92,1.42,0.61,1.6,0.69
User_IMFfdloss_1,991,0.93,0.92,0.87,0.92,0.59,0.92,0.51,0.79,0.54,0.85
User_IMFfdloss_1,999,0.74,0.6,0.49,0.65,0.96,0.75,0.48,0.37,0.63,0.49
User_IMFfdloss_2,4,1.0,0.64,0.64,0.77,1.11,0.99,0.71,0.63,0.85,0.76
User_IMFfdloss_2,7,0.91,0.68,0.62,0.77,0.52,0.77,0.32,0.47,0.4,0.59
User_IMFfdloss_2,10,0.85,0.8,0.68,0.8,0.96,1.04,0.65,0.7,0.77,0.83
User_IMFfdloss_2,25,0.81,0.44,0.35,0.56,1.11,0.83,0.39,0.29,0.62,0.47
User_IMFfdloss_2,35,0.88,0.68,0.62,0.76,1.04,0.86,0.64,0.53,0.79,0.66
User_IMFfdloss_2,39,0.92,0.88,0.81,0.9,0.8,0.94,0.65,0.76,0.72,0.84
User_IMFfdloss_2,49,1.0,0.68,0.68,0.8,0.97,0.96,0.66,0.65,0.77,0.77
User_IMFfdloss_2,51,0.93,0.76,0.72,0.8,0.85,0.93,0.61,0.66,0.68,0.74
User_IMFfdloss_2,52,0.85,0.84,0.73,0.82,2.32,0.98,1.68,0.71,1.91,0.81
User_IMFfdloss_2,64,0.72,0.64,0.48,0.66,1.27,1.01,0.61,0.48,0.84,0.67
User_IMFfdloss_2,80,0.82,0.68,0.57,0.74,0.39,0.64,0.23,0.37,0.29,0.47
User_IMFfdloss_2,97,0.91,0.68,0.63,0.76,1.29,0.76,0.81,0.48,0.98,0.58
User_IMFfdloss_2,106,1.0,0.52,0.52,0.67,2.69,0.82,1.4,0.42,1.8,0.55
User_IMFfdloss_2,116,0.97,0.76,0.75,0.84,0.42,0.7,0.31,0.52,0.35,0.58
User_IMFfdloss_2,118,0.98,0.64,0.62,0.74,1.17,0.85,0.73,0.53,0.87,0.63
User_IMFfdloss_2,129,0.79,0.64,0.51,0.69,0.77,1.18,0.39,0.6,0.53,0.81
User_IMFfdloss_2,144,0.87,0.6,0.54,0.7,1.03,0.92,0.56,0.49,0.72,0.64
User_IMFfdloss_2,147,1.0,0.72,0.72,0.83,1.14,1.03,0.82,0.74,0.94,0.85
User_IMFfdloss_2,150,0.83,0.56,0.45,0.65,1.66,1.13,0.75,0.51,1.07,0.73
User_IMFfdloss_2,156,1.0,0.44,0.44,0.61,0.57,0.98,0.25,0.43,0.35,0.59
User_IMFfdloss_2,159,0.8,0.56,0.52,0.62,1.05,0.97,0.55,0.5,0.65,0.6
User_IMFfdloss_2,281,0.97,0.64,0.62,0.75,1.64,0.94,1.02,0.58,1.23,0.71
User_IMFfdloss_2,300,0.9,0.88,0.8,0.89,0.55,0.94,0.44,0.75,0.49,0.83
User_IMFfdloss_2,322,0.77,0.72,0.55,0.73,0.74,0.83,0.41,0.45,0.54,0.6
User_IMFfdloss_2,330,0.72,0.68,0.49,0.69,0.37,0.99,0.18,0.49,0.26,0.68
User_IMFfdloss_2,333,0.9,0.64,0.59,0.74,1.11,1.01,0.65,0.59,0.82,0.75
User_IMFfdloss_2,339,0.88,0.68,0.61,0.76,1.73,1.01,1.05,0.61,1.31,0.76
User_IMFfdloss_2,347,0.98,0.72,0.71,0.81,0.55,0.89,0.39,0.63,0.45,0.72
User_IMFfdloss_2,356,0.81,0.76,0.65,0.78,1.42,0.93,0.93,0.61,1.11,0.73
User_IMFfdloss_2,365,0.93,0.72,0.68,0.8,0.93,0.88,0.63,0.6,0.74,0.7
User_IMFfdloss_2,370,0.98,0.92,0.9,0.95,0.88,0.98,0.8,0.88,0.84,0.92
User_IMFfdloss_2,389,0.32,0.52,0.17,0.39,2.23,0.9,0.38,0.15,0.87,0.35
User_IMFfdloss_2,392,0.69,0.64,0.44,0.65,0.47,1.16,0.21,0.51,0.3,0.75
User_IMFfdloss_2,394,0.78,0.6,0.46,0.64,2.12,1.0,0.98,0.46,1.36,0.64
User_IMFfdloss_2,396,0.83,0.56,0.51,0.66,0.23,0.97,0.12,0.5,0.15,0.64
User_IMFfdloss_2,400,0.76,0.64,0.49,0.67,0.22,0.69,0.11,0.34,0.15,0.46
User_IMFfdloss_2,405,0.63,0.6,0.39,0.6,0.56,1.01,0.22,0.4,0.33,0.61
User_IMFfdloss_2,406,0.86,0.72,0.61,0.76,1.35,0.8,0.82,0.49,1.02,0.61
User_IMFfdloss_2,413,0.89,0.64,0.58,0.74,0.41,0.93,0.23,0.54,0.3,0.68
User_IMFfdloss_2,415,0.53,0.56,0.33,0.46,1.01,0.91,0.33,0.3,0.46,0.42
User_IMFfdloss_2,419,0.88,0.44,0.39,0.59,1.4,1.01,0.55,0.4,0.82,0.59
User_IMFfdloss_2,421,0.96,0.6,0.57,0.71,1.84,0.8,1.06,0.46,1.31,0.57
User_IMFfdloss_2,426,0.49,0.36,0.18,0.41,1.48,1.03,0.27,0.19,0.61,0.42
User_IMFfdloss_2,429,0.8,0.64,0.55,0.69,0.46,0.96,0.25,0.53,0.32,0.67
User_IMFfdloss_2,432,0.9,0.48,0.44,0.62,1.07,0.92,0.47,0.41,0.67,0.57
User_IMFfdloss_2,443,0.73,0.84,0.62,0.7,0.25,0.76,0.15,0.47,0.17,0.53
User_IMFfdloss_2,446,0.83,0.6,0.5,0.69,1.36,0.92,0.69,0.46,0.94,0.63
User_IMFfdloss_2,453,0.8,0.56,0.47,0.66,0.59,0.83,0.28,0.38,0.39,0.54
User_IMFfdloss_2,461,0.87,0.68,0.57,0.72,0.4,0.72,0.23,0.41,0.29,0.51
User_IMFfdloss_2,477,0.58,0.56,0.32,0.48,2.62,0.84,0.83,0.27,1.26,0.4
User_IMFfdloss_2,479,0.59,0.6,0.46,0.56,0.61,0.96,0.28,0.44,0.34,0.54
User_IMFfdloss_2,481,0.83,0.52,0.43,0.63,0.53,0.92,0.23,0.4,0.33,0.57
User_IMFfdloss_2,488,0.84,0.72,0.63,0.76,0.93,0.89,0.58,0.56,0.7,0.67
User_IMFfdloss_2,499,0.95,0.6,0.57,0.71,1.28,1.07,0.73,0.61,0.9,0.75
User_IMFfdloss_2,529,0.71,0.64,0.47,0.6,2.93,0.72,1.36,0.33,1.75,0.43
User_IMFfdloss_2,535,0.7,0.68,0.48,0.68,0.51,1.0,0.25,0.48,0.35,0.68
User_IMFfdloss_2,554,0.0,0.56,0.0,0.0,0.98,0.74,0.0,0.0,0.0,0.0
User_IMFfdloss_2,567,0.97,0.68,0.67,0.79,3.65,0.88,2.44,0.59,2.89,0.7
User_IMFfdloss_2,575,0.91,0.48,0.46,0.62,0.9,0.94,0.41,0.43,0.56,0.58
User_IMFfdloss_2,585,0.73,0.48,0.35,0.55,1.27,0.95,0.45,0.34,0.7,0.52
User_IMFfdloss_2,590,0.79,0.56,0.43,0.63,0.94,0.78,0.4,0.33,0.59,0.49
User_IMFfdloss_2,605,0.81,0.68,0.57,0.73,4.24,0.94,2.4,0.53,3.12,0.69
User_IMFfdloss_2,606,0.79,0.52,0.42,0.59,1.27,1.01,0.53,0.42,0.75,0.6
User_IMFfdloss_2,626,0.57,0.6,0.38,0.49,2.62,0.84,0.99,0.32,1.29,0.42
User_IMFfdloss_2,632,0.6,0.68,0.45,0.58,0.8,0.75,0.36,0.34,0.47,0.44
User_IMFfdloss_2,633,0.76,0.6,0.5,0.65,0.87,0.86,0.43,0.43,0.57,0.56
User_IMFfdloss_2,634,0.57,0.52,0.31,0.53,0.55,0.89,0.17,0.28,0.29,0.48
User_IMFfdloss_2,645,0.91,0.52,0.48,0.65,0.38,0.62,0.18,0.3,0.25,0.4
User_IMFfdloss_2,654,0.83,0.6,0.53,0.68,1.04,0.86,0.55,0.45,0.71,0.59
User_IMFfdloss_2,679,0.74,0.68,0.49,0.69,0.67,0.79,0.33,0.39,0.46,0.55
User_IMFfdloss_2,687,1.0,0.92,0.92,0.96,0.38,0.89,0.35,0.81,0.36,0.85
User_IMFfdloss_2,730,0.64,0.52,0.32,0.53,1.25,0.93,0.39,0.29,0.66,0.5
User_IMFfdloss_2,743,0.61,0.6,0.34,0.48,1.21,0.91,0.42,0.31,0.58,0.44
User_IMFfdloss_2,746,0.88,0.4,0.38,0.52,0.73,1.4,0.27,0.53,0.38,0.73
User_IMFfdloss_2,755,1.0,0.76,0.76,0.86,0.22,0.9,0.17,0.68,0.19,0.77
User_IMFfdloss_2,756,0.7,0.44,0.34,0.52,2.85,0.97,0.98,0.33,1.49,0.51
User_IMFfdloss_2,806,0.94,0.92,0.86,0.93,0.95,0.93,0.82,0.8,0.88,0.86
User_IMFfdloss_2,810,0.77,0.4,0.31,0.5,0.35,0.85,0.11,0.26,0.17,0.42
User_IMFfdloss_2,819,0.76,0.36,0.3,0.44,0.4,0.77,0.12,0.23,0.18,0.34
User_IMFfdloss_2,836,0.03,0.32,0.01,0.03,1.12,0.74,0.01,0.0,0.04,0.02
User_IMFfdloss_2,903,0.43,0.76,0.34,0.44,1.32,0.91,0.45,0.31,0.59,0.4
User_IMFfdloss_2,917,0.59,0.4,0.25,0.41,0.96,0.79,0.24,0.19,0.39,0.32
User_IMFfdloss_2,919,0.66,0.36,0.24,0.46,1.9,1.06,0.46,0.26,0.88,0.49
User_IMFfdloss_2,920,0.8,0.52,0.46,0.62,0.66,0.83,0.3,0.38,0.41,0.51
User_IMFfdloss_2,922,0.57,0.28,0.18,0.35,0.55,0.92,0.1,0.17,0.19,0.32
User_IMFfdloss_2,928,0.8,0.48,0.39,0.58,2.49,0.83,0.97,0.32,1.44,0.48
User_IMFfdloss_2,931,0.98,0.8,0.78,0.88,0.59,0.8,0.46,0.63,0.52,0.71
User_IMFfdloss_2,943,0.76,0.84,0.69,0.74,0.96,0.99,0.66,0.68,0.71,0.73
User_IMFfdloss_2,952,0.94,0.76,0.71,0.82,0.89,0.9,0.63,0.64,0.73,0.74
User_IMFfdloss_2,960,1.0,0.76,0.76,0.86,3.03,0.85,2.3,0.64,2.61,0.73
User_IMFfdloss_2,962,0.85,0.72,0.65,0.78,0.59,0.79,0.39,0.51,0.46,0.62
User_IMFfdloss_2,968,0.92,0.72,0.68,0.8,1.74,0.79,1.18,0.53,1.39,0.63
User_IMFfdloss_2,971,1.0,0.76,0.76,0.85,0.47,1.03,0.36,0.78,0.4,0.88
User_IMFfdloss_2,972,0.93,0.6,0.56,0.68,1.97,0.81,1.1,0.45,1.33,0.55
User_IMFfdloss_2,981,0.66,0.4,0.26,0.43,0.6,0.88,0.16,0.23,0.26,0.38
User_IMFfdloss_2,982,0.71,0.52,0.41,0.58,1.1,0.85,0.45,0.34,0.64,0.49
User_IMFfdloss_2,983,0.85,0.4,0.36,0.52,0.5,0.93,0.18,0.34,0.26,0.48
User_IMFfdloss_2,985,0.72,0.88,0.68,0.76,2.11,0.92,1.44,0.62,1.61,0.7
User_IMFfdloss_2,991,0.91,0.76,0.69,0.81,0.59,0.92,0.41,0.63,0.48,0.75
User_IMFfdloss_2,999,0.84,0.6,0.54,0.68,0.96,0.75,0.52,0.4,0.65,0.51
User_IMFfdloss_3,4,1.0,0.72,0.72,0.83,1.11,0.99,0.8,0.71,0.92,0.82
User_IMFfdloss_3,7,0.84,0.6,0.51,0.68,0.52,0.77,0.27,0.39,0.36,0.52
User_IMFfdloss_3,10,0.78,0.88,0.68,0.82,0.96,1.04,0.66,0.71,0.79,0.85
User_IMFfdloss_3,25,0.83,0.72,0.59,0.75,1.11,0.83,0.66,0.49,0.84,0.63
User_IMFfdloss_3,35,0.88,0.6,0.54,0.71,1.04,0.86,0.57,0.47,0.74,0.61
User_IMFfdloss_3,39,0.92,0.72,0.68,0.78,0.8,0.94,0.54,0.63,0.63,0.74
User_IMFfdloss_3,49,1.0,0.6,0.6,0.72,0.97,0.96,0.58,0.58,0.7,0.7
User_IMFfdloss_3,51,0.93,0.72,0.69,0.79,0.85,0.93,0.59,0.64,0.67,0.73
User_IMFfdloss_3,52,0.85,0.84,0.73,0.82,2.32,0.98,1.68,0.71,1.91,0.81
User_IMFfdloss_3,64,0.73,0.76,0.56,0.72,1.27,1.01,0.71,0.57,0.92,0.73
User_IMFfdloss_3,80,0.77,0.56,0.42,0.62,0.39,0.64,0.16,0.27,0.24,0.4
User_IMFfdloss_3,97,0.84,0.72,0.6,0.73,1.29,0.76,0.77,0.46,0.94,0.56
User_IMFfdloss_3,106,1.0,0.8,0.8,0.88,2.69,0.82,2.15,0.65,2.36,0.72
User_IMFfdloss_3,116,0.94,0.76,0.73,0.81,0.42,0.7,0.3,0.51,0.34,0.56
User_IMFfdloss_3,118,0.98,0.64,0.62,0.76,1.17,0.85,0.73,0.53,0.89,0.65
User_IMFfdloss_3,129,0.82,0.56,0.46,0.66,0.77,1.18,0.35,0.55,0.5,0.77
User_IMFfdloss_3,144,0.92,0.6,0.57,0.7,1.03,0.92,0.58,0.52,0.72,0.65
User_IMFfdloss_3,147,1.0,0.8,0.8,0.86,1.14,1.03,0.92,0.82,0.99,0.89
User_IMFfdloss_3,150,0.71,0.56,0.4,0.61,1.66,1.13,0.66,0.45,1.02,0.69
User_IMFfdloss_3,156,1.0,0.52,0.52,0.67,0.57,0.98,0.3,0.51,0.38,0.66
User_IMFfdloss_3,159,0.75,0.5,0.45,0.55,1.05,0.97,0.47,0.44,0.58,0.53
User_IMFfdloss_3,281,0.97,0.6,0.58,0.73,1.64,0.94,0.95,0.54,1.2,0.69
User_IMFfdloss_3,300,0.93,0.8,0.75,0.85,0.55,0.94,0.42,0.7,0.47,0.8
User_IMFfdloss_3,322,0.8,0.76,0.61,0.76,0.74,0.83,0.45,0.51,0.57,0.63
User_IMFfdloss_3,330,0.74,0.68,0.51,0.69,0.37,0.99,0.19,0.5,0.26,0.69
User_IMFfdloss_3,333,0.93,0.48,0.44,0.62,1.11,1.01,0.49,0.44,0.69,0.63
User_IMFfdloss_3,339,0.88,0.68,0.62,0.76,1.73,1.01,1.06,0.62,1.32,0.77
User_IMFfdloss_3,347,0.98,0.88,0.87,0.92,0.55,0.89,0.48,0.77,0.51,0.82
User_IMFfdloss_3,356,0.84,0.8,0.7,0.81,1.42,0.93,1.0,0.66,1.16,0.76
User_IMFfdloss_3,365,0.91,0.64,0.59,0.74,0.93,0.88,0.55,0.52,0.69,0.65
User_IMFfdloss_3,370,0.98,0.84,0.82,0.9,0.88,0.98,0.72,0.8,0.79,0.87
User_IMFfdloss_3,389,0.36,0.52,0.17,0.4,2.23,0.9,0.39,0.16,0.88,0.36
User_IMFfdloss_3,392,0.77,0.68,0.53,0.72,0.47,1.16,0.25,0.62,0.34,0.83
User_IMFfdloss_3,394,0.79,0.56,0.45,0.63,2.12,1.0,0.96,0.45,1.35,0.63
User_IMFfdloss_3,396,0.84,0.8,0.69,0.82,0.23,0.97,0.16,0.67,0.19,0.79
User_IMFfdloss_3,400,0.64,0.56,0.39,0.52,0.22,0.69,0.09,0.27,0.11,0.36
User_IMFfdloss_3,405,0.68,0.48,0.33,0.53,0.56,1.01,0.19,0.34,0.3,0.54
User_IMFfdloss_3,406,0.82,0.64,0.55,0.71,1.35,0.8,0.74,0.44,0.95,0.57
User_IMFfdloss_3,413,0.95,0.6,0.58,0.7,0.41,0.93,0.23,0.54,0.29,0.65
User_IMFfdloss_3,415,0.53,0.6,0.37,0.48,1.01,0.91,0.37,0.34,0.49,0.44
User_IMFfdloss_3,419,0.98,0.48,0.47,0.64,1.4,1.01,0.65,0.47,0.89,0.64
User_IMFfdloss_3,421,0.76,0.56,0.45,0.63,1.84,0.8,0.83,0.36,1.15,0.5
User_IMFfdloss_3,426,0.48,0.32,0.16,0.38,1.48,1.03,0.24,0.17,0.56,0.39
User_IMFfdloss_3,429,0.8,0.72,0.63,0.74,0.46,0.96,0.29,0.61,0.34,0.72
User_IMFfdloss_3,432,0.97,0.6,0.58,0.72,1.07,0.92,0.63,0.54,0.77,0.66
User_IMFfdloss_3,443,0.93,0.8,0.75,0.86,0.25,0.76,0.19,0.57,0.21,0.66
User_IMFfdloss_3,446,0.87,0.72,0.63,0.78,1.36,0.92,0.86,0.58,1.07,0.72
User_IMFfdloss_3,453,0.9,0.64,0.57,0.73,0.59,0.83,0.34,0.47,0.43,0.6
User_IMFfdloss_3,461,0.84,0.72,0.6,0.73,0.4,0.72,0.24,0.43,0.29,0.52
User_IMFfdloss_3,477,0.62,0.56,0.34,0.5,2.62,0.84,0.9,0.29,1.32,0.43
User_IMFfdloss_3,479,0.59,0.64,0.5,0.59,0.61,0.96,0.31,0.48,0.36,0.57
User_IMFfdloss_3,481,0.83,0.44,0.36,0.57,0.53,0.92,0.19,0.33,0.3,0.52
User_IMFfdloss_3,488,0.84,0.72,0.62,0.76,0.93,0.89,0.58,0.55,0.7,0.68
User_IMFfdloss_3,499,0.95,0.56,0.54,0.67,1.28,1.07,0.68,0.57,0.86,0.72
User_IMFfdloss_3,529,0.71,0.52,0.39,0.54,2.93,0.72,1.15,0.28,1.58,0.39
User_IMFfdloss_3,535,0.64,0.76,0.5,0.69,0.51,1.0,0.26,0.5,0.35,0.69
User_IMFfdloss_3,554,0.0,0.68,0.0,0.0,0.98,0.74,0.0,0.0,0.0,0.0
User_IMFfdloss_3,567,1.0,0.64,0.64,0.77,3.65,0.88,2.34,0.57,2.81,0.68
User_IMFfdloss_3,575,0.86,0.56,0.49,0.67,0.9,0.94,0.44,0.46,0.6,0.63
User_IMFfdloss_3,585,0.76,0.52,0.37,0.57,1.27,0.95,0.47,0.35,0.72,0.54
User_IMFfdloss_3,590,0.8,0.56,0.45,0.64,0.94,0.78,0.42,0.35,0.6,0.5
User_IMFfdloss_3,605,0.72,0.6,0.47,0.63,4.24,0.94,2.0,0.44,2.66,0.59
User_IMFfdloss_3,606,0.93,0.52,0.5,0.64,1.27,1.01,0.63,0.5,0.81,0.64
User_IMFfdloss_3,626,0.72,0.56,0.44,0.6,2.62,0.84,1.15,0.37,1.58,0.51
User_IMFfdloss_3,632,0.72,0.68,0.5,0.62,0.8,0.75,0.4,0.38,0.5,0.47
User_IMFfdloss_3,633,0.86,0.64,0.55,0.7,0.87,0.86,0.48,0.47,0.61,0.6
User_IMFfdloss_3,634,0.5,0.56,0.28,0.5,0.55,0.89,0.15,0.25,0.28,0.45
User_IMFfdloss_3,645,0.88,0.52,0.47,0.65,0.38,0.62,0.18,0.29,0.25,0.4
User_IMFfdloss_3,654,1.0,0.64,0.64,0.77,1.04,0.86,0.67,0.55,0.8,0.67
User_IMFfdloss_3,679,0.82,0.72,0.59,0.75,0.67,0.79,0.39,0.47,0.5,0.6
User_IMFfdloss_3,687,1.0,0.88,0.88,0.93,0.38,0.89,0.33,0.78,0.35,0.83
User_IMFfdloss_3,730,0.66,0.76,0.51,0.7,1.25,0.93,0.64,0.47,0.87,0.65
User_IMFfdloss_3,743,0.45,0.52,0.25,0.4,1.21,0.91,0.3,0.23,0.48,0.36
User_IMFfdloss_3,746,0.85,0.44,0.39,0.57,0.73,1.4,0.28,0.54,0.42,0.8
User_IMFfdloss_3,755,1.0,0.88,0.88,0.93,0.22,0.9,0.19,0.79,0.2,0.83
User_IMFfdloss_3,756,0.77,0.48,0.41,0.57,2.85,0.97,1.18,0.4,1.61,0.55
User_IMFfdloss_3,806,0.91,0.84,0.76,0.86,0.95,0.93,0.73,0.71,0.82,0.8
User_IMFfdloss_3,810,0.85,0.44,0.38,0.55,0.35,0.85,0.13,0.32,0.19,0.46
User_IMFfdloss_3,819,0.72,0.44,0.36,0.51,0.4,0.77,0.14,0.28,0.2,0.39
User_IMFfdloss_3,836,0.06,0.32,0.02,0.08,1.12,0.74,0.02,0.01,0.08,0.06
User_IMFfdloss_3,903,0.71,0.72,0.49,0.6,1.32,0.91,0.65,0.45,0.8,0.55
User_IMFfdloss_3,917,0.64,0.4,0.27,0.49,0.96,0.79,0.26,0.21,0.47,0.39
User_IMFfdloss_3,919,0.63,0.28,0.18,0.38,1.9,1.06,0.35,0.19,0.73,0.4
User_IMFfdloss_3,920,0.8,0.52,0.46,0.62,0.66,0.83,0.3,0.38,0.41,0.51
User_IMFfdloss_3,922,0.38,0.24,0.09,0.24,0.55,0.92,0.05,0.08,0.13,0.22
User_IMFfdloss_3,928,0.63,0.52,0.36,0.53,2.49,0.83,0.9,0.3,1.31,0.44
User_IMFfdloss_3,931,0.95,0.8,0.76,0.87,0.59,0.8,0.45,0.61,0.51,0.69
User_IMFfdloss_3,943,0.76,0.84,0.65,0.72,0.96,0.99,0.62,0.64,0.69,0.71
User_IMFfdloss_3,952,0.88,0.84,0.73,0.82,0.89,0.9,0.65,0.66,0.74,0.75
User_IMFfdloss_3,960,1.0,0.68,0.68,0.81,3.03,0.85,2.06,0.58,2.44,0.68
User_IMFfdloss_3,962,0.83,0.76,0.65,0.78,0.59,0.79,0.39,0.51,0.47,0.62
User_IMFfdloss_3,968,0.87,0.72,0.63,0.77,1.74,0.79,1.09,0.5,1.33,0.6
User_IMFfdloss_3,971,1.0,0.72,0.72,0.83,0.47,1.03,0.34,0.74,0.39,0.85
User_IMFfdloss_3,972,0.95,0.64,0.62,0.73,1.97,0.81,1.21,0.5,1.43,0.59
User_IMFfdloss_3,981,0.71,0.44,0.31,0.53,0.6,0.88,0.18,0.27,0.32,0.47
User_IMFfdloss_3,982,0.71,0.44,0.35,0.53,1.1,0.85,0.39,0.3,0.59,0.45
User_IMFfdloss_3,983,0.83,0.44,0.39,0.55,0.5,0.93,0.19,0.36,0.27,0.51
User_IMFfdloss_3,985,0.72,0.92,0.7,0.77,2.11,0.92,1.47,0.64,1.63,0.71
User_IMFfdloss_3,991,0.93,0.84,0.8,0.88,0.59,0.92,0.47,0.73,0.52,0.8
User_IMFfdloss_3,999,0.74,0.56,0.42,0.6,0.96,0.75,0.41,0.32,0.57,0.44
