image_name,class_id,class_name,User_1_alignment,User_1_artifact,User_2_alignment,User_2_artifact,User_3_alignment,User_3_artifact,alignment_mean,artifact_mean,alignment_zscore,artifact_zscore,alignment_additive,artifact_additive
000000.png,4,hammerhead,3.75,4.0,1.11,2.0,2.0,3.0,2.29,3.0,2.29,3.0,2.29,3.0
000001.png,4,hammerhead,4.29,5.0,4.44,5.0,3.75,5.0,4.16,5.0,4.17,5.03,4.16,5.0
000002.png,4,hammerhead,2.5,4.0,2.0,3.0,4.17,4.0,2.89,3.67,2.86,3.64,2.89,3.67
000003.png,4,hammerhead,3.12,4.0,1.5,3.0,5.0,4.0,3.21,3.67,3.21,3.64,3.21,3.67
000004.png,4,hammerhead,4.29,5.0,2.0,2.0,3.33,3.0,3.21,3.33,3.24,3.39,3.21,3.33
000005.png,4,hammerhead,2.86,1.0,0.0,1.0,0.0,1.0,0.95,1.0,0.92,0.92,0.95,1.0
000006.png,4,hammerhead,2.86,4.0,0.0,1.0,5.0,2.0,2.62,2.33,2.63,2.36,2.62,2.33
000007.png,4,hammerhead,5.0,5.0,4.44,5.0,5.0,4.0,4.81,4.67,4.86,4.74,4.81,4.67
000008.png,4,hammerhead,4.17,4.0,2.5,2.0,2.5,1.0,3.06,2.33,3.07,2.43,3.06,2.33
000009.png,4,hammerhead,3.12,5.0,2.5,3.0,5.0,3.0,3.54,3.67,3.54,3.74,3.54,3.67
000010.png,7,cock,3.5,5.0,2.73,4.0,3.57,4.0,3.27,4.33,3.26,4.39,3.27,4.33
000011.png,7,cock,5.0,5.0,4.17,5.0,5.0,4.0,4.72,4.67,4.77,4.74,4.72,4.67
000012.png,7,cock,4.0,3.0,3.64,4.0,5.0,3.0,4.21,3.33,4.23,3.33,4.21,3.33
000013.png,7,cock,5.0,5.0,5.0,4.0,5.0,4.0,5.0,4.33,5.04,4.39,5.0,4.33
000014.png,7,cock,4.29,5.0,5.0,5.0,5.0,4.0,4.76,4.67,4.78,4.74,4.76,4.67
000015.png,7,cock,3.18,4.0,1.82,3.0,5.0,3.0,3.33,3.33,3.34,3.36,3.33,3.33
000016.png,7,cock,4.09,4.0,4.09,4.0,3.33,3.0,3.84,3.67,3.84,3.72,3.84,3.67
000017.png,7,cock,2.73,4.0,2.0,4.0,4.0,2.0,2.91,3.33,2.89,3.43,2.91,3.33
000018.png,7,cock,5.0,5.0,5.0,5.0,5.0,5.0,5.0,5.0,5.04,5.03,5.0,5.0
000019.png,7,cock,5.0,4.0,5.0,4.0,5.0,3.0,5.0,3.67,5.04,3.72,5.0,3.67
000020.png,10,brambling,4.0,5.0,5.0,5.0,4.38,5.0,4.46,5.0,4.46,5.03,4.46,5.0
000021.png,10,brambling,4.5,4.0,4.44,4.0,5.0,4.0,4.65,4.0,4.67,4.0,4.65,4.0
000022.png,10,brambling,2.5,3.0,2.22,3.0,5.0,4.0,3.24,3.33,3.22,3.26,3.24,3.33
000023.png,10,brambling,4.38,5.0,2.22,4.0,3.75,4.0,3.45,4.33,3.48,4.39,3.45,4.33
000024.png,10,brambling,4.5,4.0,5.0,5.0,4.38,5.0,4.63,4.67,4.64,4.64,4.63,4.67
000025.png,10,brambling,3.5,4.0,5.0,4.0,5.0,4.0,4.5,4.0,4.48,4.0,4.5,4.0
000026.png,10,brambling,4.0,3.0,2.22,2.0,5.0,3.0,3.74,2.67,3.77,2.62,3.74,2.67
000027.png,10,brambling,4.44,4.0,5.0,5.0,5.0,5.0,4.81,4.67,4.83,4.64,4.81,4.67
000028.png,10,brambling,4.44,4.0,2.22,2.0,3.57,2.0,3.41,2.67,3.44,2.72,3.41,2.67
000029.png,10,brambling,3.5,4.0,2.5,4.0,5.0,2.0,3.67,3.33,3.68,3.43,3.67,3.33
000030.png,25,European fire salamander,3.0,4.0,4.0,4.0,5.0,5.0,4.0,4.33,3.98,4.28,4.0,4.33
000031.png,25,European fire salamander,4.29,5.0,4.29,5.0,5.0,4.0,4.53,4.67,4.55,4.74,4.53,4.67
000032.png,25,European fire salamander,4.0,4.0,5.0,5.0,4.0,5.0,4.33,4.67,4.33,4.64,4.33,4.67
000033.png,25,European fire salamander,4.17,5.0,4.29,4.0,5.0,5.0,4.49,4.67,4.5,4.67,4.49,4.67
000034.png,25,European fire salamander,4.0,4.0,3.57,4.0,3.0,4.0,3.52,4.0,3.52,4.0,3.52,4.0
000035.png,25,European fire salamander,4.0,3.0,2.86,3.0,5.0,5.0,3.95,3.67,3.98,3.54,3.95,3.67
000036.png,25,European fire salamander,3.33,3.0,2.86,2.0,5.0,4.0,3.73,3.0,3.73,2.9,3.73,3.0
000037.png,25,European fire salamander,2.86,3.0,2.14,2.0,3.75,3.0,2.92,2.67,2.9,2.62,2.92,2.67
000038.png,25,European fire salamander,4.17,5.0,4.29,4.0,4.29,5.0,4.25,4.67,4.26,4.67,4.25,4.67
000039.png,25,European fire salamander,2.14,2.0,2.14,2.0,5.0,4.0,3.09,2.67,3.06,2.51,3.09,2.67
000040.png,35,mud turtle,4.17,4.0,4.0,4.0,4.17,5.0,4.11,4.33,4.13,4.28,4.11,4.33
000041.png,35,mud turtle,5.0,3.0,0.0,1.0,4.0,3.0,3.0,2.33,3.08,2.26,3.0,2.33
000042.png,35,mud turtle,3.33,3.0,2.0,2.0,5.0,5.0,3.44,3.33,3.45,3.18,3.44,3.33
000043.png,35,mud turtle,5.0,4.0,5.0,5.0,4.29,4.0,4.76,4.33,4.8,4.36,4.76,4.33
000044.png,35,mud turtle,2.5,3.0,5.0,5.0,5.0,4.0,4.17,4.0,4.11,3.97,4.17,4.0
000045.png,35,mud turtle,5.0,3.0,5.0,5.0,4.0,5.0,4.67,4.33,4.7,4.25,4.67,4.33
000046.png,35,mud turtle,4.17,5.0,4.0,5.0,2.5,4.0,3.56,4.67,3.55,4.74,3.56,4.67
000047.png,35,mud turtle,4.17,3.0,2.5,4.0,4.17,4.0,3.61,3.67,3.64,3.61,3.61,3.67
000048.png,35,mud turtle,4.0,4.0,5.0,4.0,0.0,3.0,3.0,3.67,2.96,3.72,3.0,3.67
000049.png,35,mud turtle,4.38,3.0,3.57,3.0,3.33,2.0,3.76,2.67,3.78,2.69,3.76,2.67
000050.png,39,common iguana,3.75,4.0,5.0,4.0,4.38,5.0,4.38,4.33,4.37,4.28,4.38,4.33
000051.png,39,common iguana,5.0,5.0,5.0,5.0,5.0,5.0,5.0,5.0,5.04,5.03,5.0,5.0
000052.png,39,common iguana,4.29,2.0,1.88,3.0,4.29,5.0,3.49,3.33,3.53,3.15,3.49,3.33
000053.png,39,common iguana,5.0,4.0,1.88,3.0,4.0,4.0,3.63,3.67,3.69,3.64,3.63,3.67
000054.png,39,common iguana,4.29,4.0,1.25,2.0,5.0,3.0,3.51,3.0,3.56,3.0,3.51,3.0
000055.png,39,common iguana,2.22,3.0,0.56,3.0,3.33,3.0,2.04,3.0,2.0,2.97,2.04,3.0
000056.png,39,common iguana,5.0,5.0,3.33,3.0,5.0,4.0,4.44,4.0,4.5,4.03,4.44,4.0
000057.png,39,common iguana,5.0,5.0,5.0,5.0,5.0,5.0,5.0,5.0,5.04,5.03,5.0,5.0
000058.png,39,common iguana,5.0,4.0,3.89,4.0,5.0,5.0,4.63,4.33,4.68,4.28,4.63,4.33
000059.png,39,common iguana,5.0,5.0,5.0,3.0,2.5,3.0,4.17,3.67,4.19,3.74,4.17,3.67
000060.png,49,African crocodile,4.17,5.0,3.0,4.0,3.0,5.0,3.39,4.67,3.4,4.67,3.39,4.67
000061.png,49,African crocodile,5.0,5.0,3.75,4.0,5.0,5.0,4.58,4.67,4.64,4.67,4.58,4.67
000062.png,49,African crocodile,5.0,5.0,5.0,5.0,5.0,5.0,5.0,5.0,5.04,5.03,5.0,5.0
000063.png,49,African crocodile,4.38,4.0,4.29,4.0,2.5,4.0,3.72,4.0,3.73,4.0,3.72,4.0
000064.png,49,African crocodile,3.33,2.0,1.0,2.0,2.0,4.0,2.11,2.67,2.1,2.51,2.11,2.67
000065.png,49,African crocodile,3.57,2.0,0.0,1.0,0.0,0.0,1.19,1.0,1.18,1.02,1.19,1.0
000066.png,49,African crocodile,3.75,3.0,0.5,2.0,4.0,4.0,2.75,3.0,2.78,2.9,2.75,3.0
000067.png,49,African crocodile,4.44,4.0,3.89,5.0,3.5,5.0,3.94,4.67,3.96,4.64,3.94,4.67
000068.png,49,African crocodile,4.38,3.0,3.0,4.0,2.78,3.0,3.39,3.33,3.4,3.33,3.39,3.33
000069.png,49,African crocodile,5.0,3.0,4.17,3.0,5.0,4.0,4.72,3.33,4.77,3.26,4.72,3.33
000070.png,51,triceratops,4.0,3.0,2.14,3.0,2.5,3.0,2.88,3.0,2.89,2.97,2.88,3.0
000071.png,51,triceratops,1.88,4.0,0.0,2.0,0.0,0.0,0.63,2.0,0.56,2.15,0.63,2.0
000072.png,51,triceratops,3.75,4.0,5.0,5.0,5.0,4.0,4.58,4.33,4.58,4.36,4.58,4.33
000073.png,51,triceratops,4.0,4.0,5.0,4.0,4.0,4.0,4.33,4.0,4.33,4.0,4.33,4.0
000074.png,51,triceratops,3.75,5.0,5.0,5.0,5.0,4.0,4.58,4.67,4.58,4.74,4.58,4.67
000075.png,51,triceratops,4.38,3.0,5.0,5.0,3.12,5.0,4.17,4.33,4.17,4.25,4.17,4.33
000076.png,51,triceratops,3.57,4.0,3.57,4.0,5.0,4.0,4.05,4.0,4.05,4.0,4.05,4.0
000077.png,51,triceratops,4.29,4.0,5.0,4.0,4.29,4.0,4.53,4.0,4.53,4.0,4.53,4.0
000078.png,51,triceratops,3.0,4.0,0.0,1.0,0.0,0.0,1.0,1.67,0.97,1.79,1.0,1.67
000079.png,51,triceratops,5.0,5.0,2.0,3.0,5.0,4.0,4.0,4.0,4.07,4.03,4.0,4.0
000080.png,52,thunder snake,4.17,4.0,5.0,4.0,2.86,5.0,4.01,4.33,4.0,4.28,4.01,4.33
000081.png,52,thunder snake,3.57,4.0,4.29,5.0,4.0,4.0,3.95,4.33,3.94,4.36,3.95,4.33
000082.png,52,thunder snake,3.57,3.0,0.0,1.0,0.0,0.0,1.19,1.33,1.18,1.41,1.19,1.33
000083.png,52,thunder snake,3.57,3.0,0.0,1.0,0.0,0.0,1.19,1.33,1.18,1.41,1.19,1.33
000084.png,52,thunder snake,3.75,4.0,3.12,4.0,5.0,2.0,3.96,3.33,3.97,3.43,3.96,3.33
000085.png,52,thunder snake,4.29,5.0,5.0,5.0,4.17,4.0,4.49,4.67,4.49,4.74,4.49,4.67
000086.png,52,thunder snake,5.0,5.0,5.0,5.0,5.0,4.0,5.0,4.67,5.04,4.74,5.0,4.67
000087.png,52,thunder snake,4.29,4.0,5.0,4.0,5.0,1.0,4.76,3.0,4.78,3.15,4.76,3.0
000088.png,52,thunder snake,5.0,4.0,4.29,4.0,4.0,4.0,4.43,4.0,4.47,4.0,4.43,4.0
000089.png,52,thunder snake,3.33,1.0,0.0,1.0,1.88,4.0,1.74,2.0,1.74,1.77,1.74,2.0
000090.png,64,green mamba,4.29,4.0,5.0,4.0,5.0,3.0,4.76,3.67,4.78,3.72,4.76,3.67
000091.png,64,green mamba,5.0,5.0,5.0,5.0,5.0,5.0,5.0,5.0,5.04,5.03,5.0,5.0
000092.png,64,green mamba,5.0,4.0,3.12,3.0,2.14,3.0,3.42,3.33,3.45,3.36,3.42,3.33
000093.png,64,green mamba,5.0,5.0,4.38,4.0,4.38,5.0,4.59,4.67,4.63,4.67,4.59,4.67
000094.png,64,green mamba,5.0,3.0,2.5,3.0,2.78,1.0,3.43,2.33,3.47,2.4,3.43,2.33
000095.png,64,green mamba,5.0,5.0,4.38,4.0,3.33,5.0,4.24,4.67,4.27,4.67,4.24,4.67
000096.png,64,green mamba,5.0,3.0,4.17,4.0,4.17,5.0,4.45,4.0,4.49,3.9,4.45,4.0
000097.png,64,green mamba,5.0,5.0,4.38,4.0,4.38,4.0,4.59,4.33,4.63,4.39,4.59,4.33
000098.png,64,green mamba,5.0,4.0,5.0,3.0,4.0,4.0,4.67,3.67,4.7,3.64,4.67,3.67
000099.png,64,green mamba,5.0,5.0,5.0,5.0,3.33,5.0,4.44,5.0,4.47,5.03,4.44,5.0
000100.png,80,black grouse,2.0,2.0,1.11,2.0,0.0,0.0,1.04,1.33,0.96,1.38,1.04,1.33
000101.png,80,black grouse,4.38,4.0,2.5,3.0,2.14,4.0,3.01,3.67,3.02,3.64,3.01,3.67
000102.png,80,black grouse,5.0,5.0,2.22,4.0,1.11,4.0,2.78,4.33,2.81,4.39,2.78,4.33
000103.png,80,black grouse,4.38,3.0,3.33,4.0,3.12,1.0,3.61,2.67,3.63,2.76,3.61,2.67
000104.png,80,black grouse,3.33,5.0,1.67,5.0,3.33,4.0,2.78,4.67,2.77,4.74,2.78,4.67
000105.png,80,black grouse,4.38,3.0,4.44,5.0,3.57,4.0,4.13,4.0,4.14,3.97,4.13,4.0
000106.png,80,black grouse,5.0,5.0,3.89,5.0,3.75,5.0,4.21,5.0,4.25,5.03,4.21,5.0
000107.png,80,black grouse,5.0,4.0,1.67,4.0,2.14,3.0,2.94,3.67,2.99,3.72,2.94,3.67
000108.png,80,black grouse,5.0,5.0,4.44,5.0,5.0,5.0,4.81,5.0,4.86,5.03,4.81,5.0
000109.png,80,black grouse,4.38,4.0,2.78,5.0,2.78,4.0,3.31,4.33,3.33,4.36,3.31,4.33
000110.png,97,drake,3.33,3.0,4.17,4.0,3.33,2.0,3.61,3.0,3.58,3.05,3.61,3.0
000111.png,97,drake,2.5,5.0,1.67,4.0,2.5,4.0,2.22,4.33,2.18,4.39,2.22,4.33
000112.png,97,drake,5.0,5.0,5.0,5.0,4.17,5.0,4.72,5.0,4.76,5.03,4.72,5.0
000113.png,97,drake,5.0,4.0,5.0,5.0,5.0,4.0,5.0,4.33,5.04,4.36,5.0,4.33
000114.png,97,drake,5.0,4.0,5.0,4.0,5.0,5.0,5.0,4.33,5.04,4.28,5.0,4.33
000115.png,97,drake,4.29,4.0,2.86,4.0,4.29,3.0,3.81,3.67,3.84,3.72,3.81,3.67
000116.png,97,drake,5.0,4.0,5.0,4.0,4.0,5.0,4.67,4.33,4.7,4.28,4.67,4.33
000117.png,97,drake,5.0,5.0,4.17,5.0,4.0,4.0,4.39,4.67,4.43,4.74,4.39,4.67
000118.png,97,drake,5.0,4.0,4.17,5.0,5.0,5.0,4.72,4.67,4.77,4.64,4.72,4.67
000119.png,97,drake,5.0,5.0,5.0,4.0,5.0,5.0,5.0,4.67,5.04,4.67,5.0,4.67
000120.png,106,wombat,5.0,5.0,5.0,5.0,5.0,5.0,5.0,5.0,5.04,5.03,5.0,5.0
000121.png,106,wombat,4.38,5.0,4.38,4.0,4.38,4.0,4.38,4.33,4.4,4.39,4.38,4.33
000122.png,106,wombat,5.0,5.0,5.0,5.0,4.17,5.0,4.72,5.0,4.76,5.03,4.72,5.0
000123.png,106,wombat,5.0,5.0,5.0,5.0,2.86,4.0,4.29,4.67,4.31,4.74,4.29,4.67
000124.png,106,wombat,0.0,5.0,0.0,5.0,0.0,4.0,0.0,4.67,-0.14,4.74,0.0,4.67
000125.png,106,wombat,4.29,3.0,3.33,2.0,2.5,2.0,3.37,2.33,3.38,2.33,3.37,2.33
000126.png,106,wombat,4.38,3.0,4.38,4.0,3.12,1.0,3.96,2.67,3.97,2.76,3.96,2.67
000127.png,106,wombat,5.0,4.0,4.38,5.0,5.0,4.0,4.79,4.33,4.84,4.36,4.79,4.33
000128.png,106,wombat,5.0,5.0,3.12,4.0,5.0,5.0,4.37,4.67,4.43,4.67,4.37,4.67
000129.png,106,wombat,5.0,4.0,4.44,4.0,3.75,4.0,4.4,4.0,4.43,4.0,4.4,4.0
000130.png,116,chiton,5.0,4.0,5.0,5.0,0.0,0.0,3.33,3.0,3.33,3.22,3.33,3.0
000131.png,116,chiton,3.57,4.0,4.44,5.0,5.0,5.0,4.34,4.67,4.33,4.64,4.34,4.67
000132.png,116,chiton,0.0,5.0,0.0,2.0,5.0,3.0,1.67,3.33,1.57,3.39,1.67,3.33
000133.png,116,chiton,0.0,5.0,4.44,3.0,2.5,5.0,2.31,4.33,2.15,4.31,2.31,4.33
000134.png,116,chiton,5.0,4.0,5.0,5.0,5.0,4.0,5.0,4.33,5.04,4.36,5.0,4.33
000135.png,116,chiton,4.29,5.0,5.0,3.0,3.89,5.0,4.39,4.33,4.4,4.31,4.39,4.33
000136.png,116,chiton,4.29,5.0,5.0,4.0,3.89,5.0,4.39,4.67,4.4,4.67,4.39,4.67
000137.png,116,chiton,0.0,4.0,3.89,3.0,0.0,5.0,1.3,4.0,1.12,3.93,1.3,4.0
000138.png,116,chiton,4.38,5.0,5.0,5.0,3.89,5.0,4.42,5.0,4.43,5.03,4.42,5.0
000139.png,116,chiton,4.29,4.0,4.44,3.0,2.78,4.0,3.84,3.67,3.84,3.64,3.84,3.67
000140.png,118,Dungeness crab,4.44,5.0,4.44,5.0,2.78,4.0,3.89,4.67,3.89,4.74,3.89,4.67
000141.png,118,Dungeness crab,5.0,5.0,4.38,4.0,2.78,5.0,4.05,4.67,4.08,4.67,4.05,4.67
000142.png,118,Dungeness crab,4.17,5.0,3.57,3.0,3.33,3.0,3.69,3.67,3.7,3.74,3.69,3.67
000143.png,118,Dungeness crab,2.22,2.0,0.0,3.0,2.78,1.0,1.67,2.0,1.64,2.02,1.67,2.0
000144.png,118,Dungeness crab,3.12,3.0,0.0,2.0,2.22,2.0,1.78,2.33,1.78,2.33,1.78,2.33
000145.png,118,Dungeness crab,5.0,5.0,5.0,5.0,5.0,4.0,5.0,4.67,5.04,4.74,5.0,4.67
000146.png,118,Dungeness crab,3.75,3.0,3.12,3.0,3.33,3.0,3.4,3.0,3.4,2.97,3.4,3.0
000147.png,118,Dungeness crab,1.11,2.0,0.0,1.0,0.0,0.0,0.37,1.0,0.27,1.02,0.37,1.0
000148.png,118,Dungeness crab,3.75,4.0,3.12,3.0,3.89,2.0,3.59,3.0,3.59,3.07,3.59,3.0
000149.png,118,Dungeness crab,0.0,5.0,0.0,5.0,0.56,3.0,0.19,4.33,0.05,4.46,0.19,4.33
000150.png,129,spoonbill,1.67,2.0,1.67,3.0,1.11,2.0,1.48,2.33,1.4,2.3,1.48,2.33
000151.png,129,spoonbill,5.0,5.0,4.29,5.0,2.78,5.0,4.02,5.0,4.05,5.03,4.02,5.0
000152.png,129,spoonbill,3.75,3.0,2.86,3.0,1.11,3.0,2.57,3.0,2.56,2.97,2.57,3.0
000153.png,129,spoonbill,4.29,3.0,2.5,4.0,2.22,4.0,3.0,3.67,3.02,3.61,3.0,3.67
000154.png,129,spoonbill,5.0,4.0,2.78,4.0,3.89,5.0,3.89,4.33,3.94,4.28,3.89,4.33
000155.png,129,spoonbill,4.38,5.0,4.29,5.0,2.78,5.0,3.82,5.0,3.82,5.03,3.82,5.0
000156.png,129,spoonbill,4.38,5.0,3.57,4.0,2.78,5.0,3.58,4.67,3.59,4.67,3.58,4.67
000157.png,129,spoonbill,5.0,5.0,5.0,5.0,4.0,5.0,4.67,5.0,4.7,5.03,4.67,5.0
000158.png,129,spoonbill,4.38,3.0,4.17,4.0,3.33,3.0,3.96,3.33,3.97,3.33,3.96,3.33
000159.png,129,spoonbill,5.0,4.0,4.17,4.0,2.78,5.0,3.98,4.33,4.01,4.28,3.98,4.33
000160.png,144,pelican,4.38,5.0,5.0,5.0,4.29,5.0,4.56,5.0,4.57,5.03,4.56,5.0
000161.png,144,pelican,4.44,4.0,3.89,4.0,3.33,3.0,3.89,3.67,3.9,3.72,3.89,3.67
000162.png,144,pelican,3.57,3.0,1.11,3.0,3.57,3.0,2.75,3.0,2.76,2.97,2.75,3.0
000163.png,144,pelican,5.0,3.0,2.78,3.0,4.17,4.0,3.98,3.33,4.04,3.26,3.98,3.33
000164.png,144,pelican,4.38,4.0,2.22,3.0,3.57,3.0,3.39,3.33,3.42,3.36,3.39,3.33
000165.png,144,pelican,2.5,5.0,5.0,3.0,5.0,3.0,4.17,3.67,4.11,3.74,4.17,3.67
000166.png,144,pelican,4.44,4.0,3.33,3.0,4.44,4.0,4.07,3.67,4.1,3.64,4.07,3.67
000167.png,144,pelican,5.0,4.0,1.67,4.0,2.86,2.0,3.18,3.33,3.23,3.43,3.18,3.33
000168.png,144,pelican,4.29,4.0,0.56,2.0,1.11,3.0,1.99,3.0,2.01,3.0,1.99,3.0
000169.png,144,pelican,4.38,5.0,2.78,4.0,4.38,3.0,3.85,4.0,3.88,4.1,3.85,4.0
000170.png,147,grey whale,5.0,4.0,0.0,2.0,0.0,3.0,1.67,3.0,1.71,3.0,1.67,3.0
000171.png,147,grey whale,5.0,4.0,0.0,3.0,0.0,3.0,1.67,3.33,1.71,3.36,1.67,3.33
000172.png,147,grey whale,5.0,4.0,2.5,5.0,0.56,4.0,2.69,4.33,2.71,4.36,2.69,4.33
000173.png,147,grey whale,5.0,4.0,3.0,5.0,1.11,4.0,3.04,4.33,3.06,4.36,3.04,4.33
000174.png,147,grey whale,5.0,4.0,0.0,4.0,1.67,5.0,2.22,4.33,2.28,4.28,2.22,4.33
000175.png,147,grey whale,5.0,5.0,4.0,4.0,1.67,5.0,3.56,4.67,3.58,4.67,3.56,4.67
000176.png,147,grey whale,5.0,5.0,3.75,4.0,1.67,5.0,3.47,4.67,3.5,4.67,3.47,4.67
000177.png,147,grey whale,0.0,5.0,0.0,2.0,0.0,1.0,0.0,2.67,-0.14,2.82,0.0,2.67
000178.png,147,grey whale,0.0,5.0,0.0,1.0,0.0,1.0,0.0,2.33,-0.14,2.46,0.0,2.33
000179.png,147,grey whale,3.75,3.0,3.33,5.0,1.11,5.0,2.73,4.33,2.71,4.25,2.73,4.33
000180.png,150,sea lion,0.0,2.0,0.0,1.0,0.0,1.0,0.0,1.33,-0.14,1.31,0.0,1.33
000181.png,150,sea lion,5.0,5.0,4.29,5.0,3.12,5.0,4.14,5.0,4.17,5.03,4.14,5.0
000182.png,150,sea lion,4.29,3.0,3.33,3.0,3.12,5.0,3.58,3.67,3.59,3.54,3.58,3.67
000183.png,150,sea lion,3.12,2.0,1.67,3.0,3.12,4.0,2.64,3.0,2.62,2.87,2.64,3.0
000184.png,150,sea lion,0.0,4.0,0.0,2.0,0.0,4.0,0.0,3.33,-0.14,3.29,0.0,3.33
000185.png,150,sea lion,5.0,3.0,5.0,3.0,3.89,3.0,4.63,3.0,4.66,2.97,4.63,3.0
000186.png,150,sea lion,3.33,4.0,0.0,2.0,1.11,4.0,1.48,3.33,1.47,3.29,1.48,3.33
000187.png,150,sea lion,2.78,3.0,0.0,3.0,1.67,4.0,1.48,3.33,1.46,3.26,1.48,3.33
000188.png,150,sea lion,4.38,3.0,2.22,3.0,3.33,3.0,3.31,3.0,3.34,2.97,3.31,3.0
000189.png,150,sea lion,0.0,2.0,0.0,2.0,0.0,0.0,0.0,1.33,-0.14,1.38,0.0,1.33
000190.png,156,Blenheim spaniel,4.17,5.0,5.0,5.0,2.5,4.0,3.89,4.67,3.88,4.74,3.89,4.67
000191.png,156,Blenheim spaniel,4.17,5.0,5.0,5.0,3.75,5.0,4.31,5.0,4.31,5.03,4.31,5.0
000192.png,156,Blenheim spaniel,3.57,5.0,5.0,5.0,3.12,5.0,3.9,5.0,3.87,5.03,3.9,5.0
000193.png,156,Blenheim spaniel,4.17,5.0,5.0,4.0,2.5,3.0,3.89,4.0,3.88,4.1,3.89,4.0
000194.png,156,Blenheim spaniel,4.17,5.0,5.0,5.0,5.0,5.0,4.72,5.0,4.73,5.03,4.72,5.0
000195.png,156,Blenheim spaniel,3.89,4.0,4.44,5.0,4.44,4.0,4.26,4.33,4.26,4.36,4.26,4.33
000196.png,156,Blenheim spaniel,3.75,4.0,3.75,4.0,0.0,0.0,2.5,2.67,2.46,2.86,2.5,2.67
000197.png,156,Blenheim spaniel,3.33,3.0,1.25,3.0,0.0,0.0,1.53,2.0,1.5,2.12,1.53,2.0
000198.png,156,Blenheim spaniel,4.17,4.0,3.12,4.0,1.11,3.0,2.8,3.67,2.79,3.72,2.8,3.67
000199.png,156,Blenheim spaniel,3.89,4.0,5.0,4.0,4.44,5.0,4.44,4.33,4.44,4.28,4.44,4.33
000200.png,159,Rhodesian ridgeback,5.0,4.0,3.75,4.0,4.0,5.0,4.25,4.33,4.29,4.28,4.25,4.33
000201.png,159,Rhodesian ridgeback,5.0,5.0,5.0,5.0,4.29,5.0,4.76,5.0,4.8,5.03,4.76,5.0
000202.png,159,Rhodesian ridgeback,5.0,5.0,5.0,5.0,4.29,5.0,4.76,5.0,4.8,5.03,4.76,5.0
000203.png,159,Rhodesian ridgeback,5.0,4.0,5.0,5.0,3.75,5.0,4.58,4.67,4.61,4.64,4.58,4.67
000204.png,159,Rhodesian ridgeback,5.0,5.0,5.0,5.0,5.0,5.0,5.0,5.0,5.04,5.03,5.0,5.0
000205.png,159,Rhodesian ridgeback,3.75,3.0,5.0,4.0,2.5,3.0,3.75,3.33,3.72,3.33,3.75,3.33
000206.png,159,Rhodesian ridgeback,2.86,2.0,1.25,1.0,3.57,3.0,2.56,2.0,2.55,1.87,2.56,2.0
000207.png,159,Rhodesian ridgeback,5.0,3.0,3.89,4.0,4.0,5.0,4.3,4.0,4.34,3.9,4.3,4.0
000208.png,159,Rhodesian ridgeback,5.0,4.0,5.0,5.0,5.0,5.0,5.0,4.67,5.04,4.64,5.0,4.67
000209.png,159,Rhodesian ridgeback,5.0,2.0,2.86,2.0,0.0,0.0,2.62,1.33,2.64,1.38,2.62,1.33
000210.png,281,tabby cat,5.0,4.0,5.0,4.0,3.57,3.0,4.52,3.67,4.55,3.72,4.52,3.67
000211.png,281,tabby cat,5.0,5.0,3.57,4.0,3.57,3.0,4.05,4.0,4.09,4.1,4.05,4.0
000212.png,281,tabby cat,5.0,5.0,5.0,5.0,3.12,4.0,4.37,4.67,4.4,4.74,4.37,4.67
000213.png,281,tabby cat,5.0,4.0,5.0,5.0,5.0,5.0,5.0,4.67,5.04,4.64,5.0,4.67
000214.png,281,tabby cat,5.0,4.0,3.33,4.0,4.29,4.0,4.21,4.0,4.26,4.0,4.21,4.0
000215.png,281,tabby cat,5.0,5.0,5.0,5.0,5.0,5.0,5.0,5.0,5.04,5.03,5.0,5.0
000216.png,281,tabby cat,5.0,4.0,5.0,5.0,3.57,4.0,4.52,4.33,4.55,4.36,4.52,4.33
000217.png,281,tabby cat,4.17,2.0,4.17,4.0,2.86,3.0,3.73,3.0,3.73,2.94,3.73,3.0
000218.png,281,tabby cat,5.0,3.0,5.0,4.0,3.75,3.0,4.58,3.33,4.61,3.33,4.58,3.33
000219.png,281,tabby cat,1.88,5.0,3.57,5.0,2.5,4.0,2.65,4.67,2.57,4.74,2.65,4.67
000220.png,300,tiger beetle,1.88,2.0,0.0,2.0,0.0,0.0,0.63,1.33,0.56,1.38,0.63,1.33
000221.png,300,tiger beetle,4.17,4.0,3.75,5.0,1.25,5.0,3.06,4.67,3.05,4.64,3.06,4.67
000222.png,300,tiger beetle,5.0,5.0,5.0,5.0,4.38,5.0,4.79,5.0,4.83,5.03,4.79,5.0
000223.png,300,tiger beetle,4.29,5.0,3.12,4.0,3.75,5.0,3.72,4.67,3.74,4.67,3.72,4.67
000224.png,300,tiger beetle,5.0,5.0,4.38,5.0,4.38,5.0,4.59,5.0,4.63,5.03,4.59,5.0
000225.png,300,tiger beetle,5.0,3.0,3.75,4.0,5.0,4.0,4.58,3.67,4.64,3.61,4.58,3.67
000226.png,300,tiger beetle,5.0,5.0,5.0,5.0,4.38,5.0,4.79,5.0,4.83,5.03,4.79,5.0
000227.png,300,tiger beetle,4.29,4.0,4.29,4.0,3.75,4.0,4.11,4.0,4.12,4.0,4.11,4.0
000228.png,300,tiger beetle,4.29,3.0,3.57,4.0,3.75,3.0,3.87,3.33,3.89,3.33,3.87,3.33
000229.png,300,tiger beetle,5.0,5.0,3.75,4.0,3.75,4.0,4.17,4.33,4.21,4.39,4.17,4.33
000230.png,322,ringlet,4.38,4.0,4.38,4.0,5.0,5.0,4.59,4.33,4.61,4.28,4.59,4.33
000231.png,322,ringlet,3.57,4.0,5.0,5.0,5.0,5.0,4.52,4.67,4.51,4.64,4.52,4.67
000232.png,322,ringlet,5.0,4.0,3.12,4.0,5.0,5.0,4.37,4.33,4.43,4.28,4.37,4.33
000233.png,322,ringlet,3.75,5.0,3.57,4.0,4.17,5.0,3.83,4.67,3.83,4.67,3.83,4.67
000234.png,322,ringlet,4.38,5.0,3.75,5.0,3.75,5.0,3.96,5.0,3.98,5.03,3.96,5.0
000235.png,322,ringlet,3.75,4.0,4.38,4.0,3.75,3.0,3.96,3.67,3.95,3.72,3.96,3.67
000236.png,322,ringlet,2.86,5.0,5.0,5.0,3.75,5.0,3.87,5.0,3.82,5.03,3.87,5.0
000237.png,322,ringlet,4.38,4.0,5.0,5.0,5.0,4.0,4.79,4.33,4.81,4.36,4.79,4.33
000238.png,322,ringlet,5.0,4.0,3.75,4.0,5.0,4.0,4.58,4.0,4.64,4.0,4.58,4.0
000239.png,322,ringlet,5.0,5.0,5.0,5.0,3.12,5.0,4.37,5.0,4.4,5.03,4.37,5.0
000240.png,330,wood rabbit,4.17,5.0,5.0,5.0,5.0,3.0,4.72,4.33,4.73,4.46,4.72,4.33
000241.png,330,wood rabbit,0.0,4.0,0.0,0.0,0.0,0.0,0.0,1.33,-0.14,1.44,0.0,1.33
000242.png,330,wood rabbit,5.0,5.0,5.0,5.0,4.17,4.0,4.72,4.67,4.76,4.74,4.72,4.67
000243.png,330,wood rabbit,5.0,4.0,3.33,4.0,4.0,4.0,4.11,4.0,4.16,4.0,4.11,4.0
000244.png,330,wood rabbit,3.57,3.0,4.29,5.0,4.38,4.0,4.08,4.0,4.07,3.97,4.08,4.0
000245.png,330,wood rabbit,3.57,3.0,2.5,4.0,3.12,3.0,3.06,3.33,3.06,3.33,3.06,3.33
000246.png,330,wood rabbit,4.0,4.0,5.0,4.0,2.5,2.0,3.83,3.33,3.81,3.43,3.83,3.33
000247.png,330,wood rabbit,3.0,3.0,2.5,4.0,1.88,2.0,2.46,3.0,2.42,3.05,2.46,3.0
000248.png,330,wood rabbit,3.75,3.0,4.38,4.0,4.38,4.0,4.17,3.67,4.16,3.61,4.17,3.67
000249.png,330,wood rabbit,5.0,4.0,4.17,4.0,3.57,3.0,4.25,3.67,4.28,3.72,4.25,3.67
000250.png,333,hamster,5.0,3.0,0.0,2.0,0.0,0.0,1.67,1.67,1.71,1.76,1.67,1.67
000251.png,333,hamster,5.0,4.0,5.0,4.0,4.0,4.0,4.67,4.0,4.7,4.0,4.67,4.0
000252.png,333,hamster,5.0,5.0,5.0,5.0,4.17,5.0,4.72,5.0,4.76,5.03,4.72,5.0
000253.png,333,hamster,5.0,5.0,5.0,5.0,5.0,5.0,5.0,5.0,5.04,5.03,5.0,5.0
000254.png,333,hamster,5.0,3.0,5.0,5.0,3.33,5.0,4.44,4.33,4.47,4.25,4.44,4.33
000255.png,333,hamster,4.17,4.0,4.17,4.0,5.0,4.0,4.45,4.0,4.46,4.0,4.45,4.0
000256.png,333,hamster,5.0,4.0,5.0,5.0,4.29,5.0,4.76,4.67,4.8,4.64,4.76,4.67
000257.png,333,hamster,4.0,5.0,4.0,4.0,3.33,3.0,3.78,4.0,3.78,4.1,3.78,4.0
000258.png,333,hamster,5.0,4.0,4.17,3.0,3.57,3.0,4.25,3.33,4.28,3.36,4.25,3.33
000259.png,333,hamster,5.0,4.0,5.0,3.0,4.29,4.0,4.76,3.67,4.8,3.64,4.76,3.67
000260.png,339,sorrel,3.33,5.0,5.0,5.0,3.75,4.0,4.03,4.67,3.99,4.74,4.03,4.67
000261.png,339,sorrel,3.57,3.0,5.0,4.0,3.75,3.0,4.11,3.33,4.08,3.33,4.11,3.33
000262.png,339,sorrel,5.0,4.0,4.38,3.0,5.0,5.0,4.79,4.0,4.84,3.93,4.79,4.0
000263.png,339,sorrel,5.0,3.0,3.75,4.0,1.88,4.0,3.54,3.67,3.57,3.61,3.54,3.67
000264.png,339,sorrel,5.0,5.0,4.17,4.0,4.17,4.0,4.45,4.33,4.49,4.39,4.45,4.33
000265.png,339,sorrel,5.0,5.0,5.0,4.0,2.5,5.0,4.17,4.67,4.19,4.67,4.17,4.67
000266.png,339,sorrel,5.0,4.0,5.0,5.0,5.0,5.0,5.0,4.67,5.04,4.64,5.0,4.67
000267.png,339,sorrel,5.0,4.0,3.75,4.0,3.12,3.0,3.96,3.67,3.99,3.72,3.96,3.67
000268.png,339,sorrel,5.0,4.0,5.0,5.0,3.33,4.0,4.44,4.33,4.47,4.36,4.44,4.33
000269.png,339,sorrel,5.0,4.0,5.0,5.0,4.38,5.0,4.79,4.67,4.83,4.64,4.79,4.67
000270.png,347,bison,4.5,4.0,4.5,5.0,5.0,5.0,4.67,4.67,4.69,4.64,4.67,4.67
000271.png,347,bison,5.0,4.0,5.0,4.0,4.0,4.0,4.67,4.0,4.7,4.0,4.67,4.0
000272.png,347,bison,5.0,4.0,5.0,5.0,3.5,5.0,4.5,4.67,4.53,4.64,4.5,4.67
000273.png,347,bison,5.0,3.0,3.75,4.0,3.57,3.0,4.11,3.33,4.15,3.33,4.11,3.33
000274.png,347,bison,5.0,3.0,3.12,4.0,3.57,3.0,3.9,3.33,3.94,3.33,3.9,3.33
000275.png,347,bison,5.0,4.0,3.89,4.0,3.75,4.0,4.21,4.0,4.25,4.0,4.21,4.0
000276.png,347,bison,5.0,3.0,4.44,4.0,5.0,4.0,4.81,3.67,4.86,3.61,4.81,3.67
000277.png,347,bison,4.17,4.0,1.88,3.0,0.0,0.0,2.02,2.33,2.01,2.51,2.02,2.33
000278.png,347,bison,5.0,5.0,3.89,4.0,4.44,3.0,4.44,4.0,4.49,4.1,4.44,4.0
000279.png,347,bison,3.0,2.0,0.0,2.0,0.0,0.0,1.0,1.33,0.97,1.38,1.0,1.33
000280.png,356,weasel,5.0,4.0,5.0,3.0,2.22,4.0,4.07,3.67,4.09,3.64,4.07,3.67
000281.png,356,weasel,3.33,3.0,0.0,3.0,3.33,5.0,2.22,3.67,2.23,3.54,2.22,3.67
000282.png,356,weasel,5.0,5.0,4.44,4.0,3.33,5.0,4.26,4.67,4.29,4.67,4.26,4.67
000283.png,356,weasel,0.0,5.0,5.0,4.0,3.33,4.0,2.78,4.33,2.62,4.39,2.78,4.33
000284.png,356,weasel,5.0,5.0,5.0,5.0,3.33,4.0,4.44,4.67,4.47,4.74,4.44,4.67
000285.png,356,weasel,4.0,4.0,1.25,2.0,0.0,0.0,1.75,2.0,1.75,2.15,1.75,2.0
000286.png,356,weasel,2.5,2.0,2.14,2.0,2.22,1.0,2.29,1.67,2.24,1.66,2.29,1.67
000287.png,356,weasel,5.0,5.0,5.0,5.0,4.44,5.0,4.81,5.0,4.85,5.03,4.81,5.0
000288.png,356,weasel,4.0,4.0,4.0,3.0,2.5,3.0,3.5,3.33,3.49,3.36,3.5,3.33
000289.png,356,weasel,4.38,4.0,4.29,3.0,3.33,3.0,4.0,3.33,4.01,3.36,4.0,3.33
000290.png,365,orangutan,5.0,4.0,3.12,3.0,1.88,2.0,3.33,3.0,3.37,3.07,3.33,3.0
000291.png,365,orangutan,5.0,3.0,1.11,4.0,1.67,4.0,2.59,3.67,2.64,3.61,2.59,3.67
000292.png,365,orangutan,5.0,3.0,2.0,4.0,3.75,4.0,3.58,3.67,3.64,3.61,3.58,3.67
000293.png,365,orangutan,5.0,4.0,3.75,5.0,3.0,5.0,3.92,4.67,3.95,4.64,3.92,4.67
000294.png,365,orangutan,4.17,4.0,4.38,4.0,2.86,4.0,3.8,4.0,3.8,4.0,3.8,4.0
000295.png,365,orangutan,3.75,4.0,3.0,3.0,1.67,4.0,2.81,3.67,2.79,3.64,2.81,3.67
000296.png,365,orangutan,5.0,3.0,2.5,4.0,2.22,3.0,3.24,3.33,3.28,3.33,3.24,3.33
000297.png,365,orangutan,3.33,4.0,5.0,4.0,5.0,3.0,4.44,3.67,4.42,3.72,4.44,3.67
000298.png,365,orangutan,5.0,5.0,3.75,5.0,3.33,5.0,4.03,5.0,4.06,5.03,4.03,5.0
000299.png,365,orangutan,5.0,5.0,4.0,5.0,3.33,5.0,4.11,5.0,4.15,5.03,4.11,5.0
000300.png,370,guenon,5.0,4.0,5.0,5.0,5.0,5.0,5.0,4.67,5.04,4.64,5.0,4.67
000301.png,370,guenon,3.75,3.0,3.33,4.0,2.86,3.0,3.31,3.33,3.31,3.33,3.31,3.33
000302.png,370,guenon,4.38,4.0,4.38,5.0,3.5,4.0,4.09,4.33,4.1,4.36,4.09,4.33
000303.png,370,guenon,4.5,4.0,4.38,4.0,3.5,5.0,4.13,4.33,4.14,4.28,4.13,4.33
000304.png,370,guenon,3.33,3.0,1.25,4.0,1.0,3.0,1.86,3.33,1.84,3.33,1.86,3.33
000305.png,370,guenon,4.38,5.0,4.17,4.0,4.17,4.0,4.24,4.33,4.26,4.39,4.24,4.33
000306.png,370,guenon,5.0,5.0,3.5,4.0,2.0,5.0,3.5,4.67,3.53,4.67,3.5,4.67
000307.png,370,guenon,4.17,4.0,4.0,4.0,5.0,4.0,4.39,4.0,4.41,4.0,4.39,4.0
000308.png,370,guenon,4.44,3.0,2.14,4.0,3.0,4.0,3.19,3.67,3.22,3.61,3.19,3.67
000309.png,370,guenon,5.0,4.0,5.0,5.0,4.29,5.0,4.76,4.67,4.8,4.64,4.76,4.67
000310.png,389,barracouta,4.44,5.0,4.44,5.0,2.22,4.0,3.7,4.67,3.7,4.74,3.7,4.67
000311.png,389,barracouta,2.5,2.0,1.67,4.0,1.25,3.0,1.81,3.0,1.76,2.94,1.81,3.0
000312.png,389,barracouta,4.44,5.0,3.89,5.0,3.33,5.0,3.89,5.0,3.9,5.03,3.89,5.0
000313.png,389,barracouta,0.0,2.0,0.0,0.0,0.0,0.0,0.0,0.67,-0.14,0.66,0.0,0.67
000314.png,389,barracouta,4.44,4.0,4.44,5.0,2.78,5.0,3.89,4.67,3.89,4.64,3.89,4.67
000315.png,389,barracouta,5.0,5.0,3.89,5.0,2.78,5.0,3.89,5.0,3.92,5.03,3.89,5.0
000316.png,389,barracouta,3.89,5.0,3.33,5.0,1.11,3.0,2.78,4.33,2.76,4.46,2.78,4.33
000317.png,389,barracouta,4.0,4.0,4.0,4.0,5.0,3.0,4.33,3.67,4.35,3.72,4.33,3.67
000318.png,389,barracouta,4.38,3.0,2.5,4.0,1.88,3.0,2.92,3.33,2.94,3.33,2.92,3.33
000319.png,389,barracouta,3.12,2.0,3.12,5.0,0.62,2.0,2.29,3.0,2.24,3.02,2.29,3.0
000320.png,392,rock beauty,2.14,3.0,2.86,4.0,2.0,4.0,2.33,3.67,2.26,3.61,2.33,3.67
000321.png,392,rock beauty,2.86,4.0,5.0,5.0,2.86,5.0,3.57,4.67,3.52,4.64,3.57,4.67
000322.png,392,rock beauty,2.86,4.0,5.0,5.0,2.86,5.0,3.57,4.67,3.52,4.64,3.57,4.67
000323.png,392,rock beauty,2.14,2.0,2.86,4.0,1.43,3.0,2.14,3.0,2.07,2.94,2.14,3.0
000324.png,392,rock beauty,3.57,4.0,5.0,5.0,3.57,5.0,4.05,4.67,4.02,4.64,4.05,4.67
000325.png,392,rock beauty,3.0,4.0,4.0,5.0,2.14,3.0,3.05,4.0,3.0,4.07,3.05,4.0
000326.png,392,rock beauty,1.0,1.0,0.0,0.0,1.43,1.0,0.81,0.67,0.72,0.56,0.81,0.67
000327.png,392,rock beauty,3.75,4.0,5.0,5.0,2.86,4.0,3.87,4.33,3.85,4.36,3.87,4.33
000328.png,392,rock beauty,3.57,4.0,5.0,5.0,4.29,5.0,4.29,4.67,4.27,4.64,4.29,4.67
000329.png,392,rock beauty,2.86,2.0,4.17,4.0,1.43,3.0,2.82,3.0,2.76,2.94,2.82,3.0
000330.png,394,sturgeon,2.86,2.0,2.86,5.0,0.0,0.0,1.91,2.33,1.85,2.45,1.91,2.33
000331.png,394,sturgeon,3.57,5.0,5.0,5.0,2.86,4.0,3.81,4.67,3.78,4.74,3.81,4.67
000332.png,394,sturgeon,3.33,2.0,1.43,3.0,1.43,2.0,2.06,2.33,2.05,2.3,2.06,2.33
000333.png,394,sturgeon,3.33,2.0,5.0,5.0,1.43,2.0,3.25,3.0,3.2,3.02,3.25,3.0
000334.png,394,sturgeon,0.0,2.0,0.0,1.0,0.0,0.0,0.0,1.0,-0.14,1.02,0.0,1.0
000335.png,394,sturgeon,3.57,5.0,5.0,5.0,3.57,4.0,4.05,4.67,4.02,4.74,4.05,4.67
000336.png,394,sturgeon,4.29,4.0,4.29,5.0,3.57,4.0,4.05,4.33,4.06,4.36,4.05,4.33
000337.png,394,sturgeon,0.0,2.0,0.0,1.0,0.0,0.0,0.0,1.0,-0.14,1.02,0.0,1.0
000338.png,394,sturgeon,3.0,4.0,3.33,4.0,0.71,4.0,2.35,4.0,2.29,4.0,2.35,4.0
000339.png,394,sturgeon,2.86,5.0,3.75,5.0,0.71,4.0,2.44,4.67,2.38,4.74,2.44,4.67
000340.png,396,lionfish,4.29,3.0,3.57,3.0,4.29,4.0,4.05,3.33,4.07,3.26,4.05,3.33
000341.png,396,lionfish,5.0,5.0,5.0,5.0,4.29,4.0,4.76,4.67,4.8,4.74,4.76,4.67
000342.png,396,lionfish,4.29,3.0,4.29,3.0,4.29,5.0,4.29,3.67,4.3,3.54,4.29,3.67
000343.png,396,lionfish,5.0,5.0,5.0,5.0,4.29,4.0,4.76,4.67,4.8,4.74,4.76,4.67
000344.png,396,lionfish,5.0,5.0,2.86,3.0,4.29,5.0,4.05,4.33,4.11,4.31,4.05,4.33
000345.png,396,lionfish,5.0,5.0,5.0,5.0,5.0,5.0,5.0,5.0,5.04,5.03,5.0,5.0
000346.png,396,lionfish,4.29,3.0,3.57,3.0,3.57,4.0,3.81,3.33,3.83,3.26,3.81,3.33
000347.png,396,lionfish,5.0,4.0,2.14,2.0,2.14,4.0,3.09,3.33,3.14,3.29,3.09,3.33
000348.png,396,lionfish,0.0,1.0,0.0,0.0,0.0,3.0,0.0,1.33,-0.14,1.13,0.0,1.33
000349.png,396,lionfish,5.0,5.0,3.57,4.0,5.0,5.0,4.52,4.67,4.58,4.67,4.52,4.67
000350.png,400,academic gown,4.38,5.0,5.0,5.0,4.44,5.0,4.61,5.0,4.62,5.03,4.61,5.0
000351.png,400,academic gown,3.89,4.0,5.0,5.0,4.44,5.0,4.44,4.67,4.44,4.64,4.44,4.67
000352.png,400,academic gown,4.17,2.0,5.0,4.0,1.67,1.0,3.61,2.33,3.59,2.38,3.61,2.33
000353.png,400,academic gown,5.0,2.0,4.38,3.0,1.67,0.0,3.68,1.67,3.7,1.73,3.68,1.67
000354.png,400,academic gown,3.89,5.0,5.0,5.0,3.89,5.0,4.26,5.0,4.25,5.03,4.26,5.0
000355.png,400,academic gown,2.5,1.0,0.0,2.0,0.0,0.0,0.83,1.0,0.79,0.99,0.83,1.0
000356.png,400,academic gown,2.78,5.0,5.0,5.0,3.89,5.0,3.89,5.0,3.84,5.03,3.89,5.0
000357.png,400,academic gown,5.0,1.0,3.33,3.0,1.67,1.0,3.33,1.67,3.36,1.63,3.33,1.67
000358.png,400,academic gown,5.0,1.0,0.0,3.0,0.0,0.0,1.67,1.33,1.71,1.35,1.67,1.33
000359.png,400,academic gown,3.75,5.0,5.0,4.0,3.33,2.0,4.03,3.67,4.01,3.82,4.03,3.67
000360.png,405,airship,4.38,5.0,5.0,5.0,4.44,5.0,4.61,5.0,4.62,5.03,4.61,5.0
000361.png,405,airship,4.38,3.0,2.78,4.0,3.33,4.0,3.5,3.67,3.52,3.61,3.5,3.67
000362.png,405,airship,1.25,3.0,3.0,3.0,0.0,2.0,1.42,2.67,1.29,2.69,1.42,2.67
000363.png,405,airship,4.44,3.0,3.75,4.0,2.22,3.0,3.47,3.33,3.48,3.33,3.47,3.33
000364.png,405,airship,3.75,3.0,3.89,5.0,4.44,4.0,4.03,4.0,4.03,3.97,4.03,4.0
000365.png,405,airship,3.89,3.0,2.86,4.0,0.56,4.0,2.44,3.67,2.42,3.61,2.44,3.67
000366.png,405,airship,4.38,4.0,5.0,4.0,3.89,4.0,4.42,4.0,4.43,4.0,4.42,4.0
000367.png,405,airship,3.57,4.0,4.44,4.0,2.78,4.0,3.6,4.0,3.57,4.0,3.6,4.0
000368.png,405,airship,4.38,5.0,2.78,5.0,5.0,5.0,4.05,5.0,4.09,5.03,4.05,5.0
000369.png,405,airship,4.0,4.0,3.75,4.0,1.67,4.0,3.14,4.0,3.13,4.0,3.14,4.0
000370.png,406,altar,5.0,4.0,3.75,4.0,2.78,4.0,3.84,4.0,3.88,4.0,3.84,4.0
000371.png,406,altar,4.29,5.0,2.5,5.0,1.67,5.0,2.82,5.0,2.83,5.03,2.82,5.0
000372.png,406,altar,5.0,4.0,5.0,4.0,2.78,5.0,4.26,4.33,4.28,4.28,4.26,4.33
000373.png,406,altar,5.0,3.0,0.0,1.0,2.78,3.0,2.59,2.33,2.66,2.26,2.59,2.33
000374.png,406,altar,5.0,4.0,1.88,2.0,3.33,3.0,3.4,3.0,3.46,3.0,3.4,3.0
000375.png,406,altar,5.0,4.0,3.75,4.0,3.89,5.0,4.21,4.33,4.26,4.28,4.21,4.33
000376.png,406,altar,5.0,4.0,3.12,3.0,2.78,4.0,3.63,3.67,3.67,3.64,3.63,3.67
000377.png,406,altar,4.29,4.0,3.75,4.0,2.78,4.0,3.61,4.0,3.61,4.0,3.61,4.0
000378.png,406,altar,5.0,4.0,3.75,5.0,3.89,5.0,4.21,4.67,4.26,4.64,4.21,4.67
000379.png,406,altar,5.0,4.0,2.22,3.0,1.11,3.0,2.78,3.33,2.81,3.36,2.78,3.33
000380.png,413,assault rifle,5.0,4.0,2.22,4.0,3.33,5.0,3.52,4.33,3.57,4.28,3.52,4.33
000381.png,413,assault rifle,3.33,2.0,0.83,3.0,1.67,3.0,1.94,2.67,1.93,2.59,1.94,2.67
000382.png,413,assault rifle,5.0,3.0,1.11,2.0,4.44,4.0,3.52,3.0,3.59,2.9,3.52,3.0
000383.png,413,assault rifle,3.33,2.0,3.57,3.0,1.67,3.0,2.86,2.67,2.82,2.59,2.86,2.67
000384.png,413,assault rifle,0.0,1.0,3.33,4.0,3.33,4.0,2.22,3.0,2.08,2.84,2.22,3.0
000385.png,413,assault rifle,5.0,3.0,4.29,4.0,2.5,4.0,3.93,3.67,3.96,3.61,3.93,3.67
000386.png,413,assault rifle,5.0,3.0,1.43,3.0,2.5,3.0,2.98,3.0,3.03,2.97,2.98,3.0
000387.png,413,assault rifle,0.0,3.0,5.0,4.0,3.33,5.0,2.78,4.0,2.62,3.9,2.78,4.0
000388.png,413,assault rifle,5.0,4.0,3.89,4.0,2.78,4.0,3.89,4.0,3.92,4.0,3.89,4.0
000389.png,413,assault rifle,3.57,4.0,2.14,4.0,2.5,5.0,2.74,4.33,2.73,4.28,2.74,4.33
000390.png,415,bakery,5.0,4.0,4.29,4.0,3.89,5.0,4.39,4.33,4.43,4.28,4.39,4.33
000391.png,415,bakery,2.5,3.0,0.56,4.0,2.78,4.0,1.95,3.67,1.92,3.61,1.95,3.67
000392.png,415,bakery,4.0,4.0,2.5,3.0,2.78,4.0,3.09,3.67,3.1,3.64,3.09,3.67
000393.png,415,bakery,5.0,4.0,2.78,4.0,2.22,3.0,3.33,3.67,3.37,3.72,3.33,3.67
000394.png,415,bakery,3.0,3.0,1.67,5.0,1.67,3.0,2.11,3.67,2.08,3.69,2.11,3.67
000395.png,415,bakery,4.44,4.0,4.44,4.0,4.44,5.0,4.44,4.33,4.46,4.28,4.44,4.33
000396.png,415,bakery,3.0,3.0,1.11,3.0,1.11,4.0,1.74,3.33,1.71,3.26,1.74,3.33
000397.png,415,bakery,3.0,4.0,0.56,5.0,0.0,0.0,1.19,3.0,1.15,3.22,1.19,3.0
000398.png,415,bakery,3.0,4.0,0.0,5.0,0.0,0.0,1.0,3.0,0.97,3.22,1.0,3.0
000399.png,415,bakery,5.0,4.0,2.78,3.0,2.78,4.0,3.52,3.67,3.56,3.64,3.52,3.67
000400.png,419,Band Aid,0.0,3.0,0.0,2.0,2.78,5.0,0.93,3.33,0.81,3.18,0.93,3.33
000401.png,419,Band Aid,4.38,5.0,5.0,5.0,2.78,4.0,4.05,4.67,4.05,4.74,4.05,4.67
000402.png,419,Band Aid,0.0,2.0,0.0,3.0,0.0,0.0,0.0,1.67,-0.14,1.73,0.0,1.67
000403.png,419,Band Aid,0.0,2.0,0.0,3.0,0.0,0.0,0.0,1.67,-0.14,1.73,0.0,1.67
000404.png,419,Band Aid,3.75,5.0,5.0,4.0,3.89,5.0,4.21,4.67,4.2,4.67,4.21,4.67
000405.png,419,Band Aid,3.89,5.0,5.0,5.0,3.33,5.0,4.07,5.0,4.06,5.03,4.07,5.0
000406.png,419,Band Aid,0.0,3.0,0.0,3.0,0.0,0.0,0.0,2.0,-0.14,2.12,0.0,2.0
000407.png,419,Band Aid,0.0,1.0,0.0,1.0,0.0,0.0,0.0,0.67,-0.14,0.64,0.0,0.67
000408.png,419,Band Aid,4.17,4.0,5.0,5.0,3.33,4.0,4.17,4.33,4.16,4.36,4.17,4.33
000409.png,419,Band Aid,4.0,4.0,5.0,4.0,2.22,4.0,3.74,4.0,3.72,4.0,3.74,4.0
000410.png,421,bannister,5.0,5.0,5.0,4.0,4.44,5.0,4.81,4.67,4.85,4.67,4.81,4.67
000411.png,421,bannister,5.0,5.0,5.0,5.0,4.44,5.0,4.81,5.0,4.85,5.03,4.81,5.0
000412.png,421,bannister,0.0,1.0,0.0,2.0,3.33,2.0,1.11,1.67,1.0,1.56,1.11,1.67
000413.png,421,bannister,5.0,3.0,3.33,3.0,2.22,3.0,3.52,3.0,3.55,2.97,3.52,3.0
000414.png,421,bannister,0.0,2.0,0.0,2.0,0.0,0.0,0.0,1.33,-0.14,1.38,0.0,1.33
000415.png,421,bannister,5.0,5.0,5.0,5.0,4.44,5.0,4.81,5.0,4.85,5.03,4.81,5.0
000416.png,421,bannister,3.33,4.0,1.11,2.0,0.0,0.0,1.48,2.0,1.45,2.15,1.48,2.0
000417.png,421,bannister,5.0,4.0,5.0,5.0,4.44,5.0,4.81,4.67,4.85,4.64,4.81,4.67
000418.png,421,bannister,4.29,5.0,5.0,5.0,3.89,5.0,4.39,5.0,4.4,5.03,4.39,5.0
000419.png,421,bannister,0.0,3.0,0.0,2.0,0.0,0.0,0.0,1.67,-0.14,1.76,0.0,1.67
000420.png,426,barometer,4.38,5.0,5.0,5.0,3.89,4.0,4.42,4.67,4.43,4.74,4.42,4.67
000421.png,426,barometer,4.38,5.0,3.33,5.0,4.44,4.0,4.05,4.67,4.08,4.74,4.05,4.67
000422.png,426,barometer,4.38,5.0,5.0,5.0,3.89,4.0,4.42,4.67,4.43,4.74,4.42,4.67
000423.png,426,barometer,4.38,4.0,0.62,3.0,0.56,0.0,1.85,2.33,1.88,2.51,1.85,2.33
000424.png,426,barometer,4.38,3.0,1.88,4.0,0.56,0.0,2.27,2.33,2.28,2.48,2.27,2.33
000425.png,426,barometer,2.5,2.0,1.25,3.0,0.56,0.0,1.44,1.67,1.38,1.73,1.44,1.67
000426.png,426,barometer,4.38,5.0,5.0,5.0,3.89,4.0,4.42,4.67,4.43,4.74,4.42,4.67
000427.png,426,barometer,4.38,5.0,5.0,5.0,3.89,4.0,4.42,4.67,4.43,4.74,4.42,4.67
000428.png,426,barometer,2.5,3.0,1.88,4.0,0.56,0.0,1.65,2.33,1.59,2.48,1.65,2.33
000429.png,426,barometer,2.5,3.0,1.88,4.0,0.56,0.0,1.65,2.33,1.59,2.48,1.65,2.33
000430.png,429,baseball,5.0,3.0,5.0,4.0,3.89,5.0,4.63,4.0,4.66,3.9,4.63,4.0
000431.png,429,baseball,5.0,5.0,5.0,5.0,4.44,5.0,4.81,5.0,4.85,5.03,4.81,5.0
000432.png,429,baseball,5.0,3.0,5.0,4.0,3.89,5.0,4.63,4.0,4.66,3.9,4.63,4.0
000433.png,429,baseball,5.0,5.0,4.38,5.0,3.89,5.0,4.42,5.0,4.46,5.03,4.42,5.0
000434.png,429,baseball,3.12,4.0,5.0,5.0,2.22,4.0,3.45,4.33,3.39,4.36,3.45,4.33
000435.png,429,baseball,0.0,1.0,0.0,1.0,0.0,0.0,0.0,0.67,-0.14,0.64,0.0,0.67
000436.png,429,baseball,0.0,4.0,1.11,5.0,1.11,4.0,0.74,4.33,0.6,4.36,0.74,4.33
000437.png,429,baseball,3.12,4.0,3.33,4.0,1.67,5.0,2.71,4.33,2.67,4.28,2.71,4.33
000438.png,429,baseball,0.0,4.0,1.67,4.0,0.56,5.0,0.74,4.33,0.59,4.28,0.74,4.33
000439.png,429,baseball,2.0,3.0,1.25,3.0,0.0,0.0,1.08,2.0,1.01,2.12,1.08,2.0
000440.png,432,bassoon,5.0,4.0,3.89,4.0,4.44,4.0,4.44,4.0,4.49,4.0,4.44,4.0
000441.png,432,bassoon,5.0,4.0,0.0,2.0,0.0,0.0,1.67,2.0,1.71,2.15,1.67,2.0
000442.png,432,bassoon,5.0,4.0,5.0,4.0,5.0,5.0,5.0,4.33,5.04,4.28,5.0,4.33
000443.png,432,bassoon,0.0,2.0,0.0,2.0,0.0,0.0,0.0,1.33,-0.14,1.38,0.0,1.33
000444.png,432,bassoon,4.38,3.0,2.22,3.0,3.33,3.0,3.31,3.0,3.34,2.97,3.31,3.0
000445.png,432,bassoon,3.33,4.0,3.75,4.0,1.11,5.0,2.73,4.33,2.69,4.28,2.73,4.33
000446.png,432,bassoon,4.0,2.0,1.88,3.0,0.0,0.0,1.96,1.67,1.95,1.73,1.96,1.67
000447.png,432,bassoon,4.29,5.0,3.75,5.0,2.22,5.0,3.42,5.0,3.42,5.03,3.42,5.0
000448.png,432,bassoon,5.0,4.0,5.0,4.0,2.78,4.0,4.26,4.0,4.28,4.0,4.26,4.0
000449.png,432,bassoon,3.33,2.0,0.62,3.0,0.0,0.0,1.32,1.67,1.3,1.73,1.32,1.67
000450.png,443,bib,4.44,5.0,5.0,5.0,2.78,5.0,4.07,5.0,4.07,5.03,4.07,5.0
000451.png,443,bib,4.38,5.0,5.0,5.0,2.78,5.0,4.05,5.0,4.05,5.03,4.05,5.0
000452.png,443,bib,5.0,5.0,5.0,5.0,3.33,5.0,4.44,5.0,4.47,5.03,4.44,5.0
000453.png,443,bib,0.0,1.0,2.86,3.0,0.0,3.0,0.95,2.33,0.79,2.2,0.95,2.33
000454.png,443,bib,4.44,5.0,5.0,5.0,3.33,5.0,4.26,5.0,4.26,5.03,4.26,5.0
000455.png,443,bib,4.44,5.0,5.0,5.0,3.33,5.0,4.26,5.0,4.26,5.03,4.26,5.0
000456.png,443,bib,3.89,3.0,5.0,4.0,3.33,4.0,4.07,3.67,4.06,3.61,4.07,3.67
000457.png,443,bib,4.38,3.0,5.0,4.0,3.89,5.0,4.42,4.0,4.43,3.9,4.42,4.0
000458.png,443,bib,3.33,5.0,1.11,2.0,0.0,3.0,1.48,3.33,1.45,3.39,1.48,3.33
000459.png,443,bib,4.44,3.0,4.44,4.0,3.89,5.0,4.26,4.0,4.27,3.9,4.26,4.0
000460.png,446,binder,3.12,3.0,2.5,4.0,2.78,4.0,2.8,3.67,2.78,3.61,2.8,3.67
000461.png,446,binder,5.0,4.0,5.0,5.0,1.67,5.0,3.89,4.67,3.9,4.64,3.89,4.67
000462.png,446,binder,3.89,3.0,1.67,3.0,3.89,4.0,3.15,3.33,3.17,3.26,3.15,3.33
000463.png,446,binder,2.86,5.0,5.0,5.0,3.89,5.0,3.92,5.0,3.87,5.03,3.92,5.0
000464.png,446,binder,0.0,1.0,1.88,3.0,0.0,0.0,0.63,1.33,0.47,1.35,0.63,1.33
000465.png,446,binder,3.89,5.0,3.89,4.0,2.22,4.0,3.33,4.33,3.32,4.39,3.33,4.33
000466.png,446,binder,4.29,5.0,5.0,5.0,3.89,5.0,4.39,5.0,4.4,5.03,4.39,5.0
000467.png,446,binder,1.67,4.0,0.0,1.0,3.89,3.0,1.85,2.67,1.81,2.65,1.85,2.67
000468.png,446,binder,0.0,3.0,0.0,2.0,1.67,3.0,0.56,2.67,0.43,2.62,0.56,2.67
000469.png,446,binder,3.75,5.0,4.38,5.0,2.22,4.0,3.45,4.67,3.43,4.74,3.45,4.67
000470.png,453,bookcase,3.33,4.0,3.12,4.0,3.33,4.0,3.26,4.0,3.24,4.0,3.26,4.0
000471.png,453,bookcase,3.89,3.0,3.33,4.0,2.78,5.0,3.33,4.0,3.33,3.9,3.33,4.0
000472.png,453,bookcase,3.89,3.0,4.29,5.0,1.67,5.0,3.28,4.33,3.26,4.25,3.28,4.33
000473.png,453,bookcase,2.22,4.0,2.78,5.0,3.33,5.0,2.78,4.67,2.72,4.64,2.78,4.67
000474.png,453,bookcase,3.89,3.0,3.33,3.0,3.89,3.0,3.7,3.0,3.71,2.97,3.7,3.0
000475.png,453,bookcase,2.78,5.0,4.17,5.0,1.67,4.0,2.87,4.67,2.81,4.74,2.87,4.67
000476.png,453,bookcase,3.89,3.0,3.75,3.0,2.78,4.0,3.47,3.33,3.47,3.26,3.47,3.33
000477.png,453,bookcase,3.33,5.0,4.29,5.0,2.78,4.0,3.47,4.67,3.43,4.74,3.47,4.67
000478.png,453,bookcase,3.33,5.0,4.29,5.0,2.78,5.0,3.47,5.0,3.43,5.03,3.47,5.0
000479.png,453,bookcase,3.33,5.0,3.57,5.0,2.22,4.0,3.04,4.67,3.01,4.74,3.04,4.67
000480.png,461,breastplate,5.0,4.0,3.89,3.0,4.44,4.0,4.44,3.67,4.49,3.64,4.44,3.67
000481.png,461,breastplate,5.0,5.0,5.0,5.0,3.75,4.0,4.58,4.67,4.61,4.74,4.58,4.67
000482.png,461,breastplate,5.0,5.0,4.44,5.0,5.0,5.0,4.81,5.0,4.86,5.03,4.81,5.0
000483.png,461,breastplate,0.0,3.0,1.11,1.0,0.0,4.0,0.37,2.67,0.22,2.54,0.37,2.67
000484.png,461,breastplate,3.89,5.0,2.78,4.0,3.89,5.0,3.52,4.67,3.53,4.67,3.52,4.67
000485.png,461,breastplate,4.29,5.0,3.33,5.0,3.89,4.0,3.84,4.67,3.86,4.74,3.84,4.67
000486.png,461,breastplate,0.0,3.0,0.0,2.0,3.89,4.0,1.3,3.0,1.19,2.9,1.3,3.0
000487.png,461,breastplate,2.78,5.0,2.78,4.0,2.22,5.0,2.59,4.67,2.55,4.67,2.59,4.67
000488.png,461,breastplate,2.78,3.0,2.22,3.0,3.33,4.0,2.78,3.33,2.75,3.26,2.78,3.33
000489.png,461,breastplate,2.78,5.0,2.78,5.0,2.78,5.0,2.78,5.0,2.74,5.03,2.78,5.0
000490.png,477,carpenter's kit,0.0,3.0,2.22,3.0,3.89,5.0,2.04,3.67,1.91,3.54,2.04,3.67
000491.png,477,carpenter's kit,0.0,5.0,5.0,5.0,0.56,5.0,1.85,5.0,1.67,5.03,1.85,5.0
000492.png,477,carpenter's kit,3.33,4.0,5.0,5.0,0.56,4.0,2.96,4.33,2.9,4.36,2.96,4.33
000493.png,477,carpenter's kit,3.75,3.0,3.89,4.0,2.78,5.0,3.47,4.0,3.46,3.9,3.47,4.0
000494.png,477,carpenter's kit,4.38,3.0,5.0,4.0,4.44,5.0,4.61,4.0,4.62,3.9,4.61,4.0
000495.png,477,carpenter's kit,4.38,3.0,4.44,3.0,4.44,4.0,4.42,3.33,4.44,3.26,4.42,3.33
000496.png,477,carpenter's kit,4.38,4.0,3.33,4.0,4.44,4.0,4.05,4.0,4.08,4.0,4.05,4.0
000497.png,477,carpenter's kit,3.57,4.0,2.78,3.0,3.89,4.0,3.41,3.67,3.41,3.64,3.41,3.67
000498.png,477,carpenter's kit,4.38,4.0,3.89,4.0,5.0,5.0,4.42,4.33,4.45,4.28,4.42,4.33
000499.png,477,carpenter's kit,3.12,4.0,4.44,5.0,4.44,4.0,4.0,4.33,3.97,4.36,4.0,4.33
000500.png,479,car wheel,3.89,4.0,5.0,5.0,3.33,5.0,4.07,4.67,4.06,4.64,4.07,4.67
000501.png,479,car wheel,4.44,4.0,3.75,4.0,4.44,5.0,4.21,4.33,4.24,4.28,4.21,4.33
000502.png,479,car wheel,2.78,4.0,3.12,4.0,2.78,4.0,2.89,4.0,2.85,4.0,2.89,4.0
000503.png,479,car wheel,4.44,3.0,4.38,3.0,4.44,5.0,4.42,3.67,4.44,3.54,4.42,3.67
000504.png,479,car wheel,3.89,3.0,3.12,3.0,3.33,5.0,3.45,3.67,3.45,3.54,3.45,3.67
000505.png,479,car wheel,3.12,4.0,2.5,4.0,1.67,5.0,2.43,4.33,2.4,4.28,2.43,4.33
000506.png,479,car wheel,4.44,3.0,4.38,3.0,3.89,5.0,4.24,3.67,4.25,3.54,4.24,3.67
000507.png,479,car wheel,3.89,3.0,4.38,3.0,3.33,5.0,3.87,3.67,3.86,3.54,3.87,3.67
000508.png,479,car wheel,2.78,4.0,3.12,3.0,2.78,4.0,2.89,3.67,2.85,3.64,2.89,3.67
000509.png,479,car wheel,4.44,4.0,5.0,5.0,4.44,5.0,4.63,4.67,4.64,4.64,4.63,4.67
000510.png,481,cassette,3.33,4.0,4.38,5.0,2.78,4.0,3.5,4.33,3.46,4.36,3.5,4.33
000511.png,481,cassette,0.0,4.0,5.0,4.0,1.67,5.0,2.22,4.33,2.05,4.28,2.22,4.33
000512.png,481,cassette,3.12,4.0,2.5,4.0,5.0,5.0,3.54,4.33,3.54,4.28,3.54,4.33
000513.png,481,cassette,0.0,3.0,1.25,2.0,0.0,1.0,0.42,2.0,0.27,2.05,0.42,2.0
000514.png,481,cassette,4.44,5.0,4.29,4.0,3.89,5.0,4.21,4.67,4.22,4.67,4.21,4.67
000515.png,481,cassette,3.33,4.0,0.83,3.0,3.89,4.0,2.68,3.67,2.69,3.64,2.68,3.67
000516.png,481,cassette,1.43,3.0,2.5,4.0,5.0,5.0,2.98,4.0,2.91,3.9,2.98,4.0
000517.png,481,cassette,2.86,4.0,1.25,3.0,5.0,4.0,3.04,3.67,3.04,3.64,3.04,3.67
000518.png,481,cassette,0.0,4.0,2.5,4.0,2.22,4.0,1.57,4.0,1.43,4.0,1.57,4.0
000519.png,481,cassette,0.0,4.0,5.0,5.0,2.22,5.0,2.41,4.67,2.24,4.64,2.41,4.67
000520.png,488,chain,2.5,3.0,0.0,2.0,2.22,4.0,1.57,3.0,1.55,2.9,1.57,3.0
000521.png,488,chain,4.44,5.0,5.0,5.0,3.89,5.0,4.44,5.0,4.45,5.03,4.44,5.0
000522.png,488,chain,1.67,5.0,0.56,5.0,1.67,5.0,1.3,5.0,1.23,5.03,1.3,5.0
000523.png,488,chain,3.33,3.0,0.0,2.0,0.0,2.0,1.11,2.33,1.1,2.33,1.11,2.33
000524.png,488,chain,2.22,4.0,2.78,5.0,3.89,5.0,2.96,4.67,2.91,4.64,2.96,4.67
000525.png,488,chain,1.67,5.0,0.56,5.0,0.56,5.0,0.93,5.0,0.85,5.03,0.93,5.0
000526.png,488,chain,0.0,3.0,0.0,2.0,0.0,2.0,0.0,2.33,-0.14,2.33,0.0,2.33
000527.png,488,chain,2.78,3.0,1.67,3.0,2.78,5.0,2.41,3.67,2.38,3.54,2.41,3.67
000528.png,488,chain,4.44,5.0,2.78,5.0,2.22,4.0,3.15,4.67,3.16,4.74,3.15,4.67
000529.png,488,chain,0.0,1.0,0.0,2.0,0.0,2.0,0.0,1.67,-0.14,1.56,0.0,1.67
000530.png,499,cleaver,5.0,4.0,1.11,3.0,5.0,4.0,3.7,3.67,3.78,3.64,3.7,3.67
000531.png,499,cleaver,0.0,2.0,4.44,5.0,5.0,4.0,3.15,3.67,3.01,3.58,3.15,3.67
000532.png,499,cleaver,0.0,5.0,0.0,5.0,0.0,5.0,0.0,5.0,-0.14,5.03,0.0,5.0
000533.png,499,cleaver,3.57,4.0,3.89,4.0,4.44,4.0,3.97,4.0,3.96,4.0,3.97,4.0
000534.png,499,cleaver,0.0,0.0,0.0,0.0,0.0,2.0,0.0,0.67,-0.14,0.46,0.0,0.67
000535.png,499,cleaver,3.12,3.0,0.0,2.0,1.67,4.0,1.6,3.0,1.59,2.9,1.6,3.0
000536.png,499,cleaver,5.0,5.0,5.0,5.0,5.0,5.0,5.0,5.0,5.04,5.03,5.0,5.0
000537.png,499,cleaver,4.38,3.0,4.44,4.0,0.0,5.0,2.94,4.0,2.92,3.9,2.94,4.0
000538.png,499,cleaver,0.0,3.0,1.11,3.0,0.0,5.0,0.37,3.67,0.22,3.54,0.37,3.67
000539.png,499,cleaver,5.0,5.0,5.0,5.0,5.0,4.0,5.0,4.67,5.04,4.74,5.0,4.67
000540.png,529,diaper,4.17,4.0,4.44,4.0,3.33,4.0,3.98,4.0,3.98,4.0,3.98,4.0
000541.png,529,diaper,0.0,5.0,0.0,5.0,0.0,5.0,0.0,5.0,-0.14,5.03,0.0,5.0
000542.png,529,diaper,4.17,5.0,5.0,5.0,2.78,4.0,3.98,4.67,3.97,4.74,3.98,4.67
000543.png,529,diaper,4.17,4.0,5.0,5.0,3.33,5.0,4.17,4.67,4.16,4.64,4.17,4.67
000544.png,529,diaper,4.0,4.0,1.43,3.0,1.11,4.0,2.18,3.67,2.19,3.64,2.18,3.67
000545.png,529,diaper,4.17,4.0,1.11,3.0,3.33,5.0,2.87,4.0,2.9,3.93,2.87,4.0
000546.png,529,diaper,2.5,3.0,1.11,3.0,3.33,4.0,2.31,3.33,2.29,3.26,2.31,3.33
000547.png,529,diaper,4.17,5.0,4.44,5.0,2.22,5.0,3.61,5.0,3.6,5.03,3.61,5.0
000548.png,529,diaper,4.17,5.0,2.78,3.0,3.89,5.0,3.61,4.33,3.64,4.31,3.61,4.33
000549.png,529,diaper,3.0,3.0,0.56,3.0,1.67,5.0,1.74,3.67,1.73,3.54,1.74,3.67
000550.png,535,disk brake,2.22,3.0,1.11,2.0,1.67,5.0,1.67,3.33,1.61,3.18,1.67,3.33
000551.png,535,disk brake,3.75,3.0,2.22,3.0,3.33,5.0,3.1,3.67,3.11,3.54,3.1,3.67
000552.png,535,disk brake,4.29,3.0,2.22,1.0,3.33,5.0,3.28,3.0,3.31,2.83,3.28,3.0
000553.png,535,disk brake,3.33,3.0,1.67,3.0,1.67,4.0,2.22,3.33,2.21,3.26,2.22,3.33
000554.png,535,disk brake,4.29,5.0,5.0,5.0,3.89,5.0,4.39,5.0,4.4,5.03,4.39,5.0
000555.png,535,disk brake,4.29,4.0,3.89,4.0,2.78,5.0,3.65,4.33,3.66,4.28,3.65,4.33
000556.png,535,disk brake,4.29,3.0,2.78,5.0,3.33,4.0,3.47,4.0,3.49,3.97,3.47,4.0
000557.png,535,disk brake,4.29,4.0,5.0,5.0,5.0,5.0,4.76,4.67,4.78,4.64,4.76,4.67
000558.png,535,disk brake,1.43,4.0,1.11,2.0,2.22,5.0,1.59,3.67,1.51,3.57,1.59,3.67
000559.png,535,disk brake,4.17,5.0,4.17,5.0,0.0,5.0,2.78,5.0,2.75,5.03,2.78,5.0
000560.png,554,fireboat,5.0,5.0,5.0,5.0,2.78,5.0,4.26,5.0,4.28,5.03,4.26,5.0
000561.png,554,fireboat,5.0,4.0,5.0,4.0,0.0,5.0,3.33,4.33,3.33,4.28,3.33,4.33
000562.png,554,fireboat,3.75,5.0,5.0,5.0,0.0,5.0,2.92,5.0,2.87,5.03,2.92,5.0
000563.png,554,fireboat,3.75,4.0,2.5,4.0,0.0,4.0,2.08,4.0,2.06,4.0,2.08,4.0
000564.png,554,fireboat,5.0,4.0,3.33,4.0,1.67,5.0,3.33,4.33,3.36,4.28,3.33,4.33
000565.png,554,fireboat,5.0,4.0,5.0,4.0,1.67,4.0,3.89,4.0,3.9,4.0,3.89,4.0
000566.png,554,fireboat,0.0,3.0,0.0,2.0,0.0,3.0,0.0,2.67,-0.14,2.62,0.0,2.67
000567.png,554,fireboat,5.0,4.0,2.5,3.0,2.78,5.0,3.43,4.0,3.47,3.93,3.43,4.0
000568.png,554,fireboat,5.0,3.0,2.5,3.0,3.33,4.0,3.61,3.33,3.66,3.26,3.61,3.33
000569.png,554,fireboat,3.33,4.0,5.0,5.0,4.44,5.0,4.26,4.67,4.23,4.64,4.26,4.67
000570.png,567,frying pan,5.0,4.0,5.0,5.0,2.78,5.0,4.26,4.67,4.28,4.64,4.26,4.67
000571.png,567,frying pan,5.0,5.0,5.0,5.0,4.44,5.0,4.81,5.0,4.85,5.03,4.81,5.0
000572.png,567,frying pan,4.29,3.0,1.67,4.0,1.67,5.0,2.54,4.0,2.56,3.9,2.54,4.0
000573.png,567,frying pan,5.0,4.0,3.33,4.0,4.44,5.0,4.26,4.33,4.31,4.28,4.26,4.33
000574.png,567,frying pan,5.0,4.0,5.0,5.0,2.22,5.0,4.07,4.67,4.09,4.64,4.07,4.67
000575.png,567,frying pan,5.0,4.0,2.14,4.0,4.17,5.0,3.77,4.33,3.83,4.28,3.77,4.33
000576.png,567,frying pan,5.0,3.0,5.0,5.0,4.44,5.0,4.81,4.33,4.85,4.25,4.81,4.33
000577.png,567,frying pan,5.0,4.0,5.0,5.0,5.0,5.0,5.0,4.67,5.04,4.64,5.0,4.67
000578.png,567,frying pan,5.0,3.0,2.86,4.0,5.0,4.0,4.29,3.67,4.35,3.61,4.29,3.67
000579.png,567,frying pan,4.44,4.0,4.38,3.0,4.29,5.0,4.37,4.0,4.39,3.93,4.37,4.0
000580.png,575,golfcart,5.0,4.0,5.0,5.0,3.33,5.0,4.44,4.67,4.47,4.64,4.44,4.67
000581.png,575,golfcart,5.0,2.0,5.0,3.0,2.78,3.0,4.26,2.67,4.28,2.59,4.26,2.67
000582.png,575,golfcart,5.0,4.0,5.0,4.0,3.89,5.0,4.63,4.33,4.66,4.28,4.63,4.33
000583.png,575,golfcart,3.75,2.0,4.17,3.0,3.33,2.0,3.75,2.33,3.74,2.3,3.75,2.33
000584.png,575,golfcart,5.0,4.0,3.89,4.0,4.44,5.0,4.44,4.33,4.49,4.28,4.44,4.33
000585.png,575,golfcart,5.0,4.0,5.0,5.0,3.89,5.0,4.63,4.67,4.66,4.64,4.63,4.67
000586.png,575,golfcart,5.0,3.0,3.75,4.0,4.44,4.0,4.4,3.67,4.44,3.61,4.4,3.67
000587.png,575,golfcart,5.0,4.0,5.0,5.0,4.44,5.0,4.81,4.67,4.85,4.64,4.81,4.67
000588.png,575,golfcart,5.0,3.0,1.88,2.0,2.78,2.0,3.22,2.33,3.27,2.33,3.22,2.33
000589.png,575,golfcart,4.38,4.0,5.0,5.0,3.89,5.0,4.42,4.67,4.43,4.64,4.42,4.67
000590.png,585,hair spray,5.0,4.0,3.75,5.0,3.33,5.0,4.03,4.67,4.06,4.64,4.03,4.67
000591.png,585,hair spray,2.14,4.0,5.0,5.0,1.67,4.0,2.94,4.33,2.84,4.36,2.94,4.33
000592.png,585,hair spray,0.0,2.0,0.0,1.0,0.0,2.0,0.0,1.67,-0.14,1.59,0.0,1.67
000593.png,585,hair spray,0.83,5.0,5.0,5.0,0.56,5.0,2.13,5.0,1.98,5.03,2.13,5.0
000594.png,585,hair spray,3.57,4.0,5.0,5.0,2.78,4.0,3.78,4.33,3.75,4.36,3.78,4.33
000595.png,585,hair spray,0.0,1.0,0.0,2.0,0.0,0.0,0.0,1.0,-0.14,0.99,0.0,1.0
000596.png,585,hair spray,0.0,3.0,0.0,1.0,0.0,0.0,0.0,1.33,-0.14,1.41,0.0,1.33
000597.png,585,hair spray,0.0,2.0,0.0,3.0,0.0,2.0,0.0,2.33,-0.14,2.3,0.0,2.33
000598.png,585,hair spray,0.0,0.0,0.0,1.0,0.0,0.0,0.0,0.33,-0.14,0.25,0.0,0.33
000599.png,585,hair spray,0.0,4.0,5.0,5.0,3.89,5.0,2.96,4.67,2.81,4.64,2.96,4.67
000600.png,590,hand-held computer,5.0,4.0,4.38,5.0,3.33,5.0,4.24,4.67,4.27,4.64,4.24,4.67
000601.png,590,hand-held computer,3.57,3.0,4.29,5.0,3.89,5.0,3.92,4.33,3.9,4.25,3.92,4.33
000602.png,590,hand-held computer,5.0,4.0,2.14,4.0,2.78,4.0,3.31,4.0,3.36,4.0,3.31,4.0
000603.png,590,hand-held computer,5.0,4.0,2.86,4.0,3.33,5.0,3.73,4.33,3.78,4.28,3.73,4.33
000604.png,590,hand-held computer,5.0,2.0,0.0,3.0,0.0,3.0,1.67,2.67,1.71,2.59,1.67,2.67
000605.png,590,hand-held computer,3.57,4.0,4.29,5.0,3.33,4.0,3.73,4.33,3.71,4.36,3.73,4.33
000606.png,590,hand-held computer,4.29,4.0,4.29,4.0,3.33,5.0,3.97,4.33,3.98,4.28,3.97,4.33
000607.png,590,hand-held computer,0.0,1.0,1.88,2.0,0.0,0.0,0.63,1.0,0.47,0.99,0.63,1.0
000608.png,590,hand-held computer,4.29,3.0,3.12,3.0,3.89,4.0,3.77,3.33,3.79,3.26,3.77,3.33
000609.png,590,hand-held computer,4.29,3.0,1.43,2.0,4.17,5.0,3.3,3.33,3.34,3.18,3.3,3.33
000610.png,605,iPod,5.0,3.0,0.56,3.0,3.89,4.0,3.15,3.33,3.23,3.26,3.15,3.33
000611.png,605,iPod,5.0,4.0,5.0,5.0,2.22,5.0,4.07,4.67,4.09,4.64,4.07,4.67
000612.png,605,iPod,5.0,5.0,5.0,5.0,4.44,5.0,4.81,5.0,4.85,5.03,4.81,5.0
000613.png,605,iPod,0.0,4.0,2.78,3.0,5.0,4.0,2.59,3.67,2.47,3.64,2.59,3.67
000614.png,605,iPod,4.38,5.0,3.89,5.0,4.44,4.0,4.24,4.67,4.26,4.74,4.24,4.67
000615.png,605,iPod,5.0,4.0,2.78,3.0,3.89,5.0,3.89,4.0,3.94,3.93,3.89,4.0
000616.png,605,iPod,0.0,3.0,0.0,2.0,3.33,3.0,1.11,2.67,1.0,2.62,1.11,2.67
000617.png,605,iPod,2.86,2.0,1.11,2.0,2.78,4.0,2.25,2.67,2.23,2.51,2.25,2.67
000618.png,605,iPod,5.0,4.0,5.0,5.0,4.44,5.0,4.81,4.67,4.85,4.64,4.81,4.67
000619.png,605,iPod,3.33,3.0,1.11,3.0,3.33,5.0,2.59,3.67,2.59,3.54,2.59,3.67
000620.png,606,iron,4.29,3.0,2.14,3.0,1.5,3.0,2.64,3.0,2.66,2.97,2.64,3.0
000621.png,606,iron,5.0,4.0,5.0,5.0,4.0,5.0,4.67,4.67,4.7,4.64,4.67,4.67
000622.png,606,iron,5.0,4.0,5.0,5.0,4.5,5.0,4.83,4.67,4.87,4.64,4.83,4.67
000623.png,606,iron,4.38,4.0,4.29,3.0,3.5,5.0,4.06,4.0,4.07,3.93,4.06,4.0
000624.png,606,iron,0.0,2.0,0.0,1.0,0.0,2.0,0.0,1.67,-0.14,1.59,0.0,1.67
000625.png,606,iron,4.38,3.0,4.5,5.0,4.0,5.0,4.29,4.33,4.31,4.25,4.29,4.33
000626.png,606,iron,3.5,4.0,1.5,2.0,0.5,4.0,1.83,3.33,1.81,3.29,1.83,3.33
000627.png,606,iron,5.0,2.0,2.22,3.0,3.0,5.0,3.41,3.33,3.46,3.15,3.41,3.33
000628.png,606,iron,4.38,2.0,0.62,2.0,3.0,3.0,2.67,2.33,2.71,2.23,2.67,2.33
000629.png,606,iron,5.0,4.0,5.0,4.0,4.0,5.0,4.67,4.33,4.7,4.28,4.67,4.33
000630.png,626,lighter,3.0,2.0,5.0,4.0,2.22,5.0,3.41,3.67,3.35,3.51,3.41,3.67
000631.png,626,lighter,0.0,3.0,0.0,3.0,0.0,4.0,0.0,3.33,-0.14,3.26,0.0,3.33
000632.png,626,lighter,5.0,4.0,3.89,3.0,4.44,3.0,4.44,3.33,4.49,3.36,4.44,3.33
000633.png,626,lighter,5.0,5.0,5.0,5.0,1.67,5.0,3.89,5.0,3.9,5.03,3.89,5.0
000634.png,626,lighter,0.0,2.0,1.43,2.0,0.0,2.0,0.48,2.0,0.32,1.95,0.48,2.0
000635.png,626,lighter,5.0,5.0,5.0,4.0,2.22,5.0,4.07,4.67,4.09,4.67,4.07,4.67
000636.png,626,lighter,0.0,2.0,0.0,2.0,0.0,3.0,0.0,2.33,-0.14,2.23,0.0,2.33
000637.png,626,lighter,5.0,5.0,5.0,5.0,2.78,5.0,4.26,5.0,4.28,5.03,4.26,5.0
000638.png,626,lighter,5.0,3.0,1.43,4.0,2.22,5.0,2.88,4.0,2.94,3.9,2.88,4.0
000639.png,626,lighter,5.0,4.0,5.0,5.0,3.89,5.0,4.63,4.67,4.66,4.64,4.63,4.67
000640.png,632,loudspeaker,3.57,2.0,1.88,3.0,2.78,5.0,2.74,3.33,2.74,3.15,2.74,3.33
000641.png,632,loudspeaker,5.0,3.0,0.0,5.0,3.33,4.0,2.78,4.0,2.85,3.97,2.78,4.0
000642.png,632,loudspeaker,5.0,4.0,0.62,3.0,2.78,4.0,2.8,3.67,2.86,3.64,2.8,3.67
000643.png,632,loudspeaker,3.75,5.0,4.38,4.0,3.33,5.0,3.82,4.67,3.81,4.67,3.82,4.67
000644.png,632,loudspeaker,5.0,4.0,2.5,2.0,2.78,4.0,3.43,3.33,3.47,3.29,3.43,3.33
000645.png,632,loudspeaker,0.0,2.0,0.0,1.0,0.0,0.0,0.0,1.0,-0.14,1.02,0.0,1.0
000646.png,632,loudspeaker,4.29,3.0,3.75,4.0,2.78,5.0,3.61,4.0,3.61,3.9,3.61,4.0
000647.png,632,loudspeaker,5.0,5.0,5.0,5.0,2.22,4.0,4.07,4.67,4.09,4.74,4.07,4.67
000648.png,632,loudspeaker,4.38,4.0,4.44,4.0,2.78,4.0,3.87,4.0,3.87,4.0,3.87,4.0
000649.png,632,loudspeaker,5.0,2.0,0.56,3.0,2.78,4.0,2.78,3.0,2.85,2.87,2.78,3.0
000650.png,633,loupe,3.33,4.0,5.0,4.0,4.0,5.0,4.11,4.33,4.08,4.28,4.11,4.33
000651.png,633,loupe,3.57,4.0,5.0,5.0,2.78,5.0,3.78,4.67,3.75,4.64,3.78,4.67
000652.png,633,loupe,4.44,5.0,5.0,5.0,4.44,5.0,4.63,5.0,4.64,5.03,4.63,5.0
000653.png,633,loupe,3.33,1.0,0.0,0.0,0.0,0.0,1.11,0.33,1.1,0.28,1.11,0.33
000654.png,633,loupe,4.29,3.0,3.57,4.0,3.33,4.0,3.73,3.67,3.74,3.61,3.73,3.67
000655.png,633,loupe,3.33,4.0,1.88,2.0,4.44,5.0,3.22,3.67,3.22,3.57,3.22,3.67
000656.png,633,loupe,3.75,5.0,5.0,5.0,3.33,5.0,4.03,5.0,4.01,5.03,4.03,5.0
000657.png,633,loupe,0.0,3.0,0.0,2.0,0.0,5.0,0.0,3.33,-0.14,3.18,0.0,3.33
000658.png,633,loupe,0.0,1.0,0.0,1.0,0.0,0.0,0.0,0.67,-0.14,0.64,0.0,0.67
000659.png,633,loupe,0.0,1.0,0.0,1.0,0.0,0.0,0.0,0.67,-0.14,0.64,0.0,0.67
000660.png,634,lumbermill,4.0,4.0,1.67,3.0,1.11,2.0,2.26,3.0,2.26,3.07,2.26,3.0
000661.png,634,lumbermill,2.14,4.0,1.67,4.0,1.67,5.0,1.83,4.33,1.77,4.28,1.83,4.33
000662.png,634,lumbermill,5.0,5.0,1.67,3.0,1.11,3.0,2.59,3.67,2.63,3.74,2.59,3.67
000663.png,634,lumbermill,1.25,4.0,1.67,5.0,1.11,5.0,1.34,4.67,1.24,4.64,1.34,4.67
000664.png,634,lumbermill,2.5,3.0,0.0,2.0,1.43,4.0,1.31,3.0,1.28,2.9,1.31,3.0
000665.png,634,lumbermill,3.33,4.0,1.11,5.0,2.22,5.0,2.22,4.67,2.21,4.64,2.22,4.67
000666.png,634,lumbermill,2.5,3.0,1.11,3.0,2.78,5.0,2.13,3.67,2.1,3.54,2.13,3.67
000667.png,634,lumbermill,5.0,5.0,1.67,4.0,2.78,4.0,3.15,4.33,3.2,4.39,3.15,4.33
000668.png,634,lumbermill,4.29,5.0,3.89,5.0,2.78,5.0,3.65,5.0,3.66,5.03,3.65,5.0
000669.png,634,lumbermill,0.0,2.0,0.0,1.0,1.67,3.0,0.56,2.0,0.43,1.87,0.56,2.0
000670.png,645,maypole,5.0,2.0,4.44,4.0,3.89,2.0,4.44,2.67,4.48,2.66,4.44,2.67
000671.png,645,maypole,0.0,1.0,1.67,3.0,3.33,2.0,1.67,2.0,1.54,1.92,1.67,2.0
000672.png,645,maypole,5.0,4.0,5.0,5.0,3.89,5.0,4.63,4.67,4.66,4.64,4.63,4.67
000673.png,645,maypole,0.0,3.0,0.0,4.0,2.22,2.0,0.74,3.0,0.62,3.05,0.74,3.0
000674.png,645,maypole,3.12,1.0,4.38,4.0,3.75,2.0,3.75,2.33,3.72,2.27,3.75,2.33
000675.png,645,maypole,4.17,4.0,5.0,5.0,3.33,5.0,4.17,4.67,4.16,4.64,4.17,4.67
000676.png,645,maypole,5.0,4.0,5.0,5.0,2.5,4.0,4.17,4.33,4.19,4.36,4.17,4.33
000677.png,645,maypole,5.0,2.0,3.89,4.0,3.33,2.0,4.07,2.67,4.11,2.66,4.07,2.67
000678.png,645,maypole,3.89,4.0,3.89,5.0,2.86,5.0,3.55,4.67,3.54,4.64,3.55,4.67
000679.png,645,maypole,5.0,3.0,4.44,5.0,3.33,4.0,4.26,4.0,4.29,3.97,4.26,4.0
000680.png,654,minibus,3.57,4.0,4.38,4.0,2.78,5.0,3.58,4.33,3.55,4.28,3.58,4.33
000681.png,654,minibus,5.0,5.0,5.0,5.0,2.78,5.0,4.26,5.0,4.28,5.03,4.26,5.0
000682.png,654,minibus,5.0,5.0,5.0,5.0,3.33,5.0,4.44,5.0,4.47,5.03,4.44,5.0
000683.png,654,minibus,5.0,4.0,5.0,5.0,3.33,5.0,4.44,4.67,4.47,4.64,4.44,4.67
000684.png,654,minibus,5.0,4.0,2.5,4.0,3.33,4.0,3.61,4.0,3.66,4.0,3.61,4.0
000685.png,654,minibus,4.29,3.0,3.75,3.0,1.11,4.0,3.05,3.33,3.04,3.26,3.05,3.33
000686.png,654,minibus,5.0,3.0,2.5,3.0,2.78,4.0,3.43,3.33,3.47,3.26,3.43,3.33
000687.png,654,minibus,5.0,4.0,3.12,3.0,1.67,4.0,3.26,3.67,3.29,3.64,3.26,3.67
000688.png,654,minibus,5.0,5.0,4.38,4.0,3.75,5.0,4.38,4.67,4.41,4.67,4.38,4.67
000689.png,654,minibus,5.0,4.0,2.78,3.0,2.22,5.0,3.33,4.0,3.37,3.93,3.33,4.0
000690.png,679,necklace,4.38,4.0,3.12,3.0,2.86,3.0,3.45,3.33,3.47,3.36,3.45,3.33
000691.png,679,necklace,4.44,5.0,5.0,5.0,4.38,4.0,4.61,4.67,4.62,4.74,4.61,4.67
000692.png,679,necklace,3.33,4.0,1.11,3.0,3.75,4.0,2.73,3.67,2.74,3.64,2.73,3.67
000693.png,679,necklace,2.78,4.0,2.22,5.0,2.5,5.0,2.5,4.67,2.46,4.64,2.5,4.67
000694.png,679,necklace,4.38,3.0,0.0,2.0,2.78,4.0,2.39,3.0,2.43,2.9,2.39,3.0
000695.png,679,necklace,3.33,3.0,2.78,3.0,2.22,4.0,2.78,3.33,2.75,3.26,2.78,3.33
000696.png,679,necklace,3.75,5.0,3.33,5.0,3.12,5.0,3.4,5.0,3.39,5.03,3.4,5.0
000697.png,679,necklace,3.12,4.0,1.88,4.0,2.78,5.0,2.59,4.33,2.58,4.28,2.59,4.33
000698.png,679,necklace,4.29,5.0,4.38,5.0,3.12,5.0,3.93,5.0,3.93,5.03,3.93,5.0
000699.png,679,necklace,3.12,4.0,2.5,4.0,1.67,5.0,2.43,4.33,2.4,4.28,2.43,4.33
000700.png,687,organ,5.0,4.0,1.11,3.0,2.78,5.0,2.96,4.0,3.02,3.93,2.96,4.0
000701.png,687,organ,5.0,3.0,0.0,3.0,2.78,5.0,2.59,3.67,2.66,3.54,2.59,3.67
000702.png,687,organ,5.0,5.0,1.11,5.0,0.0,5.0,2.04,5.0,2.07,5.03,2.04,5.0
000703.png,687,organ,4.29,4.0,1.11,4.0,2.78,5.0,2.73,4.33,2.76,4.28,2.73,4.33
000704.png,687,organ,5.0,4.0,0.0,2.0,2.22,4.0,2.41,3.33,2.47,3.29,2.41,3.33
000705.png,687,organ,5.0,4.0,1.67,5.0,3.33,5.0,3.33,4.67,3.39,4.64,3.33,4.67
000706.png,687,organ,5.0,4.0,0.0,2.0,2.78,4.0,2.59,3.33,2.66,3.29,2.59,3.33
000707.png,687,organ,5.0,4.0,2.22,3.0,0.0,5.0,2.41,4.0,2.43,3.93,2.41,4.0
000708.png,687,organ,5.0,4.0,4.29,4.0,0.0,5.0,3.1,4.33,3.1,4.28,3.1,4.33
000709.png,687,organ,5.0,3.0,1.67,3.0,3.33,5.0,3.33,3.67,3.39,3.54,3.33,3.67
000710.png,730,plow,5.0,4.0,1.67,3.0,2.22,3.0,2.96,3.33,3.01,3.36,2.96,3.33
000711.png,730,plow,2.5,4.0,0.0,3.0,3.75,5.0,2.08,4.0,2.07,3.93,2.08,4.0
000712.png,730,plow,5.0,3.0,0.0,2.0,0.0,2.0,1.67,2.33,1.71,2.33,1.67,2.33
000713.png,730,plow,5.0,4.0,5.0,5.0,1.67,5.0,3.89,4.67,3.9,4.64,3.89,4.67
000714.png,730,plow,5.0,5.0,5.0,5.0,2.78,5.0,4.26,5.0,4.28,5.03,4.26,5.0
000715.png,730,plow,5.0,4.0,0.0,3.0,3.0,5.0,2.67,4.0,2.74,3.93,2.67,4.0
000716.png,730,plow,5.0,3.0,0.0,2.0,2.5,3.0,2.5,2.67,2.57,2.62,2.5,2.67
000717.png,730,plow,1.88,2.0,1.11,3.0,2.5,5.0,1.83,3.33,1.77,3.15,1.83,3.33
000718.png,730,plow,4.17,4.0,0.0,2.0,0.0,2.0,1.39,2.67,1.41,2.72,1.39,2.67
000719.png,730,plow,5.0,4.0,3.89,3.0,3.12,5.0,4.0,4.0,4.04,3.93,4.0,4.0
000720.png,743,prison,4.0,5.0,4.5,4.0,2.5,4.0,3.67,4.33,3.65,4.39,3.67,4.33
000721.png,743,prison,5.0,4.0,5.0,5.0,2.5,5.0,4.17,4.67,4.19,4.64,4.17,4.67
000722.png,743,prison,5.0,5.0,4.0,4.0,3.75,5.0,4.25,4.67,4.29,4.67,4.25,4.67
000723.png,743,prison,0.0,4.0,3.5,5.0,3.57,5.0,2.36,4.67,2.21,4.64,2.36,4.67
000724.png,743,prison,5.0,4.0,1.0,2.0,2.5,4.0,2.83,3.33,2.89,3.29,2.83,3.33
000725.png,743,prison,5.0,4.0,2.0,4.0,2.86,5.0,3.29,4.33,3.34,4.28,3.29,4.33
000726.png,743,prison,5.0,2.0,1.0,2.0,5.0,4.0,3.67,2.67,3.75,2.51,3.67,2.67
000727.png,743,prison,5.0,1.0,0.0,1.0,0.0,0.0,1.67,0.67,1.71,0.64,1.67,0.67
000728.png,743,prison,0.0,3.0,1.0,3.0,0.0,5.0,0.33,3.67,0.19,3.54,0.33,3.67
000729.png,743,prison,3.33,2.0,0.0,1.0,4.38,3.0,2.57,2.0,2.59,1.87,2.57,2.0
000730.png,746,puck,4.44,4.0,3.57,4.0,3.33,5.0,3.78,4.33,3.8,4.28,3.78,4.33
000731.png,746,puck,4.44,4.0,1.67,5.0,3.89,4.0,3.33,4.33,3.38,4.36,3.33,4.33
000732.png,746,puck,5.0,5.0,0.0,5.0,2.22,5.0,2.41,5.0,2.47,5.03,2.41,5.0
000733.png,746,puck,5.0,3.0,0.56,2.0,5.0,4.0,3.52,3.0,3.6,2.9,3.52,3.0
000734.png,746,puck,0.0,1.0,0.0,2.0,2.22,3.0,0.74,2.0,0.62,1.84,0.74,2.0
000735.png,746,puck,5.0,5.0,3.89,4.0,2.78,5.0,3.89,4.67,3.92,4.67,3.89,4.67
000736.png,746,puck,0.0,1.0,1.11,4.0,2.22,3.0,1.11,2.67,0.98,2.56,1.11,2.67
000737.png,746,puck,0.0,3.0,0.0,5.0,0.0,2.0,0.0,3.33,-0.14,3.4,0.0,3.33
000738.png,746,puck,0.0,1.0,1.11,3.0,2.22,2.0,1.11,2.0,0.98,1.92,1.11,2.0
000739.png,746,puck,5.0,1.0,1.67,3.0,1.67,4.0,2.78,2.67,2.82,2.48,2.78,2.67
000740.png,755,radio telescope,5.0,4.0,4.38,4.0,4.5,5.0,4.63,4.33,4.67,4.28,4.63,4.33
000741.png,755,radio telescope,5.0,5.0,5.0,5.0,2.5,5.0,4.17,5.0,4.19,5.03,4.17,5.0
000742.png,755,radio telescope,5.0,5.0,4.5,5.0,5.0,5.0,4.83,5.0,4.88,5.03,4.83,5.0
000743.png,755,radio telescope,5.0,4.0,2.5,3.0,5.0,2.0,4.17,3.0,4.23,3.07,4.17,3.0
000744.png,755,radio telescope,5.0,4.0,2.0,3.0,4.0,2.0,3.67,3.0,3.73,3.07,3.67,3.0
000745.png,755,radio telescope,5.0,3.0,0.0,2.0,0.0,1.0,1.67,2.0,1.71,2.05,1.67,2.0
000746.png,755,radio telescope,5.0,4.0,3.33,3.0,4.5,5.0,4.28,4.0,4.33,3.93,4.28,4.0
000747.png,755,radio telescope,5.0,3.0,1.0,3.0,0.0,1.0,2.0,2.33,2.04,2.4,2.0,2.33
000748.png,755,radio telescope,5.0,5.0,5.0,5.0,5.0,4.0,5.0,4.67,5.04,4.74,5.0,4.67
000749.png,755,radio telescope,5.0,5.0,5.0,4.0,4.5,5.0,4.83,4.67,4.87,4.67,4.83,4.67
000750.png,756,rain barrel,5.0,4.0,3.57,4.0,3.0,4.0,3.86,4.0,3.89,4.0,3.86,4.0
000751.png,756,rain barrel,4.29,5.0,5.0,5.0,3.5,5.0,4.26,5.0,4.26,5.03,4.26,5.0
000752.png,756,rain barrel,4.38,5.0,5.0,5.0,3.5,5.0,4.29,5.0,4.3,5.03,4.29,5.0
000753.png,756,rain barrel,3.75,5.0,2.86,5.0,0.5,5.0,2.37,5.0,2.35,5.03,2.37,5.0
000754.png,756,rain barrel,4.44,5.0,5.0,5.0,4.0,4.0,4.48,4.67,4.49,4.74,4.48,4.67
000755.png,756,rain barrel,3.89,5.0,3.89,5.0,3.5,5.0,3.76,5.0,3.76,5.03,3.76,5.0
000756.png,756,rain barrel,4.17,4.0,5.0,4.0,3.0,5.0,4.06,4.33,4.05,4.28,4.06,4.33
000757.png,756,rain barrel,5.0,4.0,4.29,4.0,3.5,4.0,4.26,4.0,4.3,4.0,4.26,4.0
000758.png,756,rain barrel,4.29,3.0,3.75,3.0,3.0,5.0,3.68,3.67,3.69,3.54,3.68,3.67
000759.png,756,rain barrel,0.0,3.0,1.5,2.0,0.0,5.0,0.5,3.33,0.35,3.18,0.5,3.33
000760.png,806,sock,5.0,5.0,4.44,5.0,5.0,5.0,4.81,5.0,4.86,5.03,4.81,5.0
000761.png,806,sock,4.44,4.0,4.44,5.0,3.89,5.0,4.26,4.67,4.27,4.64,4.26,4.67
000762.png,806,sock,5.0,4.0,2.78,4.0,4.44,4.0,4.07,4.0,4.13,4.0,4.07,4.0
000763.png,806,sock,5.0,2.0,3.89,2.0,3.89,3.0,4.26,2.33,4.3,2.23,4.26,2.33
000764.png,806,sock,5.0,5.0,5.0,5.0,5.0,5.0,5.0,5.0,5.04,5.03,5.0,5.0
000765.png,806,sock,5.0,5.0,4.44,5.0,5.0,5.0,4.81,5.0,4.86,5.03,4.81,5.0
000766.png,806,sock,5.0,4.0,4.44,5.0,5.0,5.0,4.81,4.67,4.86,4.64,4.81,4.67
000767.png,806,sock,4.29,3.0,1.11,2.0,4.44,3.0,3.28,2.67,3.33,2.62,3.28,2.67
000768.png,806,sock,5.0,4.0,5.0,5.0,3.89,5.0,4.63,4.67,4.66,4.64,4.63,4.67
000769.png,806,sock,5.0,2.0,3.89,3.0,4.44,3.0,4.44,2.67,4.49,2.59,4.44,2.67
000770.png,810,space bar,5.0,5.0,5.0,4.0,4.44,4.0,4.81,4.33,4.85,4.39,4.81,4.33
000771.png,810,space bar,0.0,3.0,3.89,3.0,3.33,4.0,2.41,3.33,2.26,3.26,2.41,3.33
000772.png,810,space bar,0.0,2.0,0.0,2.0,0.0,3.0,0.0,2.33,-0.14,2.23,0.0,2.33
000773.png,810,space bar,5.0,4.0,5.0,4.0,4.44,4.0,4.81,4.0,4.85,4.0,4.81,4.0
000774.png,810,space bar,5.0,3.0,1.67,2.0,2.78,5.0,3.15,3.33,3.2,3.18,3.15,3.33
000775.png,810,space bar,0.0,1.0,0.0,1.0,0.0,0.0,0.0,0.67,-0.14,0.64,0.0,0.67
000776.png,810,space bar,5.0,5.0,5.0,5.0,4.44,5.0,4.81,5.0,4.85,5.03,4.81,5.0
000777.png,810,space bar,5.0,5.0,5.0,5.0,4.44,5.0,4.81,5.0,4.85,5.03,4.81,5.0
000778.png,810,space bar,4.38,5.0,5.0,5.0,4.44,4.0,4.61,4.67,4.62,4.74,4.61,4.67
000779.png,810,space bar,5.0,4.0,1.67,3.0,3.33,4.0,3.33,3.67,3.39,3.64,3.33,3.67
000780.png,819,stage,5.0,2.0,2.22,3.0,1.67,3.0,2.96,2.67,3.0,2.59,2.96,2.67
000781.png,819,stage,5.0,5.0,4.44,5.0,3.33,5.0,4.26,5.0,4.29,5.03,4.26,5.0
000782.png,819,stage,5.0,4.0,2.78,4.0,1.67,4.0,3.15,4.0,3.18,4.0,3.15,4.0
000783.png,819,stage,4.17,4.0,1.11,3.0,1.67,4.0,2.32,3.67,2.34,3.64,2.32,3.67
000784.png,819,stage,5.0,5.0,5.0,5.0,2.78,5.0,4.26,5.0,4.28,5.03,4.26,5.0
000785.png,819,stage,5.0,4.0,3.12,5.0,2.78,5.0,3.63,4.67,3.67,4.64,3.63,4.67
000786.png,819,stage,5.0,5.0,4.29,4.0,2.22,5.0,3.84,4.67,3.86,4.67,3.84,4.67
000787.png,819,stage,5.0,2.0,1.11,2.0,0.56,3.0,2.22,2.33,2.26,2.23,2.22,2.33
000788.png,819,stage,4.17,2.0,1.67,2.0,1.11,3.0,2.32,2.33,2.33,2.23,2.32,2.33
000789.png,819,stage,0.0,1.0,0.0,1.0,0.0,2.0,0.0,1.33,-0.14,1.2,0.0,1.33
000790.png,836,sunglass,5.0,5.0,4.29,5.0,5.0,5.0,4.76,5.0,4.81,5.03,4.76,5.0
000791.png,836,sunglass,5.0,3.0,4.17,3.0,5.0,3.0,4.72,3.0,4.77,2.97,4.72,3.0
000792.png,836,sunglass,0.0,1.0,0.0,1.0,0.0,1.0,0.0,1.0,-0.14,0.92,0.0,1.0
000793.png,836,sunglass,5.0,5.0,5.0,5.0,5.0,5.0,5.0,5.0,5.04,5.03,5.0,5.0
000794.png,836,sunglass,5.0,5.0,5.0,4.0,5.0,4.0,5.0,4.33,5.04,4.39,5.0,4.33
000795.png,836,sunglass,5.0,4.0,5.0,4.0,5.0,4.0,5.0,4.0,5.04,4.0,5.0,4.0
000796.png,836,sunglass,5.0,5.0,5.0,5.0,5.0,5.0,5.0,5.0,5.04,5.03,5.0,5.0
000797.png,836,sunglass,5.0,3.0,2.86,3.0,1.11,2.0,2.99,2.67,3.02,2.69,2.99,2.67
000798.png,836,sunglass,5.0,4.0,2.14,3.0,1.11,2.0,2.75,3.0,2.79,3.07,2.75,3.0
000799.png,836,sunglass,5.0,5.0,5.0,5.0,5.0,5.0,5.0,5.0,5.04,5.03,5.0,5.0
000800.png,903,wig,5.0,4.0,2.78,3.0,3.33,3.0,3.7,3.33,3.75,3.36,3.7,3.33
000801.png,903,wig,5.0,3.0,0.0,1.0,2.78,4.0,2.59,2.67,2.66,2.54,2.59,2.67
000802.png,903,wig,5.0,4.0,2.22,4.0,1.67,5.0,2.96,4.33,3.0,4.28,2.96,4.33
000803.png,903,wig,5.0,5.0,4.44,5.0,2.78,4.0,4.07,4.67,4.1,4.74,4.07,4.67
000804.png,903,wig,5.0,5.0,5.0,5.0,2.78,5.0,4.26,5.0,4.28,5.03,4.26,5.0
000805.png,903,wig,5.0,5.0,5.0,5.0,2.22,5.0,4.07,5.0,4.09,5.03,4.07,5.0
000806.png,903,wig,5.0,4.0,1.67,4.0,3.33,3.0,3.33,3.67,3.39,3.72,3.33,3.67
000807.png,903,wig,5.0,2.0,1.67,2.0,5.0,2.0,3.89,2.0,3.96,1.95,3.89,2.0
000808.png,903,wig,5.0,2.0,0.56,3.0,2.22,2.0,2.59,2.33,2.65,2.3,2.59,2.33
000809.png,903,wig,5.0,4.0,4.44,4.0,3.89,4.0,4.44,4.0,4.48,4.0,4.44,4.0
000810.png,917,comic book,5.0,3.0,1.11,3.0,1.11,3.0,2.41,3.0,2.45,2.97,2.41,3.0
000811.png,917,comic book,5.0,4.0,1.67,4.0,2.78,3.0,3.15,3.67,3.2,3.72,3.15,3.67
000812.png,917,comic book,5.0,5.0,4.38,5.0,3.33,5.0,4.24,5.0,4.27,5.03,4.24,5.0
000813.png,917,comic book,5.0,4.0,1.11,4.0,1.67,2.0,2.59,3.33,2.64,3.43,2.59,3.33
000814.png,917,comic book,5.0,4.0,0.56,2.0,0.56,1.0,2.04,2.33,2.09,2.43,2.04,2.33
000815.png,917,comic book,5.0,5.0,4.38,4.0,5.0,5.0,4.79,4.67,4.84,4.67,4.79,4.67
000816.png,917,comic book,5.0,4.0,1.11,3.0,2.78,4.0,2.96,3.67,3.02,3.64,2.96,3.67
000817.png,917,comic book,5.0,5.0,4.44,5.0,2.22,5.0,3.89,5.0,3.91,5.03,3.89,5.0
000818.png,917,comic book,2.5,3.0,0.0,1.0,5.0,1.0,2.5,1.67,2.5,1.69,2.5,1.67
000819.png,917,comic book,5.0,4.0,3.57,5.0,2.22,5.0,3.6,4.67,3.63,4.64,3.6,4.67
000820.png,919,street sign,5.0,4.0,2.22,3.0,2.78,3.0,3.33,3.33,3.38,3.36,3.33,3.33
000821.png,919,street sign,0.0,4.0,5.0,5.0,2.78,5.0,2.59,4.67,2.43,4.64,2.59,4.67
000822.png,919,street sign,5.0,4.0,2.22,3.0,2.22,5.0,3.15,4.0,3.19,3.93,3.15,4.0
000823.png,919,street sign,5.0,4.0,2.22,3.0,2.78,3.0,3.33,3.33,3.38,3.36,3.33,3.33
000824.png,919,street sign,5.0,5.0,3.89,5.0,3.89,5.0,4.26,5.0,4.3,5.03,4.26,5.0
000825.png,919,street sign,4.44,4.0,5.0,5.0,5.0,4.0,4.81,4.33,4.83,4.36,4.81,4.33
000826.png,919,street sign,5.0,5.0,5.0,5.0,5.0,5.0,5.0,5.0,5.04,5.03,5.0,5.0
000827.png,919,street sign,5.0,4.0,1.67,3.0,1.67,2.0,2.78,3.0,2.82,3.07,2.78,3.0
000828.png,919,street sign,0.0,4.0,3.33,4.0,1.11,3.0,1.48,3.67,1.32,3.72,1.48,3.67
000829.png,919,street sign,5.0,5.0,5.0,5.0,5.0,5.0,5.0,5.0,5.04,5.03,5.0,5.0
000830.png,920,traffic light,5.0,4.0,3.75,4.0,5.0,5.0,4.58,4.33,4.64,4.28,4.58,4.33
000831.png,920,traffic light,3.12,5.0,2.78,4.0,2.22,4.0,2.71,4.33,2.68,4.39,2.71,4.33
000832.png,920,traffic light,5.0,5.0,3.89,5.0,2.78,4.0,3.89,4.67,3.92,4.74,3.89,4.67
000833.png,920,traffic light,5.0,3.0,2.22,3.0,2.78,3.0,3.33,3.0,3.38,2.97,3.33,3.0
000834.png,920,traffic light,4.38,5.0,4.38,5.0,3.33,5.0,4.03,5.0,4.04,5.03,4.03,5.0
000835.png,920,traffic light,0.56,1.0,0.56,3.0,0.0,0.0,0.37,1.33,0.25,1.35,0.37,1.33
000836.png,920,traffic light,5.0,4.0,2.22,3.0,0.0,4.0,2.41,3.67,2.43,3.64,2.41,3.67
000837.png,920,traffic light,5.0,2.0,3.33,4.0,0.0,3.0,2.78,3.0,2.79,2.94,2.78,3.0
000838.png,920,traffic light,5.0,4.0,0.56,3.0,0.0,4.0,1.85,3.67,1.89,3.64,1.85,3.67
000839.png,920,traffic light,5.0,4.0,2.78,3.0,3.89,5.0,3.89,4.0,3.94,3.93,3.89,4.0
000840.png,922,menu,5.0,4.0,5.0,5.0,5.0,4.0,5.0,4.33,5.04,4.36,5.0,4.33
000841.png,922,menu,1.67,2.0,1.11,3.0,0.56,4.0,1.11,3.0,1.03,2.87,1.11,3.0
000842.png,922,menu,5.0,4.0,1.67,4.0,1.11,4.0,2.59,4.0,2.63,4.0,2.59,4.0
000843.png,922,menu,2.22,3.0,1.11,5.0,0.56,5.0,1.3,4.33,1.23,4.25,1.3,4.33
000844.png,922,menu,5.0,5.0,4.44,5.0,5.0,5.0,4.81,5.0,4.86,5.03,4.81,5.0
000845.png,922,menu,3.89,5.0,3.89,5.0,4.44,5.0,4.07,5.0,4.08,5.03,4.07,5.0
000846.png,922,menu,3.89,4.0,2.78,4.0,0.56,4.0,2.41,4.0,2.39,4.0,2.41,4.0
000847.png,922,menu,2.5,4.0,2.78,4.0,2.78,4.0,2.69,4.0,2.64,4.0,2.69,4.0
000848.png,922,menu,3.33,4.0,0.0,3.0,2.0,3.0,1.78,3.33,1.78,3.36,1.78,3.33
000849.png,922,menu,5.0,4.0,3.33,4.0,4.44,5.0,4.26,4.33,4.31,4.28,4.26,4.33
000850.png,928,ice cream,5.0,4.0,4.44,5.0,5.0,4.0,4.81,4.33,4.86,4.36,4.81,4.33
000851.png,928,ice cream,5.0,4.0,3.33,4.0,1.67,4.0,3.33,4.0,3.36,4.0,3.33,4.0
000852.png,928,ice cream,5.0,4.0,3.89,5.0,3.33,5.0,4.07,4.67,4.11,4.64,4.07,4.67
000853.png,928,ice cream,5.0,4.0,3.75,4.0,0.56,4.0,3.1,4.0,3.12,4.0,3.1,4.0
000854.png,928,ice cream,5.0,5.0,5.0,5.0,1.67,5.0,3.89,5.0,3.9,5.03,3.89,5.0
000855.png,928,ice cream,5.0,5.0,5.0,5.0,2.22,5.0,4.07,5.0,4.09,5.03,4.07,5.0
000856.png,928,ice cream,5.0,5.0,5.0,5.0,3.33,5.0,4.44,5.0,4.47,5.03,4.44,5.0
000857.png,928,ice cream,4.44,4.0,5.0,4.0,0.0,2.0,3.15,3.33,3.12,3.43,3.15,3.33
000858.png,928,ice cream,5.0,5.0,5.0,5.0,3.33,5.0,4.44,5.0,4.47,5.03,4.44,5.0
000859.png,928,ice cream,0.0,4.0,2.5,4.0,0.0,3.0,0.83,3.67,0.67,3.72,0.83,3.67
000860.png,931,bagel,5.0,5.0,5.0,5.0,2.78,5.0,4.26,5.0,4.28,5.03,4.26,5.0
000861.png,931,bagel,4.38,5.0,5.0,4.0,2.78,5.0,4.05,4.67,4.05,4.67,4.05,4.67
000862.png,931,bagel,5.0,5.0,5.0,5.0,0.0,5.0,3.33,5.0,3.33,5.03,3.33,5.0
000863.png,931,bagel,0.0,4.0,0.0,3.0,0.0,4.0,0.0,3.67,-0.14,3.64,0.0,3.67
000864.png,931,bagel,4.38,4.0,4.29,4.0,0.0,2.0,2.89,3.33,2.87,3.43,2.89,3.33
000865.png,931,bagel,5.0,5.0,5.0,5.0,4.44,5.0,4.81,5.0,4.85,5.03,4.81,5.0
000866.png,931,bagel,5.0,5.0,5.0,5.0,3.33,5.0,4.44,5.0,4.47,5.03,4.44,5.0
000867.png,931,bagel,4.44,5.0,5.0,5.0,0.56,4.0,3.33,4.67,3.31,4.74,3.33,4.67
000868.png,931,bagel,4.38,4.0,4.38,4.0,0.0,3.0,2.92,3.67,2.9,3.72,2.92,3.67
000869.png,931,bagel,5.0,4.0,4.38,4.0,0.0,5.0,3.13,4.33,3.13,4.28,3.13,4.33
000870.png,943,cucumber,5.0,4.0,1.11,4.0,1.67,4.0,2.59,4.0,2.64,4.0,2.59,4.0
000871.png,943,cucumber,5.0,3.0,4.0,4.0,2.78,3.0,3.93,3.33,3.96,3.33,3.93,3.33
000872.png,943,cucumber,5.0,5.0,4.0,5.0,2.22,5.0,3.74,5.0,3.77,5.03,3.74,5.0
000873.png,943,cucumber,5.0,4.0,3.75,3.0,0.0,2.0,2.92,3.0,2.93,3.07,2.92,3.0
000874.png,943,cucumber,5.0,4.0,2.5,3.0,0.56,4.0,2.69,3.67,2.71,3.64,2.69,3.67
000875.png,943,cucumber,5.0,5.0,5.0,5.0,2.78,5.0,4.26,5.0,4.28,5.03,4.26,5.0
000876.png,943,cucumber,5.0,4.0,5.0,4.0,1.67,5.0,3.89,4.33,3.9,4.28,3.89,4.33
000877.png,943,cucumber,3.0,5.0,2.0,4.0,0.0,5.0,1.67,4.67,1.62,4.67,1.67,4.67
000878.png,943,cucumber,5.0,4.0,1.0,3.0,1.67,5.0,2.56,4.0,2.61,3.93,2.56,4.0
000879.png,943,cucumber,5.0,5.0,5.0,5.0,2.22,5.0,4.07,5.0,4.09,5.03,4.07,5.0
000880.png,952,fig,5.0,5.0,5.0,5.0,3.33,4.0,4.44,4.67,4.47,4.74,4.44,4.67
000881.png,952,fig,5.0,5.0,5.0,5.0,4.44,5.0,4.81,5.0,4.85,5.03,4.81,5.0
000882.png,952,fig,5.0,4.0,4.29,4.0,0.0,5.0,3.1,4.33,3.1,4.28,3.1,4.33
000883.png,952,fig,5.0,5.0,5.0,5.0,2.22,5.0,4.07,5.0,4.09,5.03,4.07,5.0
000884.png,952,fig,5.0,3.0,2.22,3.0,0.56,4.0,2.59,3.33,2.62,3.26,2.59,3.33
000885.png,952,fig,5.0,5.0,5.0,5.0,3.33,5.0,4.44,5.0,4.47,5.03,4.44,5.0
000886.png,952,fig,5.0,5.0,5.0,4.0,3.33,5.0,4.44,4.67,4.47,4.67,4.44,4.67
000887.png,952,fig,5.0,5.0,5.0,5.0,3.33,5.0,4.44,5.0,4.47,5.03,4.44,5.0
000888.png,952,fig,1.88,4.0,0.83,3.0,0.0,2.0,0.9,3.0,0.83,3.07,0.9,3.0
000889.png,952,fig,5.0,5.0,2.5,3.0,3.33,4.0,3.61,4.0,3.66,4.03,3.61,4.0
000890.png,960,chocolate sauce,5.0,5.0,5.0,5.0,5.0,5.0,5.0,5.0,5.04,5.03,5.0,5.0
000891.png,960,chocolate sauce,5.0,5.0,5.0,5.0,5.0,5.0,5.0,5.0,5.04,5.03,5.0,5.0
000892.png,960,chocolate sauce,5.0,4.0,4.44,4.0,5.0,4.0,4.81,4.0,4.86,4.0,4.81,4.0
000893.png,960,chocolate sauce,5.0,5.0,5.0,4.0,5.0,3.0,5.0,4.0,5.04,4.1,5.0,4.0
000894.png,960,chocolate sauce,5.0,5.0,0.56,5.0,0.56,5.0,2.04,5.0,2.09,5.03,2.04,5.0
000895.png,960,chocolate sauce,5.0,5.0,3.89,5.0,5.0,4.0,4.63,4.67,4.68,4.74,4.63,4.67
000896.png,960,chocolate sauce,5.0,4.0,5.0,4.0,4.44,3.0,4.81,3.67,4.85,3.72,4.81,3.67
000897.png,960,chocolate sauce,5.0,5.0,5.0,5.0,5.0,4.0,5.0,4.67,5.04,4.74,5.0,4.67
000898.png,960,chocolate sauce,5.0,4.0,5.0,5.0,4.44,5.0,4.81,4.67,4.85,4.64,4.81,4.67
000899.png,960,chocolate sauce,5.0,5.0,3.89,5.0,5.0,4.0,4.63,4.67,4.68,4.74,4.63,4.67
000900.png,962,meat loaf,5.0,5.0,3.75,4.0,0.0,1.0,2.92,3.33,2.93,3.53,2.92,3.33
000901.png,962,meat loaf,5.0,5.0,3.33,5.0,5.0,5.0,4.44,5.0,4.5,5.03,4.44,5.0
000902.png,962,meat loaf,0.0,5.0,2.22,5.0,0.0,0.0,0.74,3.33,0.58,3.61,0.74,3.33
000903.png,962,meat loaf,5.0,4.0,4.38,4.0,3.89,4.0,4.42,4.0,4.46,4.0,4.42,4.0
000904.png,962,meat loaf,5.0,4.0,4.38,5.0,0.0,2.0,3.13,3.67,3.13,3.79,3.13,3.67
000905.png,962,meat loaf,0.0,4.0,1.88,5.0,0.0,0.0,0.63,3.0,0.47,3.22,0.63,3.0
000906.png,962,meat loaf,0.0,5.0,0.56,3.0,0.0,0.0,0.19,2.67,0.04,2.89,0.19,2.67
000907.png,962,meat loaf,5.0,5.0,3.33,4.0,0.0,1.0,2.78,3.33,2.79,3.53,2.78,3.33
000908.png,962,meat loaf,5.0,5.0,3.33,4.0,0.0,2.0,2.78,3.67,2.79,3.82,2.78,3.67
000909.png,962,meat loaf,5.0,5.0,4.44,4.0,5.0,4.0,4.81,4.33,4.86,4.39,4.81,4.33
000910.png,968,cup,5.0,5.0,5.0,5.0,5.0,5.0,5.0,5.0,5.04,5.03,5.0,5.0
000911.png,968,cup,5.0,5.0,5.0,5.0,5.0,5.0,5.0,5.0,5.04,5.03,5.0,5.0
000912.png,968,cup,5.0,5.0,5.0,5.0,5.0,5.0,5.0,5.0,5.04,5.03,5.0,5.0
000913.png,968,cup,3.33,5.0,3.33,5.0,3.33,5.0,3.33,5.0,3.31,5.03,3.33,5.0
000914.png,968,cup,5.0,5.0,5.0,5.0,5.0,5.0,5.0,5.0,5.04,5.03,5.0,5.0
000915.png,968,cup,4.0,3.0,4.0,3.0,4.0,3.0,4.0,3.0,4.0,2.97,4.0,3.0
000916.png,968,cup,2.5,2.0,2.5,2.0,2.5,2.0,2.5,2.0,2.45,1.95,2.5,2.0
000917.png,968,cup,3.33,3.0,3.33,3.0,3.33,3.0,3.33,3.0,3.31,2.97,3.33,3.0
000918.png,968,cup,5.0,4.0,5.0,4.0,5.0,4.0,5.0,4.0,5.04,4.0,5.0,4.0
000919.png,968,cup,5.0,5.0,5.0,5.0,5.0,5.0,5.0,5.0,5.04,5.03,5.0,5.0
000920.png,971,bubble,5.0,5.0,5.0,5.0,5.0,5.0,5.0,5.0,5.04,5.03,5.0,5.0
000921.png,971,bubble,4.44,3.0,0.0,3.0,5.0,2.0,3.15,2.67,3.22,2.69,3.15,2.67
000922.png,971,bubble,0.0,4.0,4.38,4.0,5.0,4.0,3.13,4.0,2.99,4.0,3.13,4.0
000923.png,971,bubble,5.0,5.0,5.0,5.0,5.0,4.0,5.0,4.67,5.04,4.74,5.0,4.67
000924.png,971,bubble,3.33,4.0,0.56,4.0,0.0,0.0,1.3,2.67,1.28,2.86,1.3,2.67
000925.png,971,bubble,5.0,5.0,5.0,5.0,5.0,5.0,5.0,5.0,5.04,5.03,5.0,5.0
000926.png,971,bubble,5.0,5.0,5.0,5.0,5.0,5.0,5.0,5.0,5.04,5.03,5.0,5.0
000927.png,971,bubble,5.0,2.0,3.89,3.0,0.0,1.0,2.96,2.0,2.97,2.02,2.96,2.0
000928.png,971,bubble,5.0,5.0,5.0,5.0,5.0,5.0,5.0,5.0,5.04,5.03,5.0,5.0
000929.png,971,bubble,5.0,5.0,5.0,5.0,5.0,4.0,5.0,4.67,5.04,4.74,5.0,4.67
000930.png,972,cliff,5.0,5.0,4.0,4.0,5.0,4.0,4.67,4.33,4.72,4.39,4.67,4.33
000931.png,972,cliff,3.12,5.0,5.0,5.0,0.0,0.0,2.71,3.33,2.63,3.61,2.71,3.33
000932.png,972,cliff,5.0,5.0,1.67,5.0,5.0,4.0,3.89,4.67,3.96,4.74,3.89,4.67
000933.png,972,cliff,5.0,5.0,3.33,5.0,5.0,4.0,4.44,4.67,4.5,4.74,4.44,4.67
000934.png,972,cliff,5.0,3.0,1.67,3.0,5.0,3.0,3.89,3.0,3.96,2.97,3.89,3.0
000935.png,972,cliff,3.33,5.0,2.78,5.0,5.0,5.0,3.7,5.0,3.7,5.03,3.7,5.0
000936.png,972,cliff,5.0,5.0,3.89,5.0,4.38,4.0,4.42,4.67,4.47,4.74,4.42,4.67
000937.png,972,cliff,5.0,5.0,2.22,4.0,1.88,3.0,3.03,4.0,3.07,4.1,3.03,4.0
000938.png,972,cliff,5.0,4.0,3.33,4.0,3.12,1.0,3.82,3.0,3.86,3.15,3.82,3.0
000939.png,972,cliff,5.0,5.0,3.33,3.0,4.38,4.0,4.24,4.0,4.29,4.03,4.24,4.0
000940.png,981,ballplayer,3.57,1.0,0.62,2.0,0.56,2.0,1.58,1.67,1.58,1.56,1.58,1.67
000941.png,981,ballplayer,4.44,5.0,3.75,5.0,3.75,4.0,3.98,4.67,4.0,4.74,3.98,4.67
000942.png,981,ballplayer,4.29,5.0,4.17,5.0,4.17,4.0,4.21,4.67,4.23,4.74,4.21,4.67
000943.png,981,ballplayer,3.33,2.0,0.0,2.0,2.14,2.0,1.82,2.0,1.83,1.95,1.82,2.0
000944.png,981,ballplayer,5.0,4.0,5.0,5.0,3.75,4.0,4.58,4.33,4.61,4.36,4.58,4.33
000945.png,981,ballplayer,5.0,5.0,4.38,5.0,3.75,4.0,4.38,4.67,4.41,4.74,4.38,4.67
000946.png,981,ballplayer,4.38,3.0,0.0,2.0,0.56,1.0,1.65,2.0,1.68,2.05,1.65,2.0
000947.png,981,ballplayer,3.75,2.0,0.56,2.0,0.0,1.0,1.44,1.67,1.43,1.66,1.44,1.67
000948.png,981,ballplayer,5.0,3.0,0.56,3.0,1.88,1.0,2.48,2.33,2.54,2.4,2.48,2.33
000949.png,981,ballplayer,5.0,4.0,3.75,5.0,3.75,4.0,4.17,4.33,4.21,4.36,4.17,4.33
000950.png,982,groom,5.0,5.0,5.0,5.0,3.12,5.0,4.37,5.0,4.4,5.03,4.37,5.0
000951.png,982,groom,0.0,2.0,0.0,3.0,0.0,1.0,0.0,2.0,-0.14,2.02,0.0,2.0
000952.png,982,groom,5.0,5.0,5.0,5.0,4.38,4.0,4.79,4.67,4.83,4.74,4.79,4.67
000953.png,982,groom,5.0,2.0,1.11,3.0,2.5,2.0,2.87,2.33,2.93,2.3,2.87,2.33
000954.png,982,groom,5.0,3.0,1.11,3.0,1.67,1.0,2.59,2.33,2.64,2.4,2.59,2.33
000955.png,982,groom,5.0,5.0,4.17,4.0,3.75,4.0,4.31,4.33,4.34,4.39,4.31,4.33
000956.png,982,groom,4.29,2.0,2.5,3.0,3.33,3.0,3.37,2.67,3.4,2.59,3.37,2.67
000957.png,982,groom,2.5,2.0,1.25,3.0,1.88,1.0,1.88,2.0,1.84,2.02,1.88,2.0
000958.png,982,groom,1.11,5.0,2.86,5.0,2.5,4.0,2.16,4.67,2.05,4.74,2.16,4.67
000959.png,982,groom,5.0,5.0,5.0,5.0,4.38,5.0,4.79,5.0,4.83,5.03,4.79,5.0
000960.png,983,scuba diver,5.0,5.0,3.12,4.0,5.0,3.0,4.37,4.0,4.43,4.1,4.37,4.0
000961.png,983,scuba diver,5.0,5.0,5.0,5.0,4.29,5.0,4.76,5.0,4.8,5.03,4.76,5.0
000962.png,983,scuba diver,5.0,4.0,2.5,3.0,4.38,4.0,3.96,3.67,4.02,3.64,3.96,3.67
000963.png,983,scuba diver,4.29,5.0,4.29,5.0,3.12,5.0,3.9,5.0,3.9,5.03,3.9,5.0
000964.png,983,scuba diver,1.67,5.0,5.0,5.0,0.0,0.0,2.22,3.33,2.1,3.61,2.22,3.33
000965.png,983,scuba diver,5.0,4.0,4.0,3.0,4.29,4.0,4.43,3.67,4.47,3.64,4.43,3.67
000966.png,983,scuba diver,4.38,4.0,4.38,5.0,5.0,4.0,4.59,4.33,4.61,4.36,4.59,4.33
000967.png,983,scuba diver,5.0,5.0,3.89,5.0,5.0,4.0,4.63,4.67,4.68,4.74,4.63,4.67
000968.png,983,scuba diver,5.0,3.0,1.11,3.0,5.0,4.0,3.7,3.33,3.78,3.26,3.7,3.33
000969.png,983,scuba diver,5.0,1.0,0.0,2.0,0.0,0.0,1.67,1.0,1.71,0.99,1.67,1.0
000970.png,985,daisy,5.0,5.0,5.0,5.0,5.0,5.0,5.0,5.0,5.04,5.03,5.0,5.0
000971.png,985,daisy,5.0,5.0,4.44,5.0,5.0,5.0,4.81,5.0,4.86,5.03,4.81,5.0
000972.png,985,daisy,3.33,5.0,3.89,5.0,2.86,4.0,3.36,4.67,3.33,4.74,3.36,4.67
000973.png,985,daisy,5.0,5.0,5.0,5.0,5.0,5.0,5.0,5.0,5.04,5.03,5.0,5.0
000974.png,985,daisy,2.0,5.0,3.0,5.0,3.57,3.0,2.86,4.33,2.79,4.46,2.86,4.33
000975.png,985,daisy,0.0,5.0,3.0,5.0,0.0,3.0,1.0,4.33,0.83,4.46,1.0,4.33
000976.png,985,daisy,5.0,5.0,5.0,5.0,5.0,5.0,5.0,5.0,5.04,5.03,5.0,5.0
000977.png,985,daisy,2.0,5.0,3.0,4.0,3.12,4.0,2.71,4.33,2.64,4.39,2.71,4.33
000978.png,985,daisy,5.0,5.0,5.0,4.0,5.0,5.0,5.0,4.67,5.04,4.67,5.0,4.67
000979.png,985,daisy,5.0,5.0,5.0,5.0,3.57,3.0,4.52,4.33,4.55,4.46,4.52,4.33
000980.png,991,coral fungus,5.0,5.0,3.89,4.0,5.0,5.0,4.63,4.67,4.68,4.67,4.63,4.67
000981.png,991,coral fungus,1.25,4.0,1.67,3.0,0.0,0.0,0.97,2.33,0.86,2.51,0.97,2.33
000982.png,991,coral fungus,5.0,5.0,2.22,3.0,4.44,4.0,3.89,4.0,3.95,4.03,3.89,4.0
000983.png,991,coral fungus,5.0,5.0,3.89,4.0,5.0,5.0,4.63,4.67,4.68,4.67,4.63,4.67
000984.png,991,coral fungus,4.44,5.0,5.0,5.0,5.0,5.0,4.81,5.0,4.83,5.03,4.81,5.0
000985.png,991,coral fungus,5.0,5.0,5.0,5.0,5.0,5.0,5.0,5.0,5.04,5.03,5.0,5.0
000986.png,991,coral fungus,4.44,5.0,3.89,5.0,5.0,4.0,4.44,4.67,4.47,4.74,4.44,4.67
000987.png,991,coral fungus,5.0,5.0,5.0,5.0,5.0,5.0,5.0,5.0,5.04,5.03,5.0,5.0
000988.png,991,coral fungus,5.0,5.0,5.0,5.0,5.0,5.0,5.0,5.0,5.04,5.03,5.0,5.0
000989.png,991,coral fungus,5.0,5.0,4.44,5.0,5.0,5.0,4.81,5.0,4.86,5.03,4.81,5.0
000990.png,999,toilet tissue,1.67,4.0,0.0,2.0,0.0,0.0,0.56,2.0,0.48,2.15,0.56,2.0
000991.png,999,toilet tissue,5.0,5.0,0.0,3.0,0.0,1.0,1.67,3.0,1.71,3.18,1.67,3.0
000992.png,999,toilet tissue,5.0,4.0,2.22,3.0,0.0,0.0,2.41,2.33,2.43,2.51,2.41,2.33
000993.png,999,toilet tissue,2.78,5.0,5.0,5.0,1.11,1.0,2.96,3.67,2.89,3.89,2.96,3.67
000994.png,999,toilet tissue,5.0,5.0,3.33,5.0,4.44,5.0,4.26,5.0,4.31,5.03,4.26,5.0
000995.png,999,toilet tissue,1.67,4.0,0.0,5.0,0.0,0.0,0.56,3.0,0.48,3.22,0.56,3.0
000996.png,999,toilet tissue,2.5,5.0,5.0,5.0,4.44,5.0,3.98,5.0,3.92,5.03,3.98,5.0
000997.png,999,toilet tissue,5.0,5.0,3.33,4.0,5.0,5.0,4.44,4.67,4.5,4.67,4.44,4.67
000998.png,999,toilet tissue,5.0,5.0,5.0,5.0,4.44,4.0,4.81,4.67,4.85,4.74,4.81,4.67
000999.png,999,toilet tissue,5.0,4.0,3.57,5.0,3.89,3.0,4.15,4.0,4.2,4.07,4.15,4.0
