class_id,total_images,num_batches,batch_0_vs,batch_1_vs,batch_2_vs,batch_3_vs,batch_4_vs,batch_5_vs,batch_6_vs,batch_7_vs,batch_8_vs,batch_9_vs,batch_10_vs,batch_11_vs,batch_12_vs,batch_13_vs,batch_14_vs,batch_15_vs,batch_16_vs,batch_17_vs,batch_18_vs,batch_19_vs,batch_20_vs,batch_21_vs,batch_22_vs,batch_23_vs,batch_24_vs,batch_25_vs,mean_vendi_score,std_vendi_score,ci95_low,ci95_high
4,1300,26,10.386857986450195,11.31582260131836,11.514806747436523,11.234786987304688,11.3272705078125,12.199593544006348,12.611953735351562,11.156184196472168,11.153356552124023,11.65456485748291,9.838593482971191,13.04277229309082,14.678144454956055,12.921760559082031,11.668044090270996,12.229101181030273,13.646560668945312,12.879030227661133,10.65061092376709,12.784019470214844,12.198850631713867,12.865912437438965,11.716012954711914,12.713634490966797,10.009093284606934,11.625730514526367,11.923964206988995,1.1225382217169126,11.470561206980443,12.377367206997546
7,1300,26,5.635321140289307,4.896378993988037,5.3275604248046875,5.063888072967529,4.351451873779297,4.590878009796143,5.627516746520996,4.862699031829834,4.661789894104004,5.397095203399658,6.038844585418701,4.969242572784424,4.445365905761719,5.311033248901367,4.443784713745117,5.989147663116455,4.842851161956787,5.724268436431885,5.874166488647461,4.848301887512207,5.196354866027832,5.364128589630127,5.383737564086914,4.641564846038818,3.898542881011963,6.4621262550354,5.148001579137949,0.6045016427966136,4.903838081582494,5.392165076693404
10,1300,26,5.997074604034424,5.842044353485107,5.282690525054932,6.990363597869873,8.1331787109375,5.045051097869873,5.903816223144531,7.035262584686279,6.123425483703613,6.222949028015137,5.0674357414245605,6.297037124633789,5.118607044219971,6.02247428894043,5.446505069732666,6.969797611236572,6.26948881149292,5.097987174987793,5.604992866516113,6.284047603607178,5.639552116394043,5.611591815948486,5.953276634216309,6.618032455444336,6.811534881591797,5.722682476043701,6.042726920201228,0.7372029448064475,5.74496420680413,6.3404896335983265
25,1300,26,5.064418792724609,4.4874138832092285,4.826765060424805,4.840245246887207,4.610780239105225,4.497053623199463,5.250926494598389,4.758520126342773,4.810394287109375,4.738885402679443,4.854544162750244,4.946324348449707,5.198824882507324,5.072322845458984,4.619908332824707,4.632267951965332,4.846694469451904,5.00972843170166,4.810551166534424,4.600891590118408,4.900932788848877,5.356783390045166,5.274216175079346,5.254459381103516,5.677999019622803,4.1864423751831055,4.889549787227924,0.32255136878153806,4.759268469912303,5.019831104543545
35,1300,26,10.772137641906738,12.161352157592773,13.281769752502441,11.897685050964355,14.040336608886719,13.029695510864258,13.453340530395508,12.673958778381348,12.62785816192627,14.016419410705566,12.915504455566406,13.951130867004395,13.81521987915039,12.666146278381348,13.310808181762695,12.363213539123535,11.235995292663574,12.888450622558594,13.970311164855957,13.632575988769531,15.701833724975586,13.429144859313965,12.886300086975098,13.217854499816895,14.325624465942383,14.128196716308594,13.16895631643442,1.020115694346788,12.756922670519705,13.580989962349134
39,1300,26,7.4097371101379395,7.249599933624268,5.560940265655518,6.282198429107666,7.099370002746582,6.503833293914795,6.453457832336426,6.4269118309021,6.2737603187561035,8.184975624084473,5.96043586730957,7.14793586730957,7.905160903930664,6.292019367218018,5.761687755584717,6.104964733123779,6.8677659034729,5.757068157196045,6.576691150665283,6.175121307373047,8.023954391479492,5.999731540679932,5.9105610847473145,6.426309108734131,7.108163356781006,5.098114967346191,6.560018080931443,0.7738583134192853,6.2474499437421285,6.872586218120758
49,1300,26,6.527095794677734,6.59251070022583,6.027611255645752,8.642420768737793,7.67431116104126,6.121420383453369,6.513756275177002,7.277960777282715,6.384098529815674,7.269180774688721,5.650262355804443,7.746359825134277,7.849501609802246,6.913600444793701,7.008277893066406,6.864620685577393,7.135427474975586,6.297621250152588,6.99946928024292,7.025385856628418,7.216080665588379,7.532411098480225,7.098274230957031,7.547221660614014,6.823760032653809,6.895449161529541,6.98592653641334,0.643106242582638,6.726170303556327,7.245682769270352
51,1266,25,7.41627311706543,7.507933139801025,7.16860294342041,7.176477909088135,7.708029747009277,6.327378273010254,7.459035873413086,7.558974742889404,7.215392112731934,6.793255805969238,8.12542724609375,8.194226264953613,7.3687028884887695,6.388417720794678,6.691137313842773,7.896597862243652,6.322809219360352,7.090906620025635,8.088720321655273,6.125303268432617,6.643143653869629,7.86666202545166,6.360551357269287,7.478553771972656,6.874800205230713,,7.19389253616333,0.6180727620448905,6.938764639250148,7.4490204330765115
52,1300,26,15.796027183532715,14.652263641357422,14.727605819702148,17.670686721801758,17.117431640625,20.161035537719727,17.369997024536133,16.0387020111084,16.947710037231445,19.306602478027344,16.767963409423828,17.74997901916504,15.668203353881836,18.87873077392578,17.042387008666992,16.319622039794922,17.224613189697266,15.51616382598877,18.239110946655273,18.51352882385254,16.76894760131836,16.773645401000977,14.33924674987793,15.303681373596191,15.287299156188965,17.00284767150879,16.814770478468674,1.4632952786534912,16.22373272456032,17.405808232377026
64,1300,26,10.39033317565918,9.799715995788574,9.853254318237305,8.750088691711426,9.897173881530762,9.642109870910645,10.44550609588623,9.559097290039062,9.480284690856934,9.898428916931152,11.475442886352539,8.032764434814453,9.7758150100708,9.347606658935547,12.148369789123535,9.903566360473633,10.376773834228516,10.011730194091797,9.983353614807129,8.849783897399902,9.266202926635742,10.732428550720215,10.600878715515137,9.055227279663086,10.394012451171875,9.348630905151367,9.885330016796406,0.8430286106574769,9.544823391925744,10.225836641667067
80,1300,26,5.776004791259766,7.681248188018799,5.81893253326416,7.392333507537842,5.858695030212402,6.471832275390625,5.26755952835083,4.1613383293151855,5.327590465545654,8.85194206237793,5.772970199584961,6.669406414031982,6.319103240966797,5.373868942260742,6.662729263305664,5.703838348388672,7.44038200378418,7.30659294128418,6.739101886749268,6.81168270111084,6.768014907836914,5.763603687286377,6.938940048217773,7.405433177947998,6.720875263214111,4.422041416168213,6.362540813592764,1.042993377360623,5.941266671531867,6.783814955653661
97,1300,26,8.721121788024902,7.523956775665283,9.130318641662598,9.933365821838379,9.368708610534668,9.789273262023926,9.2843017578125,10.02375316619873,8.159089088439941,9.927513122558594,10.050830841064453,11.237688064575195,10.302722930908203,9.998594284057617,9.017443656921387,10.322149276733398,7.772902965545654,9.217494010925293,9.671343803405762,9.798687934875488,8.945691108703613,7.611554145812988,10.061782836914062,9.24527645111084,10.297808647155762,8.023198127746582,9.362945043123686,0.9407961780547216,8.982949243181864,9.742940843065508
106,1300,26,11.922056198120117,13.485447883605957,10.324688911437988,12.262277603149414,9.74268913269043,12.077154159545898,12.851645469665527,11.318013191223145,13.04320240020752,13.241670608520508,10.781235694885254,11.995712280273438,11.935881614685059,11.517692565917969,11.098321914672852,11.887605667114258,11.018016815185547,11.170159339904785,10.717385292053223,12.33460807800293,12.906903266906738,15.206002235412598,13.33946704864502,11.863645553588867,10.340624809265137,9.90188217163086,11.857076534858116,1.2570744663522526,11.349333169642,12.364819900074233
116,1300,26,7.588878631591797,6.239225387573242,5.587954044342041,6.7599310874938965,6.055530548095703,6.074339866638184,8.984058380126953,6.518874168395996,7.712371349334717,6.095518112182617,6.461190223693848,5.7921552658081055,7.313924789428711,7.418368339538574,6.036879062652588,6.566694736480713,6.741744518280029,5.626813888549805,6.470058441162109,7.417593479156494,5.732797145843506,5.686647891998291,6.824197292327881,5.016085624694824,6.881750583648682,6.408109664916992,6.538911250921396,0.8461518736107283,6.197143112843056,6.880679388999736
118,1300,26,10.334417343139648,10.034257888793945,10.617008209228516,10.922173500061035,10.821561813354492,12.738313674926758,10.503762245178223,9.184225082397461,12.128076553344727,8.429356575012207,10.57501220703125,10.500227928161621,10.785988807678223,9.192117691040039,9.074234962463379,11.04903793334961,9.656159400939941,12.19025993347168,8.225961685180664,12.407536506652832,9.986034393310547,8.372933387756348,9.692154884338379,7.924444675445557,9.646736145019531,10.437472343444824,10.20882560656621,1.2858100612315408,9.689475683396662,10.728175529735758
129,1300,26,5.881089210510254,6.669267654418945,6.976719379425049,5.271699905395508,5.664580821990967,5.798019886016846,7.049559116363525,6.725191116333008,5.589508533477783,5.14107084274292,6.628945350646973,5.64107608795166,6.800752639770508,6.977196216583252,6.632059097290039,5.453670501708984,5.400883674621582,5.574406147003174,6.635539531707764,6.006958961486816,5.918580532073975,6.287662029266357,5.818284511566162,5.744983196258545,5.461550712585449,6.398308753967285,6.082598631198589,0.5951351429570558,5.842218344802163,6.322978917595016
144,1300,26,6.450430393218994,6.601014137268066,5.688309669494629,7.552763938903809,5.985654830932617,6.715521812438965,6.8799519538879395,6.079052925109863,5.4382500648498535,7.223257541656494,6.254384517669678,6.364128589630127,6.25342321395874,5.770477294921875,6.161324501037598,7.384218692779541,6.780345916748047,5.466805458068848,5.919922828674316,5.868673324584961,7.2453107833862305,7.052658557891846,6.242013454437256,6.1154608726501465,6.485372066497803,7.247600555419922,6.431781842158391,0.6008574864329033,6.189090251212298,6.674473433104484
147,1150,23,11.231634140014648,10.630613327026367,11.195923805236816,10.296441078186035,10.73895263671875,11.483057022094727,10.792908668518066,12.862499237060547,9.577762603759766,11.541913032531738,11.151371002197266,10.195878028869629,11.877992630004883,10.162123680114746,10.502030372619629,10.159003257751465,9.764790534973145,12.064336776733398,11.102221488952637,10.68429183959961,11.236614227294922,10.693098068237305,10.875439643859863,,,,10.905256395754607,0.7591497615484148,10.576975421469356,11.233537370039858
150,1300,26,8.997424125671387,9.93648624420166,9.664916038513184,10.497625350952148,11.08023738861084,8.49956226348877,11.142680168151855,11.735644340515137,12.498933792114258,10.870946884155273,10.352350234985352,8.960497856140137,9.325119972229004,11.060111045837402,13.523704528808594,11.932692527770996,10.975935935974121,10.098413467407227,10.20564079284668,12.398824691772461,10.56464958190918,10.48755168914795,10.654359817504883,10.605241775512695,12.21280288696289,11.389626502990723,10.756614611699032,1.184868126489377,10.27803601831883,11.235193205079234
156,1300,26,7.73266077041626,8.20240592956543,7.939640045166016,7.413321018218994,7.3999481201171875,8.646444320678711,7.900096893310547,6.893304824829102,7.416133403778076,8.389256477355957,7.791499137878418,7.485507488250732,8.036145210266113,8.809678077697754,8.23134708404541,8.906876564025879,7.001924991607666,7.014371395111084,7.642428874969482,7.517481803894043,8.775439262390137,7.795650959014893,7.5670671463012695,7.876725673675537,7.093096733093262,7.978477954864502,7.825266544635479,0.5660215460614453,7.596645494511043,8.053887594759916
159,1300,26,15.914057731628418,14.882471084594727,15.458358764648438,14.569496154785156,16.57325553894043,16.6137752532959,14.778816223144531,14.242414474487305,14.927033424377441,15.61683464050293,13.768798828125,15.58990478515625,14.46856689453125,14.876114845275879,15.380513191223145,14.01683521270752,17.01114845275879,15.997962951660156,14.484868049621582,15.930380821228027,15.360453605651855,16.46895408630371,13.980630874633789,15.109515190124512,16.584291458129883,17.16179847717285,15.375663500565748,0.9722233779535815,14.982973979875409,15.768353021256088
281,1300,26,16.418962478637695,15.01341438293457,16.14612579345703,14.006032943725586,13.80014419555664,13.848705291748047,15.32186508178711,15.607122421264648,15.039793014526367,13.185497283935547,16.454862594604492,15.050273895263672,16.188138961791992,15.633184432983398,14.819683074951172,17.745670318603516,16.931798934936523,15.004765510559082,15.536693572998047,14.928609848022461,14.167535781860352,13.991508483886719,16.233776092529297,13.944565773010254,14.014461517333984,15.401479721069336,15.170564284691444,1.1152898945164431,14.720088947397763,15.621039621985126
300,1300,26,4.571739196777344,3.4854049682617188,2.948303699493408,3.797511100769043,3.8011038303375244,4.642138481140137,3.442751884460449,3.264887809753418,3.3623862266540527,3.0608608722686768,4.21001672744751,4.084773540496826,4.236186504364014,3.7876806259155273,4.178102016448975,4.260161399841309,4.163259029388428,3.4480597972869873,4.045365333557129,4.09866189956665,4.6721391677856445,3.4713566303253174,3.650758981704712,4.089350700378418,4.542713165283203,4.363166332244873,3.910724612382742,0.49010810590690124,3.7127656643062843,4.1086835604592
322,1300,26,12.639714241027832,13.60784912109375,13.378987312316895,15.10934829711914,14.172179222106934,15.070611000061035,13.410663604736328,16.14834976196289,15.147575378417969,13.787795066833496,15.470746040344238,15.803357124328613,17.442771911621094,16.001924514770508,16.335664749145508,17.699140548706055,13.07291316986084,18.074689865112305,15.170307159423828,14.922563552856445,14.176434516906738,12.421626091003418,13.9664888381958,12.151877403259277,11.543495178222656,15.047078132629395,14.683621223156269,1.6986813008705244,13.997508997333679,15.36973344897886
330,1300,26,5.618306636810303,5.7748188972473145,5.973388671875,4.709196090698242,5.288824558258057,7.486351013183594,5.645634651184082,6.542375564575195,5.886664390563965,5.8218207359313965,6.51410436630249,5.952478885650635,5.618344783782959,5.9163641929626465,5.172065734863281,5.972573280334473,5.782740592956543,7.725949764251709,6.3376898765563965,5.81707763671875,5.8012261390686035,7.47576379776001,5.921016693115234,6.895957946777344,6.295682430267334,6.592451572418213,6.0976488040043755,0.70819630359498,5.811602126543528,6.383695481465223
333,1300,26,8.33668041229248,7.933469295501709,7.796877384185791,8.153332710266113,7.912688255310059,6.251813888549805,7.596197128295898,7.3575119972229,7.073421001434326,6.990818500518799,7.512334823608398,7.407012462615967,7.926945209503174,7.206422328948975,7.913027763366699,7.936248779296875,7.723062038421631,7.471280574798584,8.13967514038086,7.230815410614014,7.472290992736816,7.691397666931152,7.293433666229248,7.662973403930664,7.68330717086792,7.56975793838501,7.586261382469764,0.43469592378263183,7.410683899118611,7.761838865820916
339,1300,26,10.601505279541016,12.674615859985352,12.797808647155762,14.090599060058594,13.40841007232666,12.581761360168457,13.337037086486816,14.380342483520508,12.422350883483887,12.486266136169434,11.423809051513672,12.517512321472168,13.712247848510742,14.44452953338623,12.452707290649414,14.74002456665039,13.411528587341309,12.409862518310547,14.219368934631348,12.334222793579102,13.070731163024902,12.796672821044922,13.019083976745605,12.064695358276367,10.440765380859375,11.973590850830078,12.838924994835487,1.076724978187688,12.404026364348095,13.27382362532288
347,1300,26,6.885838508605957,6.578155994415283,6.171384334564209,6.468174457550049,7.07454252243042,6.094500541687012,7.248010158538818,6.037092208862305,6.975224494934082,6.477064609527588,6.175253391265869,6.825340270996094,7.404709815979004,5.727677345275879,6.345781326293945,6.459131717681885,7.160934925079346,6.631759166717529,6.100656986236572,6.649288177490234,7.1632080078125,5.3680925369262695,5.943185806274414,5.995018005371094,6.022023677825928,7.33885383605957,6.512342416323149,0.5389122830561249,6.294671034492264,6.730013798154033
356,1300,26,15.178733825683594,11.215787887573242,14.457993507385254,11.508575439453125,13.277494430541992,14.354215621948242,15.148258209228516,13.50159740447998,14.609996795654297,13.205596923828125,14.206157684326172,14.658347129821777,17.163612365722656,15.503374099731445,13.042465209960938,13.694906234741211,12.024140357971191,15.444784164428711,14.23261547088623,11.753174781799316,15.563200950622559,13.43509292602539,13.900675773620605,13.863059043884277,16.487897872924805,15.102989196777344,14.097490127270039,1.4638909280302572,13.506211785371757,14.68876846916832
365,1300,26,4.557448863983154,6.0672478675842285,5.650497913360596,5.559017181396484,5.485139846801758,4.865582466125488,5.44150972366333,5.503843784332275,4.992384433746338,4.992159843444824,4.511960029602051,5.440201759338379,4.904766082763672,4.133426666259766,5.612255573272705,5.789426326751709,5.748619556427002,5.428162574768066,4.824357986450195,5.47508430480957,5.465236663818359,5.394489765167236,5.460277557373047,5.040897846221924,5.932507038116455,5.293109893798828,5.291138905745286,0.46045475443545764,5.105157205532065,5.477120605958507
370,1300,26,9.743936538696289,8.713338851928711,9.168177604675293,9.173120498657227,10.516014099121094,10.350159645080566,8.820396423339844,8.8213472366333,8.773152351379395,8.164265632629395,9.987868309020996,7.521372318267822,10.291972160339355,11.025793075561523,8.9610595703125,9.276711463928223,9.590832710266113,8.689871788024902,8.639958381652832,8.023397445678711,10.155710220336914,8.706921577453613,8.699183464050293,9.806185722351074,8.465046882629395,10.374329566955566,9.24846628996042,0.8695514103854795,8.89724687444027,9.59968570548057
389,1300,26,11.895383834838867,11.158864974975586,8.769235610961914,9.646173477172852,11.306498527526855,11.316580772399902,11.805943489074707,11.211183547973633,13.439255714416504,10.373854637145996,10.965791702270508,10.718692779541016,11.608561515808105,10.020670890808105,12.847764015197754,12.70942211151123,13.12303352355957,10.438167572021484,14.853165626525879,11.323901176452637,9.808362007141113,8.505779266357422,10.827383041381836,12.414831161499023,10.367371559143066,11.870216369628906,11.281772650205172,1.4304285150218445,10.704010069420427,11.859535230989916
392,969,19,6.054256916046143,6.3102922439575195,6.5781168937683105,6.339746475219727,5.855469703674316,6.812913417816162,5.2188944816589355,4.732953071594238,4.968128204345703,4.457186222076416,7.006570339202881,5.294051170349121,6.597144603729248,6.626715183258057,5.9543280601501465,5.6738433837890625,5.8508429527282715,6.524908542633057,6.004490375518799,,,,,,,,5.940044854816637,0.7261015040352528,5.590075132407634,6.290014577225641
394,1300,26,10.84101676940918,11.176114082336426,11.24317455291748,9.560334205627441,12.052855491638184,10.165821075439453,12.006370544433594,9.875121116638184,11.1238374710083,10.867148399353027,11.762344360351562,12.340007781982422,10.779842376708984,9.667778968811035,10.453868865966797,11.64850902557373,9.617998123168945,11.865336418151855,11.904565811157227,9.067588806152344,12.48585319519043,10.189053535461426,11.641273498535156,12.696913719177246,10.738330841064453,8.259065628051758,10.924235564011793,1.1317546198463073,10.467109980237009,11.381361147786578
396,1300,26,3.645902156829834,3.227712392807007,3.4990789890289307,3.748105525970459,4.2049880027771,3.300008773803711,3.0889947414398193,3.3796396255493164,3.504279613494873,4.004885196685791,4.035288333892822,3.3351290225982666,3.451359987258911,4.667233467102051,3.6822292804718018,4.057399272918701,3.503234624862671,3.664422035217285,3.6256301403045654,3.6625638008117676,3.2369346618652344,3.9888100624084473,3.4587202072143555,4.0195393562316895,3.5288476943969727,4.384006023406982,3.688651653436514,0.38266112574332084,3.534091479856585,3.843211827016443
400,1300,26,5.691067218780518,7.175811767578125,6.701359272003174,6.89641809463501,6.177386283874512,6.003317356109619,6.236074447631836,7.405864238739014,5.695217609405518,5.433439254760742,5.8539862632751465,5.954921722412109,7.227625370025635,5.86575984954834,5.402960777282715,7.371762752532959,7.599730968475342,6.626902103424072,4.845676422119141,6.500458717346191,5.586362361907959,6.653154373168945,6.033959865570068,7.843146800994873,5.703521728515625,7.113465785980225,6.369205823311439,0.7836402360048716,6.052686682084708,6.685724964538169
405,1300,26,8.747200012207031,9.674968719482422,8.12622356414795,9.756689071655273,7.22013521194458,7.459286212921143,7.826913833618164,8.17257308959961,6.2121710777282715,8.02326488494873,8.313604354858398,8.033329963684082,6.87798547744751,7.400403022766113,5.869379043579102,8.3048677444458,7.327095985412598,6.95571231842041,8.38593578338623,7.777943134307861,8.483896255493164,7.377521991729736,8.434845924377441,8.259659767150879,6.358978271484375,8.333115577697754,7.835142319019024,0.9314569813343805,7.4589187022677175,8.211365935770331
406,1300,26,19.070337295532227,19.393047332763672,16.473369598388672,18.663707733154297,20.11382484436035,18.124345779418945,20.714879989624023,17.122201919555664,19.190357208251953,17.96905517578125,16.755414962768555,17.902658462524414,17.90371322631836,18.926498413085938,18.323354721069336,20.439851760864258,17.149600982666016,18.319414138793945,19.07539176940918,16.90771484375,19.24036407470703,14.9872465133667,20.058752059936523,18.673843383789062,21.440719604492188,19.00819969177246,18.53645636485173,1.445526594244186,17.952595537894748,19.120317191808713
413,1300,26,11.701859474182129,10.94668197631836,10.629986763000488,10.61730670928955,9.21999740600586,9.134313583374023,10.36390209197998,9.359662055969238,10.372512817382812,10.52231216430664,10.74606990814209,10.415271759033203,10.557933807373047,12.092041015625,12.482099533081055,10.354230880737305,11.886363983154297,9.68127727508545,10.908804893493652,10.929970741271973,13.133956909179688,10.900798797607422,11.019929885864258,12.0349760055542,11.550901412963867,10.484657287597656,10.847993043752817,0.9735430619862102,10.454770491146164,11.24121559635947
415,1300,26,24.387956619262695,20.961769104003906,21.807458877563477,25.013599395751953,17.389144897460938,26.45415687561035,20.440088272094727,23.855365753173828,19.045425415039062,22.531723022460938,22.733379364013672,21.729660034179688,19.68910789489746,22.950904846191406,26.631471633911133,20.97974395751953,25.472122192382812,20.744911193847656,25.08614158630371,24.206626892089844,22.51835060119629,20.902294158935547,24.656837463378906,24.829147338867188,24.472644805908203,25.514175415039062,22.88477721581092,2.3992002211301453,21.91571927476567,23.85383515685617
419,1300,26,24.630661010742188,26.0258731842041,26.814117431640625,24.592660903930664,21.33234977722168,25.903413772583008,22.93976402282715,26.80274772644043,26.915624618530273,28.49808120727539,24.084226608276367,26.212446212768555,23.834474563598633,20.089191436767578,27.52852439880371,22.905109405517578,23.808420181274414,21.993749618530273,21.442983627319336,24.744094848632812,29.521408081054688,24.44574546813965,24.06496238708496,24.07147216796875,26.55068016052246,26.827192306518555,24.86846058185284,2.2963869649816306,23.940929813670433,25.795991350035248
421,1300,26,19.226041793823242,24.442317962646484,23.314455032348633,17.706510543823242,24.346145629882812,22.001365661621094,25.55476951599121,21.07741355895996,23.339336395263672,22.410737991333008,19.645668029785156,22.44316864013672,20.9307861328125,22.555456161499023,22.017353057861328,21.754499435424805,21.860403060913086,20.239490509033203,24.178041458129883,17.559520721435547,17.846725463867188,19.799039840698242,24.723495483398438,26.231733322143555,20.233983993530273,20.703840255737305,21.774703832773064,2.3707072472550315,20.817154452936876,22.73225321260925
426,1199,23,12.426711082458496,12.577211380004883,14.607295989990234,13.05002498626709,12.46672248840332,15.883373260498047,13.410057067871094,12.349763870239258,14.997679710388184,13.773563385009766,13.487489700317383,13.848508834838867,14.898492813110352,14.015501022338867,11.095138549804688,12.951128959655762,13.848225593566895,14.879664421081543,14.053485870361328,14.81357192993164,14.049294471740723,14.237845420837402,15.037402153015137,,,,13.772093607031781,1.1245295204893735,13.28581057659809,14.258376637465473
429,1300,26,8.27468490600586,8.227800369262695,9.371993064880371,9.870285034179688,8.809185981750488,8.918804168701172,9.679959297180176,9.987528800964355,8.866246223449707,9.74743366241455,7.674514293670654,10.795696258544922,8.147923469543457,7.875058650970459,9.083977699279785,8.693696022033691,7.2982940673828125,9.990401268005371,7.635970592498779,6.482100963592529,7.739581108093262,7.596859931945801,7.998102188110352,9.947504997253418,8.402276039123535,7.4133381843566895,8.635739124738253,1.0603799774034994,8.207442382941435,9.06403586653507
432,1300,26,10.905681610107422,10.778358459472656,8.911407470703125,9.8132905960083,10.53752613067627,8.592480659484863,10.442490577697754,9.266984939575195,10.370622634887695,10.315014839172363,9.216691017150879,11.1025972366333,8.98454475402832,11.347188949584961,9.491077423095703,9.25045108795166,10.719074249267578,9.044490814208984,9.950956344604492,9.803261756896973,11.238612174987793,10.998537063598633,11.736197471618652,10.997693061828613,10.695097923278809,9.897815704345703,10.169544036571796,0.8749936192896174,9.816126465304187,10.522961607839406
443,1300,26,8.266219139099121,6.51837158203125,8.155572891235352,7.943383693695068,10.500739097595215,7.96165132522583,8.463034629821777,9.781135559082031,6.8693952560424805,6.978119850158691,7.868715763092041,7.7467169761657715,10.313169479370117,6.678756237030029,6.974387168884277,8.871149063110352,7.492743968963623,7.858632564544678,10.034737586975098,8.95579719543457,6.800170421600342,7.144837856292725,7.420353412628174,8.435018539428711,8.496358871459961,9.188488960266113,8.142986811124361,1.138438498350192,7.683161550397179,8.602812071851544
446,1300,26,22.806987762451172,22.076904296875,22.469717025756836,24.911531448364258,23.191469192504883,26.35556983947754,22.40154457092285,22.263629913330078,22.158111572265625,22.9273738861084,21.401954650878906,20.549348831176758,23.3183536529541,22.551361083984375,25.57193946838379,22.451618194580078,22.704654693603516,23.155479431152344,25.64728546142578,20.624553680419922,22.65802001953125,20.5750675201416,23.22662353515625,23.887540817260742,21.594928741455078,23.839162826538086,22.896951235257664,1.490155029378348,22.29506459324686,23.498837877268468
453,1300,26,15.665690422058105,13.281402587890625,16.283693313598633,14.571625709533691,13.354018211364746,18.881473541259766,16.62059783935547,16.444711685180664,18.595949172973633,14.820657730102539,16.227951049804688,16.17751121520996,14.481932640075684,14.458172798156738,15.307052612304688,16.098844528198242,18.45746612548828,16.062135696411133,14.463605880737305,16.320241928100586,16.107439041137695,15.799515724182129,16.492300033569336,13.579994201660156,15.047809600830078,15.065225601196289,15.717962265014648,1.4596458026054295,15.128398566382666,16.30752596364663
461,1300,26,13.178011894226074,12.51179027557373,16.78316307067871,13.764527320861816,10.914190292358398,11.543726921081543,11.393746376037598,13.259716987609863,12.603629112243652,10.472012519836426,16.16269302368164,13.717179298400879,14.014291763305664,13.366470336914062,11.001055717468262,13.259867668151855,11.11957836151123,15.003628730773926,12.755570411682129,12.673747062683105,16.49742889404297,11.793697357177734,15.038871765136719,11.215405464172363,15.056878089904785,14.95048999786377,13.232744950514574,1.8105168849932685,12.501461354694973,13.964028546334175
477,1300,26,16.686559677124023,16.064720153808594,17.327966690063477,16.78904914855957,17.20380210876465,14.72878646850586,13.184799194335938,14.080245018005371,16.561748504638672,13.06739330291748,16.127859115600586,14.624350547790527,14.405827522277832,13.860390663146973,14.30795955657959,17.533111572265625,15.067672729492188,16.548988342285156,15.621261596679688,15.244392395019531,16.021652221679688,16.00499153137207,12.605175018310547,14.486649513244629,16.006933212280273,14.792794227600098,15.344426155090332,1.366434660519627,14.792511251517896,15.896341058662768
479,1300,26,18.766979217529297,18.506927490234375,18.044803619384766,18.96432876586914,23.908700942993164,17.823095321655273,21.004180908203125,18.443838119506836,18.887182235717773,14.899683952331543,18.890518188476562,16.593137741088867,14.632484436035156,15.845359802246094,16.034645080566406,17.236356735229492,16.638416290283203,18.512788772583008,18.37624168395996,17.984355926513672,17.760581970214844,17.88058853149414,17.0301570892334,15.82163143157959,17.743680953979492,18.077238082885742,17.857996280376728,1.8666178336278152,17.10405302101772,18.611939539735737
481,1186,23,6.835597038269043,8.13022518157959,8.256616592407227,7.536188125610352,5.171884059906006,8.561561584472656,5.221344947814941,10.864907264709473,7.7194037437438965,6.433313846588135,7.633150577545166,5.328842639923096,7.979092121124268,8.909871101379395,6.5396409034729,7.472014904022217,7.164089679718018,7.989160537719727,6.856842041015625,5.8449201583862305,9.382728576660156,7.051227569580078,6.9510626792907715,,,,7.38407329891039,1.3614097496040483,6.79535557595428,7.9727910218665
488,1300,26,14.322982788085938,15.212481498718262,13.71082592010498,15.085258483886719,14.696356773376465,14.547414779663086,14.837717056274414,18.19680404663086,15.20556354522705,15.067533493041992,12.936387062072754,18.012163162231445,18.845169067382812,14.115851402282715,15.04130744934082,13.92309856414795,12.215417861938477,13.416465759277344,15.028499603271484,13.87453556060791,15.08521842956543,14.474804878234863,17.9870662689209,12.163756370544434,16.384246826171875,15.324590682983398,14.988904512845552,1.716039236700899,14.29578126501303,15.682027760678075
499,1067,21,14.179466247558594,17.24543571472168,18.767963409423828,11.814579963684082,14.898212432861328,17.80628776550293,16.546464920043945,17.210805892944336,14.322118759155273,15.660099029541016,14.64918041229248,18.050952911376953,13.2804536819458,16.581207275390625,17.823442459106445,15.188066482543945,12.92665958404541,16.606361389160156,15.814390182495117,12.786149024963379,17.18794059753418,,,,,,15.683154196966262,1.9550616954403046,14.793220782810753,16.57308761112177
529,1300,26,17.85972023010254,15.030415534973145,18.923032760620117,16.443965911865234,18.081809997558594,17.72435188293457,18.36069679260254,17.008838653564453,19.242761611938477,20.192514419555664,19.85703468322754,17.89520263671875,19.293941497802734,17.444759368896484,16.3853702545166,18.61092758178711,19.49249267578125,20.648643493652344,20.14226722717285,18.53724479675293,19.765825271606445,18.297157287597656,22.5067138671875,18.858165740966797,19.492040634155273,19.313331604003906,18.669585631443905,1.5329539960905239,18.050412112666546,19.288759150221264
535,1300,26,10.640134811401367,9.779939651489258,11.799532890319824,11.124555587768555,9.467916488647461,9.817853927612305,11.046426773071289,9.21792221069336,10.21436882019043,10.557799339294434,8.997925758361816,10.098040580749512,10.336067199707031,11.191248893737793,10.194425582885742,9.818659782409668,10.514122009277344,9.999032020568848,11.208390235900879,11.5188570022583,10.989960670471191,11.405653953552246,9.890091896057129,9.100589752197266,10.043676376342773,10.61233139038086,10.368673984821026,0.7644326289724594,10.059912963970955,10.677435005671096
554,1300,26,11.334942817687988,11.669337272644043,13.229783058166504,12.298210144042969,12.431554794311523,10.526056289672852,11.987686157226562,11.63244342803955,12.277647018432617,11.435381889343262,11.788355827331543,10.95965576171875,11.443438529968262,14.69779109954834,11.267738342285156,11.432974815368652,10.625489234924316,10.951714515686035,10.001091957092285,10.935808181762695,12.057618141174316,10.184648513793945,10.44940185546875,10.663654327392578,13.192782402038574,10.003337860107422,11.518405547508827,1.0881163121311168,11.078905857668506,11.957905237349149
567,1222,24,21.771268844604492,17.840961456298828,21.322328567504883,23.858278274536133,23.60698890686035,20.962604522705078,27.03314971923828,24.036752700805664,26.020212173461914,24.0827693939209,23.287799835205078,20.559022903442383,23.09937858581543,19.480300903320312,27.15673828125,23.844989776611328,26.130619049072266,23.046554565429688,23.75971221923828,20.93353843688965,23.848047256469727,23.93552589416504,23.235103607177734,22.7822322845459,,,23.151453256607056,2.2463506891348137,22.20290255080397,24.100003962410142
575,1300,26,6.52744197845459,7.46032190322876,6.039363861083984,5.974824905395508,7.603451728820801,6.53716516494751,6.814766883850098,6.279538631439209,7.172341823577881,6.283926963806152,6.09540319442749,6.606847763061523,7.819686412811279,6.158699035644531,6.000499725341797,6.199676990509033,8.944836616516113,8.233901023864746,6.857685565948486,9.686169624328613,8.172347068786621,7.299160480499268,7.983750820159912,6.711460113525391,7.306513786315918,8.819546699523926,7.138051106379582,1.0205889240203507,6.7258263188631515,7.550275893896013
585,980,19,27.585651397705078,27.012903213500977,26.246807098388672,25.591421127319336,27.04778480529785,28.391191482543945,27.9139461517334,26.665935516357422,24.87596321105957,27.108104705810547,25.004852294921875,26.650976181030273,26.38375473022461,24.856510162353516,27.12901496887207,27.06626319885254,28.654645919799805,29.679052352905273,27.571300506591797,,,,,,,,26.917688369750977,1.2804722505457404,26.300520500540546,27.534856238961407
590,1034,20,23.270999908447266,21.790672302246094,17.465850830078125,20.912826538085938,21.8381404876709,20.576244354248047,18.559206008911133,18.32164764404297,17.805940628051758,19.433067321777344,21.316579818725586,22.626569747924805,16.117229461669922,19.266252517700195,18.2298641204834,21.129547119140625,19.094940185546875,19.106548309326172,20.029193878173828,20.54802131652832,,,,,,,19.871967124938966,1.8516921827659132,19.00534850714937,20.73858574272856
605,1300,26,10.848875045776367,13.112109184265137,9.07589054107666,13.030492782592773,11.749459266662598,10.670077323913574,11.897068977355957,13.319205284118652,10.210710525512695,11.641765594482422,14.709317207336426,12.757762908935547,10.759644508361816,15.434410095214844,9.796466827392578,13.738269805908203,11.992226600646973,12.448559761047363,11.046063423156738,12.854585647583008,12.682760238647461,13.526480674743652,11.282793045043945,10.771356582641602,13.511019706726074,12.888745307922363,12.144466033348671,1.515309973232594,11.532419089632398,12.756512977064943
606,1300,26,9.951897621154785,11.91175365447998,14.31926155090332,13.945243835449219,13.202006340026855,13.631498336791992,10.838749885559082,10.881993293762207,11.172231674194336,11.190818786621094,13.245332717895508,9.96419906616211,11.989419937133789,11.321371078491211,15.545026779174805,12.204142570495605,12.23391342163086,10.343963623046875,12.816035270690918,15.192100524902344,14.926779747009277,11.063807487487793,13.80449104309082,11.624910354614258,11.217710494995117,13.49312686920166,12.385837921729454,1.6203467046508628,11.731365724053193,13.040310119405715
626,1300,26,21.814716339111328,25.359315872192383,23.13534164428711,20.762298583984375,20.15818977355957,21.64568328857422,23.18389892578125,23.17682456970215,25.654573440551758,26.460002899169922,21.9957332611084,19.664443969726562,22.14396858215332,23.003854751586914,25.081241607666016,25.007320404052734,22.394960403442383,22.518667221069336,23.46758460998535,21.097841262817383,21.802783966064453,25.091341018676758,26.98428726196289,23.609230041503906,23.74789810180664,22.89611053466797,23.148388935969425,1.8836516823570593,22.38756555621352,23.90921231572533
632,1300,26,18.874792098999023,14.688716888427734,18.22121810913086,17.668371200561523,17.358720779418945,17.071504592895508,19.29954719543457,16.46751594543457,22.79715919494629,15.990477561950684,19.664609909057617,21.914749145507812,18.08952522277832,19.23633575439453,19.56174087524414,18.318689346313477,17.993791580200195,17.835678100585938,20.68250274658203,18.387887954711914,24.73168182373047,18.422853469848633,18.152088165283203,14.836766242980957,21.531944274902344,18.914030075073242,18.71972685593825,2.2729930521668584,17.80164509363106,19.637808618245444
633,1300,26,19.344100952148438,16.93737030029297,20.586814880371094,19.2279109954834,20.53142547607422,21.964599609375,21.05675506591797,18.033966064453125,19.11383628845215,17.76784896850586,19.450531005859375,20.611862182617188,22.33433723449707,22.409093856811523,18.282169342041016,15.91710090637207,18.15595817565918,25.78990936279297,20.17218780517578,24.768720626831055,21.08769989013672,27.77944564819336,15.495025634765625,24.329837799072266,18.837011337280273,20.972267150878906,20.421453329233024,2.934696580597992,19.236103727753243,21.606802930712806
634,1300,26,14.67551040649414,18.135770797729492,17.52916145324707,17.70372772216797,19.751556396484375,16.774127960205078,16.88271141052246,16.336854934692383,18.855125427246094,17.21379852294922,18.200519561767578,16.99428367614746,18.417003631591797,15.409613609313965,17.938570022583008,17.28955841064453,17.768848419189453,16.34750747680664,16.324981689453125,18.69815444946289,19.217687606811523,18.980581283569336,16.65735626220703,17.333240509033203,20.409753799438477,14.520779609680176,17.475645578824558,1.4323523548058656,16.897105942334505,18.05418521531461
645,1300,26,9.162240982055664,8.22411060333252,9.293951034545898,8.214882850646973,8.851994514465332,8.865307807922363,7.690070152282715,7.195368766784668,9.490407943725586,7.304887294769287,8.166013717651367,9.78217601776123,7.325446605682373,8.917375564575195,6.950790882110596,8.898167610168457,8.374005317687988,8.649053573608398,7.075510025024414,8.45023250579834,8.191885948181152,9.14072036743164,7.645432472229004,8.52747631072998,7.708253383636475,8.798880577087402,8.342101647303654,0.7872233898310518,8.024135238925702,8.660068055681606
654,1300,26,17.795093536376953,15.571563720703125,18.836450576782227,16.67993927001953,18.81282615661621,17.250839233398438,18.47121238708496,20.87969398498535,18.969690322875977,19.23811912536621,16.093366622924805,18.07649803161621,18.502017974853516,18.110830307006836,18.299102783203125,18.981760025024414,17.98836898803711,18.764616012573242,20.954883575439453,22.118141174316406,20.419435501098633,19.71807098388672,18.023483276367188,19.807472229003906,19.55122947692871,18.854022979736328,18.721874163700985,1.4626717457807368,18.131088260170323,19.312660067231647
679,1300,26,16.32675552368164,17.317167282104492,16.89753532409668,16.749908447265625,17.118257522583008,14.349803924560547,15.12436294555664,15.304351806640625,16.312557220458984,16.22967529296875,14.915520668029785,14.530643463134766,15.472067832946777,16.447221755981445,15.734827041625977,16.39373779296875,15.13350772857666,15.680998802185059,14.71592903137207,13.622845649719238,15.131219863891602,14.433424949645996,15.163655281066895,15.677081108093262,14.350985527038574,16.893953323364258,15.616461350367619,0.9895911580076729,15.216756831499337,16.0161658692359
687,1300,26,6.673220157623291,10.143558502197266,9.025603294372559,6.961522102355957,8.379817962646484,7.599884986877441,8.34302043914795,8.566312789916992,7.666930198669434,8.484219551086426,8.303927421569824,10.042969703674316,8.202524185180664,8.443875312805176,7.6050333976745605,8.568155288696289,8.262321472167969,7.732097625732422,9.217428207397461,8.6257963180542,9.014032363891602,7.804871082305908,7.535726547241211,8.045297622680664,7.572270393371582,7.398597240447998,8.23919285260714,0.8224821996874212,7.906985102726216,8.571400602488064
730,1300,26,16.891887664794922,18.169511795043945,15.973654747009277,15.84234619140625,14.475618362426758,15.59407901763916,18.024169921875,17.153596878051758,15.322603225708008,16.636428833007812,14.823753356933594,15.187230110168457,17.05611228942871,15.714387893676758,15.92872142791748,16.66024398803711,14.566655158996582,15.797794342041016,18.48578643798828,13.493413925170898,18.310964584350586,17.06008529663086,15.146263122558594,14.845431327819824,16.80617904663086,16.31472396850586,16.1646785736084,1.2824656116066806,15.646679502876614,16.68267764434018
743,1300,26,23.969017028808594,19.866741180419922,24.51402473449707,27.677658081054688,19.39920997619629,23.444717407226562,26.233455657958984,22.067975997924805,21.5142765045166,21.237018585205078,22.413211822509766,21.362781524658203,24.786596298217773,21.961383819580078,18.22452735900879,19.883634567260742,20.73482894897461,25.060739517211914,24.071556091308594,21.84910774230957,21.813350677490234,26.22730827331543,22.52576446533203,22.608673095703125,23.71457290649414,23.295730590820312,22.709917802077072,2.2539439893195214,21.79953012276433,23.620305481389813
746,1300,26,10.786667823791504,8.49072265625,12.431473731994629,10.27327823638916,9.758918762207031,7.254166126251221,7.9763970375061035,9.440447807312012,7.635801315307617,9.075783729553223,8.980203628540039,9.416950225830078,9.392595291137695,9.243388175964355,6.922508716583252,7.998870849609375,7.20271110534668,8.751030921936035,8.153264999389648,9.07166576385498,9.211990356445312,8.075971603393555,9.501349449157715,11.039234161376953,9.305251121520996,5.843446254730225,8.89361884043767,1.3909961690300305,8.331783328882443,9.455454351992897
755,1300,26,4.365836143493652,4.32725715637207,3.873042345046997,5.334768295288086,4.554041385650635,4.760519027709961,4.016244411468506,5.000680446624756,4.04814338684082,4.336306095123291,3.478898286819458,3.3856475353240967,4.644832134246826,5.232430458068848,4.934345245361328,4.809438705444336,4.553512096405029,5.04382848739624,4.647215366363525,5.12351655960083,4.611220359802246,5.184405326843262,4.820075988769531,4.057275295257568,4.727042198181152,4.504037380218506,4.5528676968354445,0.5105946096584442,4.346634070818463,4.759101322852426
756,1300,26,17.85879135131836,12.993585586547852,12.240965843200684,14.505565643310547,14.692608833312988,13.013468742370605,14.08126163482666,14.957710266113281,12.925692558288574,16.8798770904541,13.703356742858887,12.490374565124512,11.38975715637207,13.521367073059082,14.62524700164795,12.007119178771973,11.111472129821777,13.06886100769043,16.1077823638916,14.974008560180664,12.106575012207031,13.846158981323242,13.486258506774902,14.065303802490234,14.485023498535156,14.140217781066895,13.818400419675386,1.5839937382649742,13.178611502888538,14.458189336462235
806,1300,26,7.941071033477783,7.686193466186523,9.951461791992188,8.656732559204102,8.457029342651367,9.037827491760254,8.21093463897705,7.862782001495361,8.93384838104248,9.209394454956055,9.191178321838379,11.276042938232422,10.789644241333008,9.411112785339355,10.327229499816895,10.973503112792969,8.578168869018555,9.939080238342285,10.92559814453125,9.608176231384277,10.501895904541016,10.393189430236816,9.976258277893066,9.539918899536133,8.39374828338623,8.803668975830078,9.406757281376766,1.0403678517091992,8.98654361207655,9.826970950676982
810,1045,20,8.680216789245605,10.858179092407227,9.763094902038574,10.769420623779297,11.467090606689453,9.442957878112793,8.991280555725098,9.951163291931152,8.250018119812012,9.533873558044434,10.596902847290039,10.54384994506836,10.492880821228027,8.666411399841309,11.682507514953613,9.251049041748047,11.313652038574219,10.97797966003418,9.527250289916992,8.672209739685059,,,,,,,9.971599435806274,1.0414165600274392,9.484201482629157,10.458997388983391
819,1300,26,15.868523597717285,16.869630813598633,20.687721252441406,16.973461151123047,21.04110336303711,17.239763259887695,18.955677032470703,19.787349700927734,16.156681060791016,18.680442810058594,19.490474700927734,18.016647338867188,19.703369140625,16.532033920288086,15.735431671142578,20.139005661010742,16.401355743408203,18.47306251525879,17.642702102661133,17.72051429748535,17.17856788635254,20.126604080200195,17.376298904418945,19.577926635742188,17.365863800048828,15.889433860778809,18.06267870389498,1.60861600769095,17.412944637260424,18.71241277052954
836,1300,26,19.87930679321289,26.019941329956055,16.919296264648438,18.459644317626953,20.629638671875,18.979747772216797,22.309799194335938,16.724409103393555,18.25049591064453,22.723344802856445,21.54697036743164,18.83908462524414,17.304353713989258,19.67268943786621,15.949530601501465,19.78191566467285,17.560367584228516,19.508895874023438,18.376667022705078,20.49632453918457,16.217159271240234,19.094432830810547,15.771262168884277,17.26331329345703,20.621854782104492,20.002094268798828,19.188559238727276,2.336740950936233,18.244729142878203,20.13238933457635
903,1300,26,22.258363723754883,24.099029541015625,19.950918197631836,23.2694034576416,20.7019100189209,22.074657440185547,22.618127822875977,23.08817481994629,20.102258682250977,22.679475784301758,22.676790237426758,23.654813766479492,23.11870765686035,25.45151710510254,24.59343719482422,22.502168655395508,22.19910430908203,23.017120361328125,21.359521865844727,24.6085147857666,24.573116302490234,24.851924896240234,20.544933319091797,25.403940200805664,24.762142181396484,25.70147705078125,23.071598052978516,1.6632846395615482,22.399782848065584,23.743413257891447
917,1300,26,19.16631507873535,18.541629791259766,16.6411190032959,22.836719512939453,17.867794036865234,19.79863166809082,19.42740249633789,20.391252517700195,21.027692794799805,20.468563079833984,22.333593368530273,21.12189292907715,20.402591705322266,19.913328170776367,22.746780395507812,22.583892822265625,21.84593391418457,21.340627670288086,22.877681732177734,20.80776023864746,21.099260330200195,18.073389053344727,17.67428207397461,23.146310806274414,20.349565505981445,22.076099395751953,20.560004234313965,1.7914800243589006,19.836409792908334,21.283598675719595
919,1300,26,9.927781105041504,13.743636131286621,17.1101131439209,15.501477241516113,15.561429023742676,15.899245262145996,17.018003463745117,11.73989200592041,14.679113388061523,13.774429321289062,13.759143829345703,12.649189949035645,13.5794677734375,12.860567092895508,13.770859718322754,16.065711975097656,16.856388092041016,13.04198932647705,13.033982276916504,19.409915924072266,13.1971435546875,11.38368034362793,14.76120662689209,11.165790557861328,12.70822811126709,15.415183067321777,14.17744493484497,2.1471741674672367,13.310182519867693,15.044707349822248
920,1300,26,17.84791374206543,13.212098121643066,13.991317749023438,14.0834379196167,14.480914115905762,14.34489631652832,16.672080993652344,11.090266227722168,13.751937866210938,15.886251449584961,12.495394706726074,13.217945098876953,14.569656372070312,17.16349220275879,16.230140686035156,14.662904739379883,16.021696090698242,16.32098388671875,14.333627700805664,16.91077423095703,14.100081443786621,12.802224159240723,15.28995418548584,15.848420143127441,13.936708450317383,14.741939544677734,14.769502236292912,1.592150940934951,14.126418554044458,15.412585918541366
922,1300,26,18.12186622619629,16.489295959472656,17.547367095947266,19.073272705078125,14.343948364257812,18.323057174682617,16.793720245361328,16.66913604736328,20.012388229370117,17.57274627685547,17.172748565673828,14.6329345703125,19.06804656982422,14.604044914245605,17.986555099487305,19.07598304748535,16.67225456237793,17.994525909423828,20.545909881591797,15.534064292907715,18.86823844909668,17.773048400878906,15.022193908691406,15.713581085205078,18.53450584411621,17.89429473876953,17.386143390948956,1.6752493642472255,16.709495529150214,18.062791252747697
928,1300,26,20.61287498474121,19.885427474975586,21.32227897644043,19.171873092651367,17.35361671447754,19.82223892211914,20.153474807739258,21.047149658203125,19.048316955566406,21.138580322265625,19.387434005737305,20.13823890686035,18.7138671875,22.143049240112305,17.63982391357422,22.400962829589844,18.13142204284668,19.90939712524414,20.952951431274414,18.79791259765625,17.911128997802734,22.538883209228516,22.916404724121094,19.887475967407227,21.622888565063477,19.894519805908203,20.097776633042557,1.5327476064786447,19.478686476833516,20.716866789251597
931,1300,26,13.21828842163086,11.546016693115234,10.554482460021973,11.10784912109375,10.619826316833496,10.807500839233398,10.536222457885742,11.5315523147583,11.256641387939453,12.369876861572266,11.464186668395996,13.553717613220215,11.973028182983398,9.079227447509766,14.297733306884766,9.806830406188965,14.306672096252441,13.095101356506348,9.648493766784668,9.379887580871582,9.543095588684082,8.966994285583496,9.875592231750488,13.210060119628906,12.410368919372559,10.820657730102539,11.34538092980018,1.5852005759022505,10.705104560742507,11.985657298857854
943,1300,26,16.095218658447266,15.163311004638672,16.91317367553711,17.406728744506836,15.270700454711914,16.205724716186523,18.298133850097656,18.942655563354492,21.043258666992188,18.279422760009766,15.049513816833496,17.043664932250977,18.397232055664062,15.334571838378906,16.63788604736328,12.236045837402344,15.876081466674805,17.453380584716797,16.802032470703125,16.562721252441406,19.893274307250977,15.75141429901123,18.270767211914062,17.661123275756836,16.260272979736328,13.632865905761719,16.78773755293626,1.867440290637025,16.033462096002026,17.542013009870494
952,1300,26,13.462536811828613,15.383014678955078,16.0531005859375,13.036005973815918,13.287930488586426,14.33955192565918,13.101573944091797,12.573540687561035,14.81289291381836,14.260536193847656,14.493331909179688,15.057975769042969,14.610411643981934,15.319323539733887,15.792642593383789,17.370243072509766,13.46545696258545,13.66846752166748,14.502070426940918,14.887731552124023,12.990043640136719,15.690730094909668,12.598865509033203,10.024226188659668,11.253235816955566,15.381380081176758,14.131416174081656,1.570672583211411,13.497007788262943,14.765824559900368
960,1300,26,26.340787887573242,24.809797286987305,25.176483154296875,24.55877113342285,25.317052841186523,22.86832046508789,24.719011306762695,22.671188354492188,22.101720809936523,27.334688186645508,22.995391845703125,25.560163497924805,25.291828155517578,23.349294662475586,25.198684692382812,25.214599609375,23.785930633544922,23.641429901123047,25.899139404296875,25.70266342163086,24.107086181640625,22.14040184020996,22.34921646118164,23.483285903930664,23.66914176940918,24.262340545654297,24.32878538278433,1.3683606454839103,23.776092557049523,24.881478208519134
962,1300,26,17.853023529052734,19.836095809936523,21.15328025817871,19.988407135009766,20.852645874023438,19.684391021728516,20.686397552490234,19.026241302490234,20.0675106048584,18.426664352416992,19.009450912475586,20.56767463684082,21.665435791015625,17.192514419555664,17.642982482910156,18.125267028808594,20.62364387512207,18.569948196411133,18.86424446105957,21.21746826171875,21.774578094482422,18.733829498291016,19.457555770874023,18.908716201782227,20.43116569519043,18.094051361083984,19.55589169722337,1.2939216906979067,19.033265416007517,20.078517978439223
968,1300,26,28.743803024291992,24.805082321166992,23.95905303955078,23.03658676147461,27.46320343017578,27.85443878173828,25.97614860534668,23.921192169189453,26.269691467285156,28.06136703491211,25.960447311401367,26.72760772705078,27.217039108276367,29.683019638061523,24.113609313964844,22.097652435302734,26.917659759521484,28.448993682861328,27.236740112304688,28.34630584716797,27.40611457824707,26.60418701171875,25.741992950439453,26.84286880493164,28.14633560180664,23.465490341186523,26.347947340745193,1.9531238591441962,25.559063541519354,27.136831139971033
971,1300,26,8.708121299743652,11.421370506286621,9.441349983215332,8.52198600769043,13.198676109313965,11.281203269958496,8.666030883789062,9.0901460647583,10.536606788635254,7.973613739013672,11.367752075195312,10.570832252502441,10.897163391113281,9.749502182006836,8.923168182373047,10.120805740356445,11.841241836547852,9.420177459716797,11.140379905700684,11.914094924926758,12.471149444580078,10.348556518554688,10.0480375289917,9.110113143920898,11.110642433166504,8.876214027404785,10.259574449979342,1.3528667763449773,9.71313973342374,10.806009166534944
972,1300,26,23.26568603515625,25.20932388305664,22.526657104492188,27.015247344970703,24.184185028076172,24.526208877563477,27.10687255859375,22.374568939208984,23.013349533081055,25.998672485351562,23.353944778442383,22.144290924072266,21.597558975219727,23.528783798217773,22.91514778137207,26.4895076751709,25.62014389038086,26.540603637695312,24.596660614013672,22.796388626098633,23.998981475830078,21.83428192138672,25.79986572265625,22.841367721557617,26.84109115600586,25.844749450683594,24.306313074552097,1.7579425792176533,23.596264700394322,25.016361448709873
981,1300,26,9.261285781860352,11.976492881774902,11.84568977355957,10.721903800964355,10.214265823364258,10.241838455200195,9.111104011535645,11.680852890014648,9.906972885131836,8.836121559143066,9.29917049407959,9.314916610717773,9.765389442443848,10.713716506958008,9.411149978637695,8.580488204956055,10.72425365447998,8.726052284240723,9.935019493103027,9.359851837158203,9.692866325378418,8.850863456726074,9.659677505493164,9.33076000213623,9.206789016723633,9.689108848571777,9.848330827859732,0.9384559092138971,9.469280282959321,10.227381372760142
982,1300,26,11.905462265014648,14.962939262390137,14.996935844421387,13.615565299987793,15.43194580078125,15.16269588470459,16.729564666748047,11.140543937683105,14.522380828857422,15.016646385192871,15.549497604370117,14.779966354370117,14.860576629638672,13.287590980529785,13.29403018951416,14.878417015075684,11.962567329406738,11.914484024047852,14.36455249786377,14.111845970153809,14.102516174316406,14.865839004516602,14.41067123413086,13.298017501831055,14.31499195098877,17.323680877685547,14.261689442854662,1.4387816735208023,13.68055294833611,14.842825937373213
983,1300,26,8.756555557250977,7.628697395324707,8.69189739227295,8.999509811401367,9.356870651245117,10.411776542663574,8.913262367248535,10.094243049621582,9.212313652038574,9.217529296875,8.57306957244873,8.508337020874023,7.93386697769165,9.304668426513672,8.235376358032227,10.346242904663086,9.732870101928711,9.619033813476562,9.834705352783203,10.016101837158203,8.764513969421387,9.533270835876465,7.358120918273926,8.35957145690918,9.680829048156738,8.679450988769531,9.067795588419987,0.8011223729187156,8.744215259280052,9.391375917559921
985,1300,26,17.860733032226562,16.521644592285156,20.26258659362793,14.623485565185547,18.009174346923828,18.498933792114258,18.30032730102539,17.40869140625,17.0096492767334,16.07771110534668,17.59695053100586,15.08651351928711,19.686235427856445,16.98708724975586,18.968488693237305,15.361515998840332,15.914660453796387,18.301227569580078,16.67527961730957,16.86910057067871,17.28156280517578,17.2130184173584,19.081668853759766,16.979352951049805,17.204410552978516,19.181108474731445,17.421581488389236,1.3951252295383463,16.858078213202027,17.985084763576445
991,1300,26,6.359987258911133,5.996831893920898,5.559468746185303,6.5672197341918945,5.751387119293213,6.618048667907715,7.014804840087891,7.297884941101074,4.387131690979004,5.671814441680908,6.680817127227783,4.664910793304443,5.558808326721191,6.200271129608154,7.213562488555908,5.138267517089844,5.2250823974609375,6.544435024261475,5.437618255615234,7.8029866218566895,5.296542644500732,4.802948951721191,8.105432510375977,6.531983375549316,5.885278701782227,6.6884074211120605,6.115458946961623,0.9477695174217325,5.73264655429457,6.498271339628676
999,1300,26,13.954176902770996,14.708517074584961,18.060626983642578,19.775558471679688,16.671964645385742,14.105627059936523,18.624839782714844,18.112102508544922,14.443544387817383,15.66465950012207,13.736164093017578,16.245311737060547,13.138113021850586,15.384617805480957,15.237451553344727,14.003259658813477,12.691731452941895,13.226150512695312,13.58311653137207,16.15676498413086,12.218636512756348,13.377849578857422,13.549881935119629,14.613097190856934,15.168540000915527,14.48415470123291,15.036017637986403,1.9291139793005725,14.25683163910298,15.815203636869825
