class_id,total_images,num_batches,mean_vendi_score,std_vendi_score,se_vendi_score,ci95_low,ci95_high,min_vendi_score,max_vendi_score
4,1300,26,11.923964206988995,1.1225382217169126,0.22014785758801084,11.470561206980443,12.377367206997546,9.838593482971191,14.678144454956055
7,1300,26,5.148001579137949,0.6045016427966136,0.11855252586995492,4.903838081582494,5.392165076693404,3.898542881011963,6.4621262550354
10,1300,26,6.042726920201228,0.7372029448064475,0.1445773923479285,5.74496420680413,6.3404896335983265,5.045051097869873,8.1331787109375
25,1300,26,4.889549787227924,0.32255136878153806,0.06325752782896636,4.759268469912303,5.019831104543545,4.1864423751831055,5.677999019622803
35,1300,26,13.16895631643442,1.020115694346788,0.2000611473690971,12.756922670519705,13.580989962349134,10.772137641906738,15.701833724975586
39,1300,26,6.560018080931443,0.7738583134192853,0.15176610157234374,6.2474499437421285,6.872586218120758,5.098114967346191,8.184975624084473
49,1300,26,6.98592653641334,0.643106242582638,0.12612351077854642,6.726170303556327,7.245682769270352,5.650262355804443,8.642420768737793
51,1266,25,7.19389253616333,0.6180727620448905,0.12361455240897809,6.938764639250148,7.4490204330765115,6.125303268432617,8.194226264953613
52,1300,26,16.814770478468674,1.4632952786534912,0.2869758146154748,16.22373272456032,17.405808232377026,14.33924674987793,20.161035537719727
64,1300,26,9.885330016796406,0.8430286106574769,0.16533151293305728,9.544823391925744,10.225836641667067,8.032764434814453,12.148369789123535
80,1300,26,6.362540813592764,1.042993377360623,0.20454783014268693,5.941266671531867,6.783814955653661,4.1613383293151855,8.85194206237793
97,1300,26,9.362945043123686,0.9407961780547216,0.18450531039286683,8.982949243181864,9.742940843065508,7.523956775665283,11.237688064575195
106,1300,26,11.857076534858116,1.2570744663522526,0.24653258592189897,11.349333169642,12.364819900074233,9.74268913269043,15.206002235412598
116,1300,26,6.538911250921396,0.8461518736107283,0.16594403519246922,6.197143112843056,6.880679388999736,5.016085624694824,8.984058380126953
118,1300,26,10.20882560656621,1.2858100612315408,0.25216809973052157,9.689475683396662,10.728175529735758,7.924444675445557,12.738313674926758
129,1300,26,6.082598631198589,0.5951351429570558,0.11671560412164844,5.842218344802163,6.322978917595016,5.14107084274292,7.049559116363525
144,1300,26,6.431781842158391,0.6008574864329033,0.11783784800806485,6.189090251212298,6.674473433104484,5.4382500648498535,7.552763938903809
147,1150,23,10.905256395754607,0.7591497615484148,0.15829366771083575,10.576975421469356,11.233537370039858,9.577762603759766,12.862499237060547
150,1300,26,10.756614611699032,1.184868126489377,0.2323717576155176,10.27803601831883,11.235193205079234,8.49956226348877,13.523704528808594
156,1300,26,7.825266544635479,0.5660215460614453,0.11100595801851026,7.596645494511043,8.053887594759916,6.893304824829102,8.906876564025879
159,1300,26,15.375663500565748,0.9722233779535815,0.19066869137524636,14.982973979875409,15.768353021256088,13.768798828125,17.16179847717285
281,1300,26,15.170564284691444,1.1152898945164431,0.21872634367123778,14.720088947397763,15.621039621985126,13.185497283935547,17.745670318603516
300,1300,26,3.910724612382742,0.49010810590690124,0.09611810753035727,3.7127656643062843,4.1086835604592,2.948303699493408,4.6721391677856445
322,1300,26,14.683621223156269,1.6986813008705244,0.33313881155823005,13.997508997333679,15.36973344897886,11.543495178222656,18.074689865112305
330,1300,26,6.0976488040043755,0.70819630359498,0.1388887219801955,5.811602126543528,6.383695481465223,4.709196090698242,7.725949764251709
333,1300,26,7.586261382469764,0.43469592378263183,0.08525088453257237,7.410683899118611,7.761838865820916,6.251813888549805,8.33668041229248
339,1300,26,12.838924994835487,1.076724978187688,0.2111631413289149,12.404026364348095,13.27382362532288,10.440765380859375,14.74002456665039
347,1300,26,6.512342416323149,0.5389122830561249,0.10568939413146229,6.294671034492264,6.730013798154033,5.3680925369262695,7.404709815979004
356,1300,26,14.097490127270039,1.4638909280302572,0.28709263106914357,13.506211785371757,14.68876846916832,11.215787887573242,17.163612365722656
365,1300,26,5.291138905745286,0.46045475443545764,0.09030260684588357,5.105157205532065,5.477120605958507,4.133426666259766,6.0672478675842285
370,1300,26,9.24846628996042,0.8695514103854795,0.17053306190875722,8.89724687444027,9.59968570548057,7.521372318267822,11.025793075561523
389,1300,26,11.281772650205172,1.4304285150218445,0.28053011195753597,10.704010069420427,11.859535230989916,8.505779266357422,14.853165626525879
392,969,19,5.940044854816637,0.7261015040352528,0.16657910941276616,5.590075132407634,6.290014577225641,4.457186222076416,7.006570339202881
394,1300,26,10.924235564011793,1.1317546198463073,0.2219553419690425,10.467109980237009,11.381361147786578,8.259065628051758,12.696913719177246
396,1300,26,3.688651653436514,0.38266112574332084,0.07504602104840674,3.534091479856585,3.843211827016443,3.0889947414398193,4.667233467102051
400,1300,26,6.369205823311439,0.7836402360048716,0.15368449442404986,6.052686682084708,6.685724964538169,4.845676422119141,7.843146800994873
405,1300,26,7.835142319019024,0.9314569813343805,0.18267374322677835,7.4589187022677175,8.211365935770331,5.869379043579102,9.756689071655273
406,1300,26,18.53645636485173,1.445526594244186,0.2834910889026317,17.952595537894748,19.120317191808713,14.9872465133667,21.440719604492188
413,1300,26,10.847993043752817,0.9735430619862102,0.19092750270732908,10.454770491146164,11.24121559635947,9.134313583374023,13.133956909179688
415,1300,26,22.88477721581092,2.3992002211301453,0.4705218747907206,21.91571927476567,23.85383515685617,17.389144897460938,26.631471633911133
419,1300,26,24.86846058185284,2.2963869649816306,0.4503585363539018,23.940929813670433,25.795991350035248,20.089191436767578,29.521408081054688
421,1300,26,21.774703832773064,2.3707072472550315,0.46493394287574,20.817154452936876,22.73225321260925,17.559520721435547,26.231733322143555
426,1199,23,13.772093607031781,1.1245295204893735,0.23448061405472498,13.28581057659809,14.258376637465473,11.095138549804688,15.883373260498047
429,1300,26,8.635739124738253,1.0603799774034994,0.20795762294628925,8.207442382941435,9.06403586653507,6.482100963592529,10.795696258544922
432,1300,26,10.169544036571796,0.8749936192896174,0.17160036688565136,9.816126465304187,10.522961607839406,8.592480659484863,11.736197471618652
443,1300,26,8.142986811124361,1.138438498350192,0.22326615838895758,7.683161550397179,8.602812071851544,6.51837158203125,10.500739097595215
446,1300,26,22.896951235257664,1.490155029378348,0.2922434451184087,22.29506459324686,23.498837877268468,20.549348831176758,26.35556983947754
453,1300,26,15.717962265014648,1.4596458026054295,0.2862600934776495,15.128398566382666,16.30752596364663,13.281402587890625,18.881473541259766
461,1300,26,13.232744950514574,1.8105168849932685,0.35507157408730383,12.501461354694973,13.964028546334175,10.472012519836426,16.78316307067871
477,1300,26,15.344426155090332,1.366434660519627,0.2679798845399658,14.792511251517896,15.896341058662768,12.605175018310547,17.533111572265625
479,1300,26,17.857996280376728,1.8666178336278152,0.3660738753110969,17.10405302101772,18.611939539735737,14.632484436035156,23.908700942993164
481,1186,23,7.38407329891039,1.3614097496040483,0.283873556230277,6.79535557595428,7.9727910218665,5.171884059906006,10.864907264709473
488,1300,26,14.988904512845552,1.716039236700899,0.3365429828472597,14.29578126501303,15.682027760678075,12.163756370544434,18.845169067382812
499,1067,21,15.683154196966262,1.9550616954403046,0.4266294384601856,14.793220782810753,16.57308761112177,11.814579963684082,18.767963409423828
529,1300,26,18.669585631443905,1.5329539960905239,0.3006370130579084,18.050412112666546,19.288759150221264,15.030415534973145,22.5067138671875
535,1300,26,10.368673984821026,0.7644326289724594,0.14991757276760015,10.059912963970955,10.677435005671096,8.997925758361816,11.799532890319824
554,1300,26,11.518405547508827,1.0881163121311168,0.21339716571596856,11.078905857668506,11.957905237349149,10.001091957092285,14.69779109954834
567,1222,24,23.151453256607056,2.2463506891348137,0.45853441431080416,22.20290255080397,24.100003962410142,17.840961456298828,27.15673828125
575,1300,26,7.138051106379582,1.0205889240203507,0.20015395534370894,6.7258263188631515,7.550275893896013,5.974824905395508,9.686169624328613
585,980,19,26.917688369750977,1.2804722505457404,0.29376048105984087,26.300520500540546,27.534856238961407,24.856510162353516,29.679052352905273
590,1034,20,19.871967124938966,1.8516921827659132,0.41405095940695463,19.00534850714937,20.73858574272856,16.117229461669922,23.270999908447266
605,1300,26,12.144466033348671,1.515309973232594,0.29717673548672147,11.532419089632398,12.756512977064943,9.07589054107666,15.434410095214844
606,1300,26,12.385837921729454,1.6203467046508628,0.3177761333000198,11.731365724053193,13.040310119405715,9.951897621154785,15.545026779174805
626,1300,26,23.148388935969425,1.8836516823570593,0.36941448789040476,22.38756555621352,23.90921231572533,19.664443969726562,26.98428726196289
632,1300,26,18.71972685593825,2.2729930521668584,0.44577061258690903,17.80164509363106,19.637808618245444,14.688716888427734,24.73168182373047
633,1300,26,20.421453329233024,2.934696580597992,0.5755413511901224,19.236103727753243,21.606802930712806,15.495025634765625,27.77944564819336
634,1300,26,17.475645578824558,1.4323523548058656,0.28090740798060326,16.897105942334505,18.05418521531461,14.520779609680176,20.409753799438477
645,1300,26,8.342101647303654,0.7872233898310518,0.1543872087040459,8.024135238925702,8.660068055681606,6.950790882110596,9.78217601776123
654,1300,26,18.721874163700985,1.4626717457807368,0.28685352975833855,18.131088260170323,19.312660067231647,15.571563720703125,22.118141174316406
679,1300,26,15.616461350367619,0.9895911580076729,0.19407479327538482,15.216756831499337,16.0161658692359,13.622845649719238,17.317167282104492
687,1300,26,8.23919285260714,0.8224821996874212,0.16130203022264916,7.906985102726216,8.571400602488064,6.673220157623291,10.143558502197266
730,1300,26,16.1646785736084,1.2824656116066806,0.2515121991959296,15.646679502876614,16.68267764434018,13.493413925170898,18.48578643798828
743,1300,26,22.709917802077072,2.2539439893195214,0.44203478400328494,21.79953012276433,23.620305481389813,18.22452735900879,27.677658081054688
746,1300,26,8.89361884043767,1.3909961690300305,0.27279679266218976,8.331783328882443,9.455454351992897,5.843446254730225,12.431473731994629
755,1300,26,4.5528676968354445,0.5105946096584442,0.10013584146860377,4.346634070818463,4.759101322852426,3.3856475353240967,5.334768295288086
756,1300,26,13.818400419675386,1.5839937382649742,0.31064673003161103,13.178611502888538,14.458189336462235,11.111472129821777,17.85879135131836
806,1300,26,9.406757281376766,1.0403678517091992,0.20403292219922353,8.98654361207655,9.826970950676982,7.686193466186523,11.276042938232422
810,1045,20,9.971599435806274,1.0414165600274392,0.23286782211153442,9.484201482629157,10.458997388983391,8.250018119812012,11.682507514953613
819,1300,26,18.06267870389498,1.60861600769095,0.31547555434976443,17.412944637260424,18.71241277052954,15.735431671142578,21.04110336303711
836,1300,26,19.188559238727276,2.336740950936233,0.458272604116739,18.244729142878203,20.13238933457635,15.771262168884277,26.019941329956055
903,1300,26,23.071598052978516,1.6632846395615482,0.32619695514551833,22.399782848065584,23.743413257891447,19.950918197631836,25.70147705078125
917,1300,26,20.560004234313965,1.7914800243589006,0.3513381385545274,19.836409792908334,21.283598675719595,16.6411190032959,23.146310806274414
919,1300,26,14.17744493484497,2.1471741674672367,0.4210954991922224,13.310182519867693,15.044707349822248,9.927781105041504,19.409915924072266
920,1300,26,14.769502236292912,1.592150940934951,0.31224648909278574,14.126418554044458,15.412585918541366,11.090266227722168,17.84791374206543
922,1300,26,17.386143390948956,1.6752493642472255,0.32854343070886577,16.709495529150214,18.062791252747697,14.343948364257812,20.545909881591797
928,1300,26,20.097776633042557,1.5327476064786447,0.300596536724894,19.478686476833516,20.716866789251597,17.35361671447754,22.916404724121094
931,1300,26,11.34538092980018,1.5852005759022505,0.3108834103647729,10.705104560742507,11.985657298857854,8.966994285583496,14.306672096252441
943,1300,26,16.78773755293626,1.867440290637025,0.3662351724010605,16.033462096002026,17.542013009870494,12.236045837402344,21.043258666992188
952,1300,26,14.131416174081656,1.570672583211411,0.3080342365869297,13.497007788262943,14.765824559900368,10.024226188659668,17.370243072509766
960,1300,26,24.32878538278433,1.3683606454839103,0.2683576012674953,23.776092557049523,24.881478208519134,22.101720809936523,27.334688186645508
962,1300,26,19.55589169722337,1.2939216906979067,0.25375892115113824,19.033265416007517,20.078517978439223,17.192514419555664,21.774578094482422
968,1300,26,26.347947340745193,1.9531238591441962,0.38303910270153474,25.559063541519354,27.136831139971033,22.097652435302734,29.683019638061523
971,1300,26,10.259574449979342,1.3528667763449773,0.26531900353363097,9.71313973342374,10.806009166534944,7.973613739013672,13.198676109313965
972,1300,26,24.306313074552097,1.7579425792176533,0.3447609044310171,23.596264700394322,25.016361448709873,21.597558975219727,27.10687255859375
981,1300,26,9.848330827859732,0.9384559092138971,0.18404634591262,9.469280282959321,10.227381372760142,8.580488204956055,11.976492881774902
982,1300,26,14.261689442854662,1.4387816735208023,0.2821683011185483,13.68055294833611,14.842825937373213,11.140543937683105,17.323680877685547
983,1300,26,9.067795588419987,0.8011223729187156,0.1571130235495495,8.744215259280052,9.391375917559921,7.358120918273926,10.411776542663574
985,1300,26,17.421581488389236,1.3951252295383463,0.27360656805083233,16.858078213202027,17.985084763576445,14.623485565185547,20.26258659362793
991,1300,26,6.115458946961623,0.9477695174217325,0.18587289475853197,5.73264655429457,6.498271339628676,4.387131690979004,8.105432510375977
999,1300,26,15.036017637986403,1.9291139793005725,0.37833037786147106,14.25683163910298,15.815203636869825,12.218636512756348,19.775558471679688
MEAN_OF_CLASSES,,,13.190322623528694,5.9086437179895155,0.5908643717989516,12.017919520916754,14.362725726140633,3.688651653436514,26.917688369750977
